new_payee,amount,typical_amount,amount_ratio,hour,off_hours,urgency_language_flag,behavioral_anomaly_flag,velocity_last_hour,is_fraud
0,6288.4,5585.39,1.126,11,0,0,0,0,0
1,7832.15,402.59,19.454,19,0,0,0,2,1
1,143.8,1095.21,0.131,15,0,1,1,1,1
0,6451.03,791.16,8.154,17,0,0,0,0,1
0,630.37,521.35,1.209,11,0,0,0,0,0
0,5508.61,1150.53,4.788,19,0,0,0,0,1
0,1654.11,680.1,2.432,1,1,0,0,0,1
1,1876.96,1497.26,1.254,6,0,0,0,1,1
0,1421.37,1516.95,0.937,8,0,0,0,0,0
1,8740.9,846.24,10.329,17,0,1,0,0,1
0,360.88,1060.54,0.34,8,0,0,0,0,0
1,3984.6,1202.59,3.313,7,0,1,1,0,1
1,7568.34,3068.25,2.467,0,1,1,1,0,1
0,4588.2,1295.19,3.542,4,1,1,0,0,0
0,37127.33,3109.54,11.94,15,0,0,0,1,0
0,909.02,2507.98,0.362,13,0,0,0,0,1
0,6276.05,2475.95,2.535,12,0,0,0,1,0
0,1575.11,5161.91,0.305,10,0,0,0,1,0
0,8986.04,540.53,16.624,19,0,0,0,0,0
0,1790.06,966.94,1.851,22,1,0,0,0,0
0,1091.99,7237.05,0.151,12,0,0,0,0,0
0,9876.31,1174.29,8.41,14,0,0,0,0,0
0,954.29,117.49,8.122,23,1,0,0,0,1
0,288.14,1233.15,0.234,15,0,0,0,0,0
0,923.43,1671.45,0.552,12,0,0,0,1,0
1,4043.0,140.41,28.794,7,0,1,0,0,1
0,11044.09,4917.43,2.246,17,0,0,0,0,0
0,2089.06,778.73,2.683,18,0,0,0,0,0
0,10033.21,1989.64,5.043,14,0,0,0,0,0
0,309.32,1207.87,0.256,9,0,0,0,0,0
0,1016.13,464.28,2.189,22,1,0,0,1,0
0,1242.46,564.84,2.2,3,1,0,1,0,1
0,1557.87,638.06,2.442,5,1,0,0,0,0
1,2016.91,3932.79,0.513,7,0,0,1,0,1
1,4439.0,1296.23,3.425,23,1,1,0,0,1
1,1014.09,925.49,1.096,6,0,1,0,0,1
0,2166.22,638.33,3.394,11,0,0,0,1,0
0,1705.03,4343.93,0.393,17,0,0,0,2,0
0,542.58,5529.1,0.098,17,0,0,0,2,0
0,1559.68,4299.57,0.363,18,0,0,0,0,0
0,1500.03,2305.82,0.651,3,1,0,0,2,0
0,1458.84,1921.47,0.759,0,1,0,0,0,0
0,1884.25,495.54,3.802,4,1,0,0,0,1
1,1994.95,1186.5,1.681,6,0,1,1,0,1
0,1030.72,799.93,1.289,10,0,0,0,0,0
0,9457.18,286.3,33.032,20,0,0,0,0,0
0,395.31,3832.75,0.103,22,1,0,0,0,0
0,708.21,791.36,0.895,20,0,1,0,0,1
0,67100.9,4343.12,15.45,10,0,0,0,0,0
0,469.0,3273.36,0.143,9,0,0,0,1,0
1,311.1,2443.16,0.127,23,1,0,0,0,0
1,4697.66,2569.83,1.828,6,0,1,0,0,1
1,121.48,850.83,0.143,15,0,1,0,1,1
1,1331.61,7879.86,0.169,0,1,0,1,0,1
0,29424.19,1538.88,19.121,0,1,0,0,1,1
1,242.64,1942.51,0.125,11,0,0,0,0,0
0,137.48,825.37,0.167,15,0,0,0,0,0
0,257.51,640.31,0.402,4,1,0,0,1,1
0,5813.09,2274.62,2.556,13,0,0,1,0,0
0,7802.58,1800.4,4.334,17,0,0,0,0,0
0,928.56,727.48,1.276,8,0,1,0,0,1
0,4394.79,405.62,10.835,1,1,0,0,2,0
1,11018.51,472.04,23.342,11,0,0,0,0,1
0,18463.49,4343.87,4.25,9,0,0,0,0,0
0,1312.6,852.41,1.54,1,1,0,0,1,0
0,90.75,1091.14,0.083,14,0,0,0,1,0
0,621.95,5460.56,0.114,3,1,0,0,0,0
1,1038.11,539.19,1.925,18,0,1,0,0,1
0,1291.27,769.47,1.678,21,0,0,0,1,0
1,1416.27,741.08,1.911,3,1,0,1,0,1
1,7743.14,6350.33,1.219,8,0,0,0,0,1
0,9478.27,8902.12,1.065,12,0,0,0,2,0
0,1446.39,2911.45,0.497,9,0,0,0,0,0
1,7540.4,2996.04,2.517,13,0,0,0,0,0
1,2878.31,878.03,3.278,2,1,1,0,0,1
1,1966.2,8540.68,0.23,2,1,1,1,0,1
1,5875.27,1883.57,3.119,19,0,0,0,0,0
0,1986.1,3190.07,0.623,15,0,0,0,0,0
0,26243.0,1346.18,19.494,8,0,0,0,0,0
0,278.68,1163.01,0.24,13,0,0,0,0,0
1,925.45,6612.64,0.14,21,0,0,1,1,0
0,1533.83,2406.07,0.637,15,0,0,0,0,1
0,3201.22,5465.65,0.586,8,0,0,0,0,0
0,9398.91,1862.72,5.046,23,1,0,0,0,0
0,1751.59,689.85,2.539,22,1,1,0,0,1
0,284.6,875.67,0.325,4,1,0,0,0,0
1,5406.02,1624.03,3.329,12,0,0,0,0,1
0,4824.42,842.31,5.728,14,0,0,1,0,1
1,144.83,546.36,0.265,3,1,0,0,0,0
0,1799.12,4364.57,0.412,13,0,0,0,0,0
0,228.79,906.52,0.252,19,0,1,0,0,0
1,762.01,1676.35,0.455,23,1,0,1,0,0
1,559.11,1932.4,0.289,19,0,1,0,0,1
0,5177.33,871.89,5.938,6,0,1,0,1,1
1,2104.6,5462.82,0.385,3,1,1,0,0,1
0,339.93,541.62,0.628,16,0,0,0,1,0
0,5676.48,1873.31,3.03,8,0,0,1,0,0
0,280.35,1847.35,0.152,3,1,0,0,1,0
0,2777.06,1409.75,1.97,2,1,0,0,0,0
0,627.53,460.71,1.362,18,0,0,0,2,0
0,1123.97,3241.32,0.347,8,0,0,0,0,0
0,3482.66,2890.43,1.205,7,0,0,0,1,0
0,3561.31,805.92,4.419,6,0,0,0,1,0
0,10281.07,2798.22,3.674,6,0,0,0,0,0
1,1624.69,2074.38,0.783,3,1,0,0,0,0
0,2692.93,467.52,5.76,18,0,1,0,0,1
0,1023.46,686.4,1.491,11,0,0,0,0,0
1,2290.64,4123.48,0.556,19,0,0,1,0,1
0,3201.36,1955.64,1.637,5,1,0,1,1,1
0,1591.13,890.81,1.786,11,0,0,0,0,0
0,173.32,683.6,0.254,19,0,0,0,0,0
0,2781.96,930.89,2.988,3,1,0,0,0,1
1,2904.25,992.24,2.927,1,1,1,1,2,1
1,746.78,691.34,1.08,14,0,0,1,1,1
0,340.46,308.71,1.103,22,1,0,0,0,0
1,12315.86,4129.91,2.982,5,1,1,1,0,1
1,3425.08,3545.98,0.966,17,0,0,0,0,1
0,1342.37,470.63,2.852,20,0,0,0,0,0
1,412.34,1673.51,0.246,21,0,0,1,0,0
0,621.19,657.2,0.945,4,1,0,0,0,0
1,9831.7,1169.8,8.405,3,1,0,0,0,1
1,2162.37,1085.41,1.992,10,0,0,0,0,1
0,883.81,1007.22,0.877,10,0,0,0,2,0
0,3507.28,8979.08,0.391,8,0,0,0,0,0
0,627.21,995.96,0.63,2,1,1,0,0,1
0,12722.1,715.2,17.788,10,0,0,1,3,1
1,10494.86,745.22,14.083,1,1,0,0,0,1
1,985.8,3787.26,0.26,8,0,0,0,0,0
0,798.49,334.66,2.386,23,1,0,0,0,1
0,60.13,745.19,0.081,9,0,0,0,1,0
0,263.47,5443.3,0.048,10,0,0,0,0,0
0,316.93,1843.81,0.172,2,1,0,0,0,0
0,2155.43,1759.4,1.225,16,0,0,0,0,0
0,1183.1,10086.28,0.117,10,0,0,0,0,0
1,314.53,1847.73,0.17,16,0,1,0,1,1
0,1254.49,782.61,1.603,18,0,0,0,0,0
0,3487.49,1148.41,3.037,3,1,0,0,0,0
1,3591.02,532.78,6.74,1,1,0,1,0,1
0,153.0,4584.07,0.033,23,1,0,0,0,0
1,1530.36,2482.71,0.616,13,0,1,1,0,1
1,299.36,4072.34,0.074,14,0,0,1,0,1
0,5838.61,4410.25,1.324,2,1,0,0,1,0
0,5011.0,1019.65,4.914,19,0,0,0,0,0
0,562.6,632.53,0.889,21,0,0,0,3,0
0,667.9,1412.98,0.473,12,0,0,1,1,0
0,992.62,674.87,1.471,21,0,0,1,0,1
0,96.68,1717.22,0.056,12,0,0,0,1,0
0,2798.28,4100.59,0.682,17,0,0,0,1,1
0,1268.13,1272.42,0.997,21,0,0,0,0,0
0,6381.94,1694.25,3.767,19,0,0,0,0,0
1,433.58,1360.41,0.319,20,0,0,0,1,0
0,808.47,3048.65,0.265,6,0,0,0,1,0
0,255.06,811.59,0.314,22,1,0,0,1,0
0,490.01,205.04,2.39,15,0,0,0,0,0
1,388.94,2261.5,0.172,15,0,1,0,0,1
0,6599.61,3601.3,1.833,21,0,0,0,0,0
0,729.43,2212.19,0.33,5,1,0,0,2,0
1,2124.79,831.97,2.554,5,1,0,1,0,1
0,1102.14,532.98,2.068,3,1,0,0,1,0
1,347.13,2310.1,0.15,2,1,0,0,0,0
0,1452.74,1681.31,0.864,0,1,0,0,1,0
0,3939.6,1321.85,2.98,2,1,0,0,0,0
0,376.12,7632.85,0.049,18,0,0,0,0,0
0,5176.3,631.36,8.199,8,0,0,0,0,0
0,599.06,7313.91,0.082,13,0,0,0,0,0
1,964.99,1523.26,0.634,18,0,0,0,0,1
0,3604.32,283.72,12.704,23,1,0,0,0,0
0,763.21,1259.81,0.606,23,1,0,0,1,0
0,1898.55,3510.61,0.541,18,0,0,0,1,0
0,1200.99,1065.77,1.127,12,0,0,0,0,0
0,2139.18,392.56,5.449,21,0,0,0,0,0
0,81.86,1276.58,0.064,15,0,0,0,0,0
0,167.57,684.4,0.245,7,0,0,0,0,0
0,4026.92,2304.53,1.747,23,1,0,0,1,0
0,6962.79,2969.24,2.345,15,0,0,0,0,0
0,553.56,572.12,0.968,8,0,0,0,0,0
0,1316.54,784.29,1.679,8,0,0,0,0,0
0,2652.17,2924.79,0.907,23,1,0,0,0,0
1,4452.33,683.37,6.515,22,1,1,0,0,1
0,129.54,558.95,0.232,2,1,0,0,0,0
0,571.43,512.44,1.115,6,0,0,0,1,0
0,1173.38,2032.12,0.577,19,0,0,0,0,0
1,4510.13,1955.19,2.307,17,0,0,0,0,1
1,46534.98,799.8,58.183,23,1,0,0,0,1
0,1344.25,1487.09,0.904,1,1,0,0,1,0
0,290.3,5851.3,0.05,0,1,0,0,0,0
1,3050.16,616.06,4.951,11,0,1,0,0,1
0,10069.78,255.55,39.404,15,0,0,0,1,1
0,2080.61,2229.58,0.933,11,0,1,0,0,0
0,556.33,1340.29,0.415,20,0,0,0,1,0
0,6281.68,781.31,8.04,9,0,0,0,2,1
1,4283.86,2662.1,1.609,8,0,0,0,0,0
1,476.32,3150.46,0.151,20,0,0,0,0,0
0,2968.62,202.87,14.633,17,0,0,0,1,1
0,6610.7,822.76,8.035,3,1,0,0,0,0
0,8403.95,11917.52,0.705,7,0,0,0,1,0
1,1658.41,2502.55,0.663,22,1,0,0,0,1
1,1135.12,2720.29,0.417,20,0,1,1,0,1
1,8914.69,4253.96,2.096,3,1,1,1,0,1
1,374.95,1503.22,0.249,15,0,0,1,0,0
0,3197.59,3032.12,1.055,20,0,0,1,0,0
0,304.59,2824.98,0.108,22,1,0,0,0,0
0,7222.74,2404.6,3.004,20,0,0,0,0,0
1,1292.77,1107.86,1.167,7,0,1,0,0,1
0,9406.52,1728.23,5.443,6,0,0,0,0,0
0,3424.93,871.73,3.929,22,1,0,0,0,1
0,368.64,1497.47,0.246,23,1,1,0,0,1
0,11522.03,517.16,22.279,12,0,0,0,1,1
0,13583.61,726.65,18.693,7,0,0,0,0,1
0,5692.89,1148.16,4.958,21,0,0,0,0,0
0,671.78,633.12,1.061,6,0,0,0,0,0
0,1214.61,939.63,1.293,23,1,0,0,0,0
0,2184.31,1277.25,1.71,4,1,0,1,0,0
0,724.28,2126.08,0.341,17,0,0,0,0,0
1,16318.43,3478.41,4.691,22,1,0,0,0,1
0,2181.19,975.15,2.237,18,0,0,0,0,0
0,53.82,4922.61,0.011,9,0,0,0,0,0
1,2810.63,3445.24,0.816,10,0,1,0,0,1
0,1149.86,2330.14,0.493,7,0,0,0,0,0
1,1640.24,1699.83,0.965,5,1,0,1,0,1
0,1119.68,1972.8,0.568,10,0,0,0,1,0
0,5162.42,4308.5,1.198,15,0,0,0,1,0
0,7751.13,4452.5,1.741,3,1,1,0,0,1
0,2612.25,4921.91,0.531,1,1,0,0,0,1
0,1163.16,1536.4,0.757,12,0,0,0,0,0
0,1713.45,2439.31,0.702,6,0,0,0,1,0
1,1854.7,4960.15,0.374,16,0,0,1,1,1
0,637.05,844.42,0.754,22,1,0,0,0,1
1,3837.62,1111.45,3.453,12,0,0,0,2,1
0,3288.07,1501.82,2.189,9,0,0,0,0,0
1,13394.15,3326.38,4.027,12,0,0,0,0,0
0,9246.08,3373.33,2.741,9,0,0,0,1,0
0,741.46,1202.58,0.617,6,0,0,0,1,0
0,5252.12,380.79,13.793,9,0,0,0,0,1
0,525.19,1847.46,0.284,15,0,1,0,2,1
1,4468.07,647.76,6.898,2,1,0,1,0,1
0,923.71,387.24,2.385,3,1,0,0,0,0
0,478.08,474.62,1.007,3,1,0,0,0,0
0,2602.06,1985.73,1.31,3,1,0,0,0,0
0,55.87,5038.85,0.011,15,0,0,0,1,0
1,185.63,1533.04,0.121,8,0,1,1,0,1
1,1435.49,1790.49,0.802,5,1,0,1,0,1
1,2012.58,4292.42,0.469,9,0,1,0,0,1
0,1118.66,368.7,3.034,3,1,0,0,0,1
0,232.0,2364.11,0.098,22,1,0,0,0,0
1,624.37,1464.94,0.426,11,0,1,0,0,1
0,3006.62,2463.78,1.22,9,0,0,0,0,0
1,3851.88,958.02,4.021,11,0,0,0,0,0
1,1770.31,709.0,2.497,18,0,1,0,3,1
1,8134.62,1679.85,4.842,18,0,0,0,0,1
0,3030.9,6530.72,0.464,21,0,0,0,1,1
0,684.24,3212.55,0.213,23,1,0,0,1,0
1,1255.57,937.37,1.339,0,1,1,0,1,0
0,291.86,442.8,0.659,3,1,0,0,0,0
0,1570.92,325.75,4.822,12,0,0,0,1,0
0,7675.06,4839.13,1.586,7,0,0,0,0,0
1,4406.68,626.67,7.032,21,0,0,0,0,1
0,11188.17,1104.38,10.131,13,0,0,0,1,1
0,1219.56,4861.44,0.251,15,0,1,0,1,1
0,10403.83,346.36,30.038,1,1,0,0,0,1
0,1406.28,5670.53,0.248,7,0,0,0,0,1
1,12247.3,1178.18,10.395,12,0,0,0,0,1
0,1757.39,526.51,3.338,0,1,0,0,0,0
0,4534.19,1184.87,3.827,11,0,0,0,1,1
1,12303.59,772.52,15.927,16,0,0,0,0,1
1,1406.06,2201.16,0.639,6,0,0,0,0,0
0,2401.64,826.07,2.907,15,0,0,0,1,0
1,9657.81,264.94,36.453,13,0,0,1,1,1
0,1520.96,1213.78,1.253,9,0,0,0,1,0
0,324.68,436.64,0.744,2,1,0,1,1,0
1,29316.6,1779.14,16.478,11,0,0,0,0,1
1,981.72,508.56,1.93,7,0,0,0,2,1
1,2222.49,954.12,2.329,15,0,0,0,0,1
1,8125.87,1744.68,4.658,23,1,1,0,0,1
0,819.72,1222.66,0.67,0,1,0,0,0,0
0,487.73,1854.53,0.263,16,0,0,0,0,0
1,2514.57,2730.55,0.921,5,1,1,1,0,1
0,175.74,522.1,0.337,0,1,0,0,1,0
1,1243.55,1396.94,0.89,23,1,0,0,0,1
1,2486.3,73.95,33.621,14,0,0,0,0,1
1,1272.91,1849.37,0.688,12,0,0,1,0,1
0,243.11,1129.2,0.215,5,1,0,0,0,0
0,14363.3,610.88,23.512,20,0,0,0,0,0
0,2068.54,1966.77,1.052,12,0,0,0,0,0
0,11620.17,4253.2,2.732,21,0,0,0,0,0
0,1289.43,964.48,1.337,3,1,0,0,1,0
0,575.93,632.49,0.911,0,1,0,0,1,1
0,2565.57,1717.32,1.494,22,1,0,0,1,0
0,1365.77,444.95,3.069,9,0,0,0,0,0
0,391.08,817.01,0.479,3,1,0,1,1,1
0,12218.66,4447.79,2.747,12,0,0,0,0,0
0,805.17,1565.5,0.514,3,1,0,0,0,0
1,165.28,272.73,0.606,15,0,0,0,0,0
0,10164.09,293.74,34.602,8,0,0,0,0,0
0,938.62,1712.79,0.548,3,1,0,0,0,0
0,820.43,3216.83,0.255,19,0,0,1,1,1
1,182.18,345.21,0.528,7,0,0,0,0,0
0,17382.58,2218.84,7.834,3,1,0,0,0,0
0,338.21,4901.56,0.069,8,0,0,0,0,0
0,1950.78,8095.58,0.241,10,0,0,0,0,0
0,5921.86,1994.4,2.969,23,1,0,0,0,0
0,3128.26,2335.83,1.339,4,1,0,0,1,0
0,1673.13,217.05,7.709,8,0,0,0,0,0
0,197.91,9796.47,0.02,7,0,0,1,0,0
1,631.03,881.88,0.716,3,1,1,0,0,1
1,2308.01,638.98,3.612,19,0,0,0,0,0
0,649.81,1176.52,0.552,0,1,0,0,0,0
0,2355.17,5770.45,0.408,19,0,0,1,1,1
1,4386.41,10799.35,0.406,12,0,0,0,0,0
0,6318.61,1657.17,3.813,23,1,0,0,2,1
0,367.22,3634.68,0.101,4,1,0,0,0,0
0,31433.83,1538.99,20.425,21,0,0,1,0,1
0,4903.59,581.72,8.429,19,0,1,0,0,1
1,1804.02,5591.87,0.323,20,0,1,0,1,1
1,7453.19,845.63,8.814,9,0,0,0,0,1
0,39145.08,5895.69,6.64,15,0,0,1,0,1
0,278.57,4763.26,0.058,7,0,0,0,1,0
0,1349.05,2572.5,0.524,11,0,0,0,0,0
0,82.11,7677.72,0.011,2,1,0,0,0,1
0,2322.61,11038.14,0.21,3,1,0,0,0,0
0,2907.39,1264.31,2.3,16,0,1,0,0,1
1,1718.3,714.86,2.404,20,0,0,0,0,0
0,772.09,276.49,2.792,19,0,0,0,0,0
0,125.92,11161.37,0.011,21,0,0,0,1,0
1,2938.32,996.54,2.949,21,0,0,0,0,1
1,11992.84,4111.46,2.917,12,0,0,0,0,0
0,838.55,759.66,1.104,5,1,0,0,0,0
0,3203.75,5910.22,0.542,2,1,0,0,0,0
0,235.43,788.31,0.299,13,0,0,0,0,0
0,3276.0,506.46,6.468,6,0,0,0,0,0
0,1084.21,1227.02,0.884,2,1,0,0,0,1
1,671.06,917.27,0.732,5,1,0,0,0,0
0,672.85,2531.76,0.266,12,0,0,0,0,0
0,1083.88,1413.39,0.767,13,0,0,0,1,0
0,2972.51,2604.33,1.141,14,0,0,0,0,0
0,328.39,1139.2,0.288,15,0,0,0,0,0
1,1078.96,813.55,1.326,0,1,0,0,1,0
1,1713.15,875.5,1.957,14,0,0,1,1,1
0,433.22,9324.91,0.046,23,1,0,0,0,0
0,18688.52,1812.85,10.309,6,0,0,0,1,1
0,596.13,248.29,2.401,8,0,0,0,0,0
0,757.28,926.87,0.817,14,0,0,0,0,0
0,506.84,1615.14,0.314,13,0,0,0,0,0
0,18732.67,7792.05,2.404,18,0,1,0,2,0
0,3709.96,3736.22,0.993,23,1,0,0,0,0
0,535.09,645.78,0.829,17,0,0,0,3,0
0,7616.72,13049.7,0.584,8,0,0,0,0,0
0,2347.04,1439.36,1.631,0,1,0,0,0,0
0,2526.09,4544.61,0.556,11,0,0,0,0,0
0,1155.37,523.48,2.207,9,0,0,1,1,1
0,682.5,171.0,3.991,6,0,1,0,0,0
1,2804.82,416.72,6.731,13,0,1,0,0,1
0,890.15,79.42,11.208,0,1,0,1,0,0
0,19183.05,9905.85,1.937,14,0,0,0,1,1
0,347.21,1795.57,0.193,21,0,0,0,0,0
0,13319.76,644.08,20.68,0,1,0,0,2,1
0,1564.44,2224.67,0.703,12,0,1,0,0,0
0,2667.27,1755.31,1.52,19,0,0,0,2,0
1,5340.66,2588.52,2.063,22,1,1,0,0,1
0,796.86,4396.56,0.181,1,1,0,1,0,1
0,5560.94,1140.33,4.877,2,1,0,0,0,1
0,53.53,670.58,0.08,3,1,0,0,1,0
0,709.11,3118.16,0.227,15,0,0,0,0,0
0,543.87,3047.57,0.178,21,0,0,0,0,0
1,354.41,1620.78,0.219,11,0,1,1,0,1
0,1367.25,10507.02,0.13,3,1,0,0,0,0
1,2985.36,998.21,2.991,21,0,0,0,0,0
1,4507.32,658.61,6.844,11,0,1,0,0,1
0,2472.88,2156.59,1.147,6,0,0,0,0,0
0,760.97,806.38,0.944,19,0,0,0,1,0
0,2921.12,2312.22,1.263,21,0,0,0,0,0
0,2125.09,699.45,3.038,2,1,0,0,0,0
0,6105.06,1032.55,5.913,4,1,0,0,0,0
0,4964.25,8117.33,0.612,11,0,0,0,0,0
0,1881.11,1027.59,1.831,11,0,0,0,0,0
0,563.16,721.28,0.781,19,0,0,0,1,0
1,773.68,4245.48,0.182,22,1,1,0,1,1
0,884.72,574.82,1.539,21,0,0,0,0,0
1,1200.09,793.42,1.513,6,0,0,1,0,1
0,2561.8,2487.18,1.03,21,0,0,0,1,1
0,4581.25,3444.62,1.33,11,0,0,0,1,0
0,1691.8,4440.08,0.381,1,1,0,0,1,0
0,1846.34,755.59,2.444,13,0,0,0,1,0
1,2178.3,2531.1,0.861,22,1,0,0,0,0
1,924.56,973.12,0.95,15,0,1,0,0,1
1,542.94,858.26,0.633,23,1,1,0,0,0
0,184.55,4371.63,0.042,6,0,0,0,0,0
0,732.38,902.71,0.811,3,1,0,0,1,1
1,3344.56,1901.47,1.759,19,0,0,0,0,0
1,725.03,1702.79,0.426,4,1,0,0,0,0
1,1327.23,564.71,2.35,13,0,1,1,0,1
0,3315.49,3531.52,0.939,8,0,0,0,0,0
0,3557.8,2451.0,1.452,4,1,0,0,0,0
1,444.35,247.73,1.794,1,1,1,0,1,1
0,6608.93,1900.13,3.478,4,1,0,0,1,0
1,7828.73,738.28,10.604,2,1,0,1,0,1
1,416.21,3973.36,0.105,9,0,0,1,1,0
0,619.56,403.08,1.537,7,0,0,1,1,0
1,8505.07,1074.03,7.919,9,0,1,0,0,0
1,1493.82,2050.47,0.729,1,1,0,0,1,1
0,100.92,1554.5,0.065,13,0,0,0,1,0
1,293.07,2941.46,0.1,3,1,0,0,1,1
0,1307.43,377.44,3.464,20,0,0,0,0,0
1,398.63,6546.74,0.061,11,0,0,1,0,1
0,1056.32,2374.71,0.445,19,0,0,0,0,0
1,1885.81,5032.87,0.375,13,0,0,0,0,1
0,12099.64,3251.32,3.721,15,0,0,0,0,0
0,1239.43,1464.91,0.846,4,1,0,0,1,1
1,7290.33,466.02,15.644,15,0,1,0,0,1
0,11584.09,891.41,12.995,3,1,0,1,0,1
0,11667.97,6189.48,1.885,2,1,0,0,1,0
1,2618.04,5150.73,0.508,0,1,1,1,1,1
1,140.85,847.56,0.166,3,1,1,0,0,1
0,3291.41,117.16,28.093,8,0,0,1,0,0
0,7065.08,1222.41,5.78,0,1,0,0,0,0
0,1627.19,1142.61,1.424,15,0,0,0,1,0
0,17465.09,1182.29,14.772,22,1,0,0,0,0
0,5529.12,2381.98,2.321,2,1,0,0,0,1
0,3784.83,3257.1,1.162,23,1,0,0,0,1
1,7422.68,3609.3,2.057,5,1,1,0,0,1
1,2788.84,2210.86,1.261,12,0,1,1,0,1
1,70.76,292.75,0.242,16,0,0,1,1,1
0,944.94,1088.9,0.868,14,0,0,0,1,0
0,8572.53,11774.37,0.728,20,0,0,0,1,1
0,632.79,2073.09,0.305,11,0,0,0,0,0
0,1352.2,2061.19,0.656,7,0,0,0,1,0
0,464.85,2045.79,0.227,15,0,0,0,0,0
1,18381.49,2151.33,8.544,2,1,1,1,2,1
0,16089.79,173.33,92.827,3,1,0,0,1,1
0,573.05,1193.24,0.48,6,0,0,0,0,0
0,2189.63,1430.67,1.53,14,0,0,0,0,0
1,746.47,4690.74,0.159,10,0,1,0,0,1
0,4021.57,1545.2,2.603,15,0,0,1,0,1
0,3507.25,336.35,10.427,21,0,0,0,1,1
0,5193.78,2180.0,2.382,13,0,0,0,0,1
1,2783.58,718.06,3.877,22,1,1,1,0,1
0,82127.49,495.17,165.857,12,0,0,1,0,1
1,475.18,698.72,0.68,8,0,0,1,0,1
1,195.63,2412.1,0.081,17,0,1,0,0,1
0,1084.62,4595.74,0.236,2,1,0,0,0,0
0,235.48,2286.18,0.103,19,0,0,0,1,0
1,259.77,2614.48,0.099,21,0,0,0,0,0
0,491.91,2265.93,0.217,4,1,0,0,0,0
0,545.2,1621.64,0.336,21,0,0,0,0,0
1,522.69,2771.76,0.189,23,1,1,0,0,1
1,3546.39,167.86,21.127,1,1,1,0,0,1
1,936.32,1635.95,0.572,21,0,0,1,1,1
1,1431.72,578.0,2.477,20,0,1,1,0,1
0,5781.99,4215.87,1.371,16,0,0,0,1,0
0,667.66,1296.68,0.515,15,0,0,1,0,0
1,1281.89,1522.11,0.842,23,1,1,0,1,1
0,2908.78,382.01,7.614,19,0,0,0,1,0
0,144.89,3696.52,0.039,23,1,0,0,0,0
1,81.42,2603.46,0.031,12,0,0,1,1,1
0,2835.44,2443.66,1.16,19,0,0,0,1,0
0,3427.61,712.14,4.813,10,0,0,0,0,0
0,26462.56,737.84,35.865,7,0,0,0,0,0
0,2220.58,1810.28,1.227,20,0,0,1,0,0
0,5248.31,792.31,6.624,4,1,0,1,0,1
0,1402.32,2189.45,0.64,1,1,0,0,0,0
0,2660.84,211.7,12.569,3,1,0,0,0,1
0,15794.77,954.52,16.547,2,1,0,0,0,0
1,114.3,7458.27,0.015,1,1,1,0,0,1
0,3095.49,2198.51,1.408,2,1,0,0,0,0
1,29035.16,1720.06,16.88,15,0,1,0,0,1
0,2608.8,8837.01,0.295,19,0,0,0,1,1
0,15455.88,180.85,85.462,8,0,0,0,1,1
1,797.93,710.68,1.123,5,1,1,1,0,1
0,1734.26,1031.68,1.681,14,0,0,0,1,0
1,1888.58,3205.16,0.589,4,1,0,0,0,1
0,101.2,3255.47,0.031,8,0,0,1,0,0
1,395.98,678.98,0.583,23,1,1,0,0,1
0,434.44,3634.25,0.12,5,1,0,0,3,1
1,5264.21,1029.69,5.112,2,1,0,0,1,1
0,5618.38,4404.91,1.275,22,1,0,1,0,1
1,2755.21,584.42,4.714,12,0,0,0,0,1
0,5278.16,1324.8,3.984,21,0,0,1,0,1
0,1460.6,952.27,1.534,14,0,0,0,1,0
1,8625.78,3829.26,2.253,10,0,1,1,0,1
0,1828.82,924.73,1.978,15,0,0,0,2,0
0,1949.3,1424.81,1.368,14,0,0,0,0,0
0,1280.15,2335.85,0.548,23,1,0,1,0,1
0,4401.87,2418.09,1.82,5,1,0,1,0,1
0,1045.7,3288.73,0.318,13,0,0,0,0,0
0,6434.06,1790.07,3.594,10,0,0,0,0,0
1,414.97,1015.95,0.408,19,0,1,0,0,1
0,433.29,1080.6,0.401,9,0,0,0,0,0
0,4418.94,1514.9,2.917,15,0,0,0,0,0
1,1611.45,1853.13,0.87,11,0,1,1,0,1
1,1002.19,1296.66,0.773,6,0,0,0,1,0
0,5750.69,1506.11,3.818,6,0,0,0,0,1
0,821.03,377.84,2.173,23,1,0,0,0,1
0,1393.73,2698.95,0.516,17,0,0,0,0,0
0,11147.79,1742.37,6.398,14,0,1,0,1,1
0,13371.56,3647.08,3.666,5,1,1,0,0,1
0,13962.32,1480.51,9.431,18,0,0,0,0,0
0,1252.93,309.65,4.046,7,0,0,0,0,0
0,8954.52,1072.13,8.352,19,0,0,0,0,0
1,526.56,1236.53,0.426,14,0,1,1,1,1
1,556.14,2888.85,0.193,3,1,0,0,1,0
0,85.15,229.7,0.371,17,0,0,0,0,0
0,15910.41,1536.19,10.357,12,0,0,0,1,1
0,588.06,2350.32,0.25,21,0,1,0,0,0
1,1533.81,816.2,1.879,21,0,0,0,0,0
0,553.68,1583.14,0.35,0,1,0,0,1,0
0,4463.62,841.9,5.302,7,0,0,0,1,0
1,1109.51,767.69,1.445,18,0,0,1,2,1
1,331.54,1024.97,0.323,16,0,1,0,1,1
1,3210.43,780.85,4.111,9,0,0,1,0,1
1,280.38,2738.75,0.102,0,1,0,0,2,1
0,608.73,763.98,0.797,0,1,0,0,0,1
0,116.87,656.8,0.178,20,0,0,0,1,0
1,283.97,7267.27,0.039,4,1,0,0,2,0
1,2280.36,3514.55,0.649,0,1,0,0,1,0
0,140.63,277.17,0.507,20,0,0,1,0,0
0,263.62,743.75,0.354,22,1,0,0,0,0
0,1802.48,1841.28,0.979,20,0,0,0,1,0
1,891.86,1981.04,0.45,19,0,0,0,0,1
1,24092.3,387.05,62.246,12,0,0,0,0,1
0,19615.31,4199.45,4.671,8,0,0,0,0,0
0,585.05,3111.01,0.188,15,0,0,0,0,0
0,3730.43,2284.06,1.633,7,0,0,0,0,0
1,4788.95,5019.35,0.954,13,0,1,1,0,1
1,831.54,2224.0,0.374,16,0,1,1,0,1
1,258.73,2216.58,0.117,3,1,1,0,0,1
0,1779.37,6014.4,0.296,6,0,0,0,2,0
0,1444.19,3988.21,0.362,16,0,0,0,0,0
0,1026.09,694.12,1.478,23,1,0,0,0,0
0,3213.17,2617.24,1.228,15,0,0,1,0,1
1,681.33,814.16,0.837,13,0,1,1,0,1
1,404.4,2330.27,0.174,15,0,1,0,1,0
1,2083.51,2273.22,0.917,1,1,0,1,0,1
1,2986.21,426.19,7.007,23,1,0,1,1,1
0,391.65,1326.55,0.295,14,0,0,0,0,0
1,6042.17,1879.44,3.215,10,0,0,0,1,1
1,180.98,999.58,0.181,12,0,1,0,0,1
1,852.74,1964.98,0.434,3,1,1,0,0,1
0,1292.83,3057.36,0.423,23,1,0,0,0,0
0,790.69,1440.1,0.549,0,1,0,0,0,0
0,867.33,1811.91,0.479,14,0,0,0,1,0
1,20586.62,5141.41,4.004,11,0,1,0,0,1
0,598.16,2266.24,0.264,20,0,0,0,0,0
0,43199.67,1773.56,24.358,8,0,0,0,0,0
0,3191.56,624.99,5.107,6,0,0,0,1,0
0,2037.89,2707.89,0.753,2,1,0,0,0,1
0,3358.04,1992.48,1.685,15,0,0,0,0,0
0,48479.97,4700.22,10.314,3,1,0,0,0,0
0,496.87,1544.09,0.322,22,1,0,0,1,0
0,421.35,288.69,1.46,13,0,0,1,0,0
1,677.68,320.5,2.114,21,0,0,0,0,0
0,1885.19,2870.13,0.657,12,0,0,0,0,0
1,191.81,886.1,0.216,19,0,1,0,0,0
0,1861.32,2193.14,0.849,18,0,0,0,0,0
0,16343.92,1640.59,9.962,1,1,0,0,1,1
1,2201.36,1273.91,1.728,9,0,0,0,1,1
0,1235.84,1357.33,0.91,18,0,0,0,2,0
0,809.48,679.36,1.192,14,0,0,0,0,0
0,5814.24,1459.43,3.984,6,0,0,0,1,0
1,617.96,874.77,0.706,14,0,0,0,0,0
0,19936.64,1058.88,18.828,16,0,0,0,0,0
1,22322.89,1106.23,20.179,23,1,0,0,0,1
0,2524.44,1207.1,2.091,15,0,0,0,3,0
0,1781.18,3394.65,0.525,16,0,0,0,0,0
0,6904.01,1317.1,5.242,15,0,0,0,0,0
0,7504.35,3719.45,2.018,17,0,0,0,1,0
0,634.1,5908.04,0.107,16,0,0,1,2,1
0,911.85,3195.34,0.285,3,1,0,1,0,1
0,324.07,2394.72,0.135,1,1,0,0,0,0
1,3077.23,1986.54,1.549,16,0,0,1,0,0
0,4301.06,3225.43,1.333,16,0,0,1,1,1
0,312.65,1604.27,0.195,1,1,0,1,1,0
1,1000.49,3590.74,0.279,21,0,0,0,0,0
0,313.74,2572.66,0.122,1,1,1,0,1,1
0,562.03,1070.78,0.525,14,0,0,0,0,0
1,3700.87,3315.18,1.116,15,0,0,0,1,0
1,696.78,1607.33,0.434,10,0,1,1,0,0
0,1222.83,1345.45,0.909,1,1,0,0,0,0
1,218.0,964.32,0.226,7,0,0,0,0,0
0,2305.58,1718.86,1.341,20,0,0,0,0,0
0,1706.92,3629.38,0.47,23,1,0,0,0,0
0,700.89,3294.62,0.213,11,0,0,0,0,0
1,1414.15,2034.6,0.695,13,0,0,1,0,1
0,2285.6,2539.39,0.9,13,0,0,0,0,0
0,626.83,4649.56,0.135,23,1,0,0,1,0
0,265.3,1293.4,0.205,11,0,0,0,0,0
0,18906.23,542.46,34.853,1,1,0,0,0,0
0,793.73,4774.37,0.166,13,0,0,0,0,0
0,1594.33,918.92,1.735,22,1,0,0,0,0
0,6728.39,795.28,8.46,11,0,0,1,1,1
0,177685.74,293.95,604.476,23,1,0,0,0,1
0,358.59,2475.39,0.145,8,0,0,0,0,0
0,3244.69,344.02,9.432,7,0,0,0,0,0
0,720.67,753.53,0.956,19,0,0,0,0,0
0,897.46,2513.45,0.357,15,0,0,0,1,1
1,708.91,2834.81,0.25,9,0,1,0,0,1
0,418.49,823.42,0.508,6,0,0,0,0,0
0,1713.55,1311.94,1.306,14,0,0,0,0,0
0,265.91,674.97,0.394,8,0,0,0,0,0
0,6190.99,903.65,6.851,3,1,0,0,0,0
0,1942.06,1881.07,1.032,22,1,0,0,0,1
0,3131.18,942.48,3.322,5,1,0,0,0,0
0,986.29,1188.21,0.83,11,0,0,0,0,0
0,1121.74,396.14,2.832,14,0,0,0,0,0
0,2627.62,4103.77,0.64,18,0,0,0,0,0
0,398.11,2342.7,0.17,21,0,0,0,0,0
0,1135.25,3021.82,0.376,23,1,0,0,1,0
0,591.41,4728.59,0.125,1,1,0,1,0,0
0,568.08,704.37,0.807,18,0,0,0,0,0
0,116.42,1072.18,0.109,23,1,0,0,0,0
0,10312.63,268.98,38.34,19,0,0,0,1,0
0,740.63,24993.74,0.03,19,0,0,1,0,0
1,8204.1,1293.84,6.341,1,1,0,1,1,1
0,7254.88,3770.09,1.924,14,0,0,0,1,0
0,339.75,485.73,0.699,11,0,0,0,0,0
1,439.25,3629.13,0.121,0,1,0,0,0,1
1,50445.75,7878.02,6.403,22,1,0,0,0,0
0,17609.67,1402.13,12.559,13,0,0,0,1,1
0,1735.46,595.98,2.912,3,1,0,0,0,1
1,2526.49,1306.47,1.934,21,0,0,1,0,1
1,796.24,199.52,3.991,23,1,0,0,0,1
0,3171.81,1430.68,2.217,10,0,0,1,2,1
0,711.71,3099.11,0.23,6,0,0,0,1,0
0,128.76,1433.42,0.09,12,0,0,1,1,0
0,324.4,1146.28,0.283,13,0,0,0,1,0
0,1858.31,2379.89,0.781,6,0,0,0,1,0
0,415.55,2549.42,0.163,21,0,0,0,0,0
0,1656.63,332.32,4.985,10,0,0,0,1,0
1,447.17,1603.49,0.279,19,0,0,1,1,1
0,653.89,13258.4,0.049,19,0,0,0,1,0
0,5481.39,445.18,12.313,10,0,0,0,0,0
1,2494.2,1370.76,1.82,20,0,0,0,0,1
1,1785.47,8497.88,0.21,8,0,1,0,1,1
0,5668.35,3998.83,1.418,3,1,0,0,1,0
0,3377.16,932.57,3.621,1,1,0,0,3,0
0,11855.32,1782.05,6.653,1,1,0,1,1,1
0,994.44,1477.49,0.673,8,0,0,0,0,0
0,1034.29,755.01,1.37,18,0,0,0,0,0
0,333.14,1384.61,0.241,14,0,0,0,0,0
0,1035.17,1150.59,0.9,20,0,0,0,0,0
0,6337.25,1638.4,3.868,20,0,0,0,1,0
0,9798.49,754.8,12.982,17,0,0,0,0,0
0,6300.58,469.21,13.428,15,0,0,0,0,0
0,175.48,1426.31,0.123,1,1,0,0,0,0
0,7391.52,6929.94,1.067,11,0,0,0,0,0
0,165.66,1593.97,0.104,0,1,1,0,0,1
1,5811.26,1098.35,5.291,1,1,0,1,0,1
0,1120.89,2918.07,0.384,13,0,0,0,0,0
0,4506.58,1283.71,3.511,6,0,0,0,0,0
1,319.84,7952.4,0.04,16,0,0,1,0,0
0,8287.62,1475.1,5.618,14,0,0,0,0,0
0,269.22,2780.67,0.097,16,0,0,0,0,0
0,758.25,750.59,1.01,8,0,0,0,0,0
0,493.97,2328.04,0.212,12,0,0,0,0,0
1,184.83,1896.16,0.097,1,1,0,1,0,0
0,2044.45,1406.9,1.453,14,0,0,0,2,0
0,18918.88,942.39,20.075,19,0,0,0,1,0
0,57929.2,833.62,69.491,10,0,0,0,0,0
0,2051.45,1908.58,1.075,18,0,0,0,0,0
0,7720.9,2607.23,2.961,13,0,0,0,1,1
0,2444.81,1320.22,1.852,3,1,0,0,0,0
0,3458.35,1917.05,1.804,10,0,0,0,0,0
1,1158.88,1430.64,0.81,15,0,0,1,1,1
0,2329.95,1617.56,1.44,22,1,0,0,1,0
0,3636.3,1235.96,2.942,1,1,0,0,0,0
0,852.35,1504.44,0.567,1,1,0,0,0,1
0,1634.77,16784.92,0.097,8,0,0,0,0,0
0,1675.79,1959.55,0.855,21,0,0,0,0,0
0,5293.97,2645.9,2.001,22,1,0,0,1,0
0,452.22,2195.62,0.206,20,0,0,0,0,0
0,1690.86,1168.49,1.447,20,0,1,1,0,1
0,21711.71,4743.78,4.577,3,1,0,0,0,0
1,8211.4,1139.05,7.209,7,0,0,0,1,1
0,10445.56,3825.9,2.73,22,1,0,0,0,0
0,1866.39,1095.77,1.703,17,0,0,0,1,0
0,2744.34,623.92,4.399,14,0,0,0,3,1
1,6653.56,2056.7,3.235,1,1,1,0,1,1
0,13743.65,547.74,25.092,21,0,0,0,0,0
0,143.01,2397.25,0.06,10,0,0,0,1,0
1,326.99,505.35,0.647,16,0,0,0,0,1
1,9919.69,1110.86,8.93,6,0,0,0,1,1
1,1261.48,408.07,3.091,7,0,0,0,0,1
0,755.03,18802.6,0.04,9,0,0,0,0,0
0,354.1,334.1,1.06,23,1,0,0,0,0
0,878.73,1493.43,0.588,2,1,0,0,0,0
1,292.05,4142.16,0.071,12,0,0,0,0,0
0,27403.4,3762.16,7.284,22,1,0,0,0,0
0,1756.07,3185.0,0.551,16,0,0,0,1,0
0,1676.84,1112.64,1.507,12,0,0,0,1,1
1,3883.53,4993.94,0.778,18,0,1,1,0,1
0,6317.31,3367.92,1.876,21,0,1,0,1,0
0,6183.59,1791.97,3.451,8,0,0,0,4,0
0,7300.58,1838.16,3.972,20,0,0,0,0,0
0,796.24,1126.05,0.707,15,0,0,0,0,0
0,1227.55,652.83,1.88,4,1,0,0,1,0
0,4913.5,4507.22,1.09,8,0,0,0,1,0
0,910.86,4822.21,0.189,8,0,0,0,1,0
0,1796.08,668.01,2.689,5,1,0,0,0,0
0,3036.29,1288.96,2.356,20,0,0,0,1,0
0,5017.77,1301.04,3.857,9,0,0,0,0,0
0,179.29,1437.43,0.125,17,0,0,1,1,0
0,4578.7,1568.48,2.919,10,0,0,0,0,0
0,1334.3,3470.92,0.384,23,1,1,1,1,1
0,4535.52,755.59,6.003,23,1,0,0,0,0
0,4964.22,691.1,7.183,14,0,0,0,1,0
0,14622.1,4505.07,3.246,6,0,0,0,0,1
1,10503.77,976.15,10.76,13,0,1,0,0,1
0,10410.22,474.98,21.917,7,0,0,0,0,1
1,11810.82,956.6,12.347,18,0,0,0,0,0
0,2640.68,1099.88,2.401,14,0,0,1,1,1
0,1885.3,5999.71,0.314,18,0,0,0,1,0
1,5623.23,3402.76,1.653,17,0,0,1,0,0
0,4683.05,4157.91,1.126,16,0,0,0,0,0
0,1209.8,3096.34,0.391,2,1,0,0,0,0
0,3060.31,3468.99,0.882,2,1,0,0,1,1
0,1727.4,796.9,2.168,6,0,0,0,1,0
1,595.79,1238.01,0.481,9,0,0,0,0,1
1,9677.89,607.33,15.935,16,0,1,1,0,1
1,1942.55,1224.83,1.586,14,0,1,0,0,1
0,25934.28,2739.95,9.465,7,0,0,0,1,0
1,218.52,1670.91,0.131,16,0,0,0,0,0
1,876.72,4819.05,0.182,2,1,1,1,0,1
0,1886.41,529.92,3.56,3,1,0,0,0,0
0,7931.48,2322.07,3.416,7,0,0,0,2,0
1,3039.08,481.32,6.314,12,0,1,0,1,1
0,2707.05,1611.24,1.68,0,1,0,0,0,0
1,417.61,2882.17,0.145,17,0,0,1,1,1
0,401.81,1220.42,0.329,10,0,0,0,0,0
1,2749.72,2430.89,1.131,20,0,1,1,0,1
0,306.94,624.06,0.492,5,1,0,1,0,0
0,905.56,331.19,2.734,15,0,0,0,0,0
0,3467.51,2443.84,1.419,20,0,0,0,1,0
1,504.2,7112.5,0.071,18,0,1,1,1,1
0,14573.54,603.99,24.129,22,1,0,0,0,0
0,8876.1,4446.95,1.996,16,0,0,0,0,0
0,234.43,1539.3,0.152,17,0,0,0,1,0
1,538.03,444.91,1.209,10,0,1,1,0,1
0,92.62,534.67,0.173,13,0,0,0,1,0
1,653.69,1501.48,0.435,11,0,0,1,0,1
0,4896.64,1028.63,4.76,19,0,0,1,0,1
0,1055.68,454.13,2.325,23,1,0,0,1,1
0,3291.3,322.26,10.213,6,0,0,1,1,1
0,249.88,690.87,0.362,16,0,0,0,0,0
1,5101.9,1762.39,2.895,4,1,0,0,0,1
0,878.62,1471.8,0.597,21,0,0,0,0,0
0,1836.87,942.83,1.948,13,0,0,0,0,0
1,1602.41,1775.25,0.903,23,1,1,0,0,1
0,346.19,3774.5,0.092,12,0,0,0,0,0
0,403.83,2110.57,0.191,23,1,0,0,0,0
1,6362.22,1327.19,4.794,11,0,0,0,0,0
0,3037.2,3412.72,0.89,13,0,0,0,0,0
0,7080.24,623.99,11.347,8,0,0,0,0,1
1,2757.43,1209.03,2.281,3,1,0,1,2,1
0,2177.4,1235.24,1.763,21,0,0,0,2,0
0,191.75,486.26,0.394,18,0,0,0,0,0
0,1272.23,1014.46,1.254,0,1,0,0,1,1
1,1744.81,228.73,7.628,12,0,0,0,0,1
0,22903.37,8274.72,2.768,5,1,0,0,0,0
0,4416.24,636.72,6.936,0,1,0,0,0,1
1,13318.1,6170.3,2.158,21,0,0,0,0,0
1,3931.59,1531.92,2.566,16,0,0,0,1,1
0,717.16,2461.13,0.291,2,1,0,0,0,0
0,2105.4,953.44,2.208,16,0,0,0,0,0
0,2457.97,1784.93,1.377,1,1,0,0,2,1
1,533.31,2658.3,0.201,21,0,0,0,1,0
0,1096.96,2692.15,0.407,6,0,0,0,1,0
0,1383.68,2972.91,0.465,0,1,1,1,2,1
1,14578.54,1062.63,13.719,20,0,0,0,0,1
1,120.91,960.71,0.126,21,0,0,0,1,0
0,8669.48,352.57,24.589,14,0,0,0,0,0
1,534.95,2370.6,0.226,3,1,1,0,1,1
0,303.78,3921.15,0.077,5,1,0,0,0,1
1,8382.7,6338.41,1.323,20,0,0,0,0,0
0,4681.94,1948.19,2.403,12,0,0,0,1,1
0,9236.09,742.61,12.437,22,1,0,0,0,1
1,5120.01,321.38,15.931,12,0,1,0,2,1
0,26312.48,3780.08,6.961,19,0,0,0,0,0
0,3738.13,293.93,12.718,0,1,0,0,1,1
1,1475.25,1089.48,1.354,1,1,0,1,0,1
1,2823.7,1209.7,2.334,5,1,0,0,0,1
0,9104.37,1390.6,6.547,10,0,1,0,3,1
0,656.43,1528.78,0.429,17,0,0,0,1,0
0,774.75,1676.28,0.462,12,0,0,0,0,0
0,1209.97,168.37,7.186,20,0,0,0,1,0
0,117.22,1499.95,0.078,11,0,1,0,0,1
0,2163.54,199.02,10.871,19,0,0,0,0,0
1,155.72,2861.2,0.054,6,0,0,0,1,0
0,1937.16,898.2,2.157,19,0,0,0,1,0
0,5568.48,212.44,26.212,6,0,0,0,0,0
0,972.69,711.39,1.367,23,1,0,1,0,1
1,15998.51,886.19,18.053,6,0,1,0,0,1
0,270.79,4322.67,0.063,1,1,0,0,1,0
0,8506.95,1766.89,4.815,10,0,1,0,0,1
0,4348.9,2018.28,2.155,0,1,0,0,1,0
0,194.25,4285.96,0.045,20,0,0,0,0,0
0,61330.5,1357.6,45.176,12,0,0,0,0,1
1,1664.25,2918.34,0.57,11,0,1,0,0,0
1,577.82,2739.35,0.211,12,0,1,1,0,1
0,290.26,465.07,0.624,6,0,0,0,0,0
0,1358.28,5572.98,0.244,11,0,0,0,1,0
1,1532.06,412.29,3.716,16,0,0,0,1,1
1,2066.14,3380.0,0.611,7,0,1,0,1,1
0,1227.66,377.9,3.249,2,1,0,0,0,0
0,4118.29,2543.03,1.619,6,0,0,1,2,1
0,1092.34,7908.74,0.138,18,0,0,0,0,0
0,146.14,1222.09,0.12,19,0,0,0,0,0
1,1488.96,1175.3,1.267,7,0,1,1,0,1
1,83.29,2564.19,0.032,13,0,0,1,1,1
1,2863.79,1100.53,2.602,13,0,0,0,1,1
0,506.19,7604.16,0.067,1,1,0,0,1,0
0,2235.83,1759.83,1.27,5,1,0,0,0,0
1,9979.59,1109.7,8.993,15,0,1,0,0,1
1,526.7,910.27,0.579,8,0,0,0,0,1
0,7184.15,639.28,11.238,20,0,0,0,1,0
1,1029.26,841.36,1.223,14,0,1,0,0,1
1,17661.69,1079.65,16.359,18,0,0,0,0,1
0,1124.73,954.44,1.178,14,0,0,0,0,0
0,606.29,818.64,0.741,21,0,0,0,1,0
0,4417.86,9788.44,0.451,11,0,0,0,0,0
0,1026.05,585.76,1.752,8,0,0,0,0,0
0,605.54,1689.13,0.358,15,0,0,0,0,0
1,971.47,2523.16,0.385,5,1,0,1,1,1
0,1706.18,2609.98,0.654,19,0,0,0,0,0
0,10350.96,1404.24,7.371,14,0,0,0,1,1
0,146.3,1191.98,0.123,12,0,0,0,0,0
0,1863.11,2222.51,0.838,20,0,0,0,1,0
1,4073.98,1881.58,2.165,22,1,0,0,0,1
0,2325.02,1172.55,1.983,9,0,0,0,0,0
0,9925.13,362.97,27.344,13,0,0,0,0,0
1,1641.48,971.53,1.69,2,1,1,1,1,1
0,1422.37,527.48,2.697,11,0,0,0,0,0
0,3905.06,812.05,4.809,0,1,0,0,1,0
0,2057.21,1525.23,1.349,23,1,0,0,0,0
0,1088.41,2044.41,0.532,20,0,0,0,0,0
0,3536.83,7349.65,0.481,15,0,0,0,0,0
0,774.11,912.63,0.848,9,0,0,0,2,0
0,816.86,2972.51,0.275,8,0,0,0,0,1
1,910.15,1949.57,0.467,17,0,1,1,2,1
0,10498.52,4752.37,2.209,0,1,1,0,1,1
0,50.0,2486.44,0.02,9,0,0,1,0,0
0,3023.83,597.27,5.063,6,0,0,0,0,1
0,1890.42,313.96,6.021,9,0,0,0,1,1
0,203.34,1958.89,0.104,11,0,0,0,0,0
0,2704.43,920.02,2.94,10,0,0,0,1,1
1,3355.91,612.6,5.478,8,0,1,0,0,1
0,3891.43,473.04,8.226,4,1,0,0,0,0
0,57.55,1711.08,0.034,3,1,0,0,0,0
0,10681.9,5749.9,1.858,19,0,0,0,1,0
1,692.94,1024.74,0.676,12,0,0,1,0,1
0,4414.01,2518.06,1.753,7,0,0,0,0,0
0,4738.12,1350.14,3.509,15,0,0,0,1,0
0,578.42,463.85,1.247,0,1,0,0,2,0
1,4266.71,2867.89,1.488,16,0,0,0,0,1
0,1095.38,552.68,1.982,14,0,0,0,0,0
1,122.39,1509.39,0.081,23,1,0,0,1,0
0,8250.79,1088.58,7.579,14,0,0,1,0,1
0,660.13,3306.91,0.2,17,0,0,0,1,0
0,595.36,571.16,1.042,5,1,0,0,0,0
0,1070.64,2104.39,0.509,1,1,1,0,0,0
0,2575.78,695.19,3.705,4,1,0,0,1,1
0,1678.32,934.49,1.796,18,0,0,0,0,0
1,3686.7,56.17,65.635,6,0,0,0,0,0
0,316.92,9729.22,0.033,8,0,0,0,2,0
0,688.76,2429.65,0.283,1,1,0,0,0,1
0,1554.96,742.03,2.096,6,0,0,0,0,0
0,21316.86,537.97,39.625,23,1,0,0,1,0
0,1559.38,947.58,1.646,13,0,0,0,1,0
0,7411.51,2821.97,2.626,23,1,0,1,0,0
0,1900.97,269.65,7.05,22,1,0,0,1,0
1,964.15,1303.19,0.74,14,0,0,0,1,0
1,1311.93,7285.04,0.18,11,0,1,0,0,1
0,1452.52,533.49,2.723,19,0,1,0,2,1
0,3962.93,1591.36,2.49,3,1,0,0,0,1
0,10796.69,10753.42,1.004,12,0,0,0,1,0
0,2885.88,2614.78,1.104,8,0,0,0,0,0
0,8460.82,1657.94,5.103,11,0,0,0,0,0
0,515.83,2335.48,0.221,9,0,0,0,0,0
1,1054.67,1031.97,1.022,8,0,1,0,1,1
0,705.15,4767.93,0.148,20,0,0,0,0,0
0,2721.06,1033.39,2.633,22,1,0,0,0,0
0,1133.83,253.85,4.467,6,0,0,0,0,0
0,4669.02,1040.89,4.486,11,0,0,0,0,0
0,538.99,620.14,0.869,15,0,0,1,1,0
0,1912.07,1149.32,1.664,14,0,0,0,1,0
0,4415.67,1172.42,3.766,6,0,0,0,0,0
1,123.36,4348.91,0.028,7,0,0,0,1,0
0,28513.15,2767.68,10.302,6,0,0,0,0,0
0,1251.26,1876.08,0.667,10,0,0,0,1,0
0,129.99,1476.38,0.088,3,1,0,0,0,0
0,2220.58,570.79,3.89,17,0,0,0,2,1
0,1888.38,207.88,9.084,18,0,0,0,0,0
1,1625.45,1639.0,0.992,6,0,1,0,1,1
1,6558.7,3026.55,2.167,12,0,0,1,0,0
1,4777.53,1342.78,3.558,8,0,1,0,0,1
0,2663.08,914.73,2.911,17,0,0,0,0,0
0,3246.08,2248.57,1.444,6,0,0,0,0,0
0,1578.66,1373.34,1.15,19,0,0,1,1,1
0,18181.1,6749.14,2.694,15,0,0,0,0,0
1,264.29,4489.32,0.059,22,1,1,0,0,1
0,2167.97,3510.65,0.618,4,1,0,0,0,1
0,1967.53,2927.67,0.672,6,0,0,0,1,0
0,5204.43,463.52,11.228,5,1,0,0,0,0
0,603.65,2688.38,0.225,1,1,0,0,1,0
0,187.4,2077.03,0.09,6,0,0,0,0,0
0,2216.91,2554.94,0.868,20,0,0,0,0,0
0,2606.07,2306.18,1.13,8,0,0,0,0,0
1,12537.5,2224.94,5.635,12,0,0,0,1,1
1,346.72,16827.67,0.021,16,0,1,0,0,0
0,8112.02,1382.2,5.869,16,0,0,1,0,1
0,39247.33,3438.2,11.415,14,0,1,0,2,1
0,1106.44,968.85,1.142,17,0,0,0,1,0
0,337.57,3015.67,0.112,23,1,0,0,2,0
0,1065.22,3447.44,0.309,14,0,0,0,0,0
0,1841.26,2054.9,0.896,10,0,0,0,2,0
0,3762.82,6649.67,0.566,11,0,0,0,0,0
0,838.14,667.91,1.255,22,1,0,0,0,0
0,13653.59,954.8,14.3,16,0,1,1,1,1
0,424.58,1792.1,0.237,11,0,0,1,1,1
1,188.49,3270.59,0.058,6,0,1,0,0,1
1,7621.46,1739.73,4.381,23,1,0,0,0,0
0,93.97,4708.78,0.02,6,0,0,0,1,0
1,1386.63,816.05,1.699,20,0,0,0,0,0
0,104087.32,530.32,196.273,22,1,0,0,0,1
1,1779.96,1953.38,0.911,9,0,1,1,1,1
1,421.16,1380.96,0.305,15,0,1,0,0,0
0,1678.04,2412.88,0.695,10,0,1,0,0,1
0,1692.49,1444.24,1.172,15,0,0,0,1,0
0,2227.97,1090.05,2.044,1,1,0,1,1,1
0,4276.72,1383.76,3.091,1,1,0,0,1,0
0,468.32,1519.24,0.308,17,0,0,0,1,0
0,16216.95,1124.98,14.415,4,1,0,0,0,0
0,2486.54,1232.97,2.017,13,0,0,0,3,0
1,4650.98,1029.44,4.518,7,0,0,0,0,1
1,799.04,3200.3,0.25,5,1,0,0,0,0
0,9626.71,1762.73,5.461,8,0,0,0,0,0
0,1294.44,11283.28,0.115,5,1,1,0,0,1
0,2593.64,1710.66,1.516,20,0,0,0,0,0
0,537.52,901.65,0.596,16,0,0,0,0,0
1,494.72,16376.58,0.03,7,0,0,0,0,1
0,4423.41,2147.94,2.059,2,1,0,1,0,1
0,1015.68,3608.73,0.281,11,0,1,0,0,1
0,595.87,2522.21,0.236,12,0,0,0,0,0
0,783.57,2593.36,0.302,17,0,1,0,1,0
0,4485.65,2397.28,1.871,22,1,0,0,0,0
1,798.11,549.01,1.454,10,0,1,1,0,1
0,1551.61,2060.65,0.753,1,1,0,0,0,0
0,1843.71,449.27,4.104,13,0,0,0,0,1
0,149.52,1265.31,0.118,0,1,0,0,0,0
1,267.08,770.43,0.347,14,0,1,0,0,1
1,2799.4,2042.08,1.371,17,0,1,1,1,1
0,693.58,1999.62,0.347,21,0,0,0,0,0
0,7141.96,2282.51,3.129,17,0,0,0,0,0
0,6354.06,1917.1,3.314,16,0,0,0,0,0
0,4605.1,857.36,5.371,0,1,0,0,0,0
1,19258.41,1170.4,16.455,13,0,1,0,0,1
0,1622.92,3389.22,0.479,19,0,0,0,0,0
0,4202.97,3870.24,1.086,23,1,0,0,0,0
0,845.8,527.37,1.604,21,0,0,0,0,1
0,43830.31,373.22,117.438,15,0,0,0,1,0
0,23830.55,769.55,30.967,3,1,0,0,0,1
1,1836.18,3792.14,0.484,21,0,0,0,0,0
0,2988.61,4417.79,0.676,5,1,0,0,0,0
0,10583.87,644.04,16.434,15,0,1,0,0,1
0,1493.26,1951.94,0.765,19,0,0,0,0,0
0,770.0,7715.51,0.1,5,1,0,0,0,0
0,5631.81,2151.2,2.618,14,0,0,0,0,0
0,2002.14,5320.66,0.376,0,1,0,0,1,0
1,2293.63,3636.78,0.631,6,0,1,1,1,1
0,611.21,652.51,0.937,22,1,0,0,1,0
0,193.84,1247.65,0.155,10,0,0,0,0,0
0,2457.71,1527.33,1.609,0,1,0,0,0,0
0,5863.2,1625.74,3.606,7,0,0,0,0,0
1,1348.1,3376.84,0.399,13,0,1,0,0,1
1,11700.17,2138.41,5.471,4,1,1,0,0,1
0,724.08,105.36,6.872,12,0,1,0,0,1
0,458.92,454.16,1.01,14,0,1,0,1,0
0,1656.73,206.72,8.014,8,0,0,0,0,0
0,1623.97,1733.38,0.937,7,0,0,0,0,0
0,4919.49,1838.01,2.677,18,0,0,0,1,0
0,660.2,1910.08,0.346,16,0,0,0,0,0
0,10705.6,624.51,17.142,18,0,0,0,1,0
0,23318.26,2715.5,8.587,17,0,0,0,1,1
1,1718.34,2820.41,0.609,17,0,0,0,0,0
0,9178.54,478.36,19.188,3,1,0,0,0,0
0,457.86,395.66,1.157,1,1,0,0,0,1
1,7315.77,1480.12,4.943,23,1,0,1,0,1
0,7054.77,7424.97,0.95,4,1,0,0,0,0
0,5555.08,6834.7,0.813,16,0,0,0,0,0
0,1771.83,2457.9,0.721,21,0,0,0,2,0
0,50.0,767.4,0.065,6,0,0,1,2,1
1,785.06,3288.41,0.239,15,0,0,1,0,0
1,801.36,985.17,0.813,0,1,1,0,0,1
0,506.88,741.92,0.683,11,0,0,0,0,0
0,2119.46,214.96,9.86,18,0,0,0,0,0
0,1048.74,1623.18,0.646,8,0,0,0,1,1
0,618.94,839.76,0.737,15,0,0,1,0,1
0,456.49,1614.51,0.283,6,0,1,1,0,1
1,713.25,186.9,3.816,14,0,1,1,0,1
0,7769.41,1724.76,4.505,11,0,0,0,0,0
1,765.61,166.0,4.612,3,1,1,0,0,1
0,925.73,3940.83,0.235,5,1,0,0,0,0
0,998.54,2367.77,0.422,5,1,0,0,0,0
0,2809.3,1151.94,2.439,14,0,0,0,2,1
1,3271.89,2456.39,1.332,2,1,1,0,0,1
1,50.0,613.84,0.081,1,1,1,0,0,1
1,6823.49,1579.93,4.319,4,1,0,0,1,1
0,11699.23,3026.91,3.865,7,0,0,1,0,0
0,461.63,91.39,5.051,18,0,0,1,2,0
1,510.82,989.8,0.516,20,0,0,1,0,1
0,1006.94,1450.44,0.694,15,0,0,0,0,0
0,676.68,1240.58,0.545,18,0,0,0,0,0
0,2418.99,5493.89,0.44,22,1,0,0,0,0
1,143.96,538.34,0.267,15,0,0,0,0,0
1,422.71,846.37,0.499,5,1,0,0,2,1
0,13372.51,263.94,50.665,21,0,0,0,0,0
1,540.94,5763.26,0.094,0,1,0,1,1,1
1,9103.89,1186.0,7.676,17,0,0,0,0,0
0,2869.63,997.68,2.876,21,0,0,0,0,0
0,172.08,1412.0,0.122,7,0,0,0,1,0
1,4129.57,2624.41,1.574,4,1,0,0,0,0
0,1551.59,2023.59,0.767,11,0,0,0,2,0
0,1000.14,16044.09,0.062,17,0,0,0,1,0
0,2486.03,2227.29,1.116,4,1,0,0,0,0
1,3351.03,973.87,3.441,21,0,0,1,0,0
1,4536.31,893.17,5.079,12,0,0,0,1,0
1,8364.31,1039.52,8.046,20,0,0,1,0,1
0,3073.51,383.12,8.022,21,0,0,0,0,0
1,302.38,1534.37,0.197,11,0,0,0,0,0
1,976.78,2996.26,0.326,15,0,0,0,0,0
0,82947.47,852.33,97.318,13,0,0,0,1,0
1,4637.07,715.77,6.478,10,0,1,0,0,1
0,39343.01,5792.68,6.792,8,0,0,0,0,0
0,11092.94,410.0,27.056,22,1,0,0,0,1
0,2475.86,230.2,10.755,9,0,0,0,2,0
0,2675.33,524.47,5.101,15,0,0,0,1,0
0,1724.07,370.04,4.659,18,0,0,0,2,0
0,188.83,2095.62,0.09,9,0,0,0,0,0
0,1850.96,1069.95,1.73,20,0,0,0,1,0
1,8724.38,1214.74,7.182,3,1,0,1,0,1
0,829.21,4178.22,0.198,20,0,0,0,0,0
0,3088.8,794.57,3.887,7,0,0,0,0,0
0,5470.19,2973.75,1.839,10,0,0,0,1,0
1,554.14,5768.63,0.096,5,1,0,0,1,0
0,1005.57,982.31,1.024,3,1,0,0,0,0
0,481.41,2873.6,0.168,20,0,0,0,1,0
1,620.91,1190.78,0.521,22,1,1,0,0,1
0,339.04,3400.54,0.1,23,1,1,0,0,1
0,560.83,359.84,1.559,4,1,0,0,0,0
0,11444.82,336.65,33.996,17,0,0,0,1,0
1,549.98,1040.92,0.528,21,0,1,1,2,1
0,2131.11,665.12,3.204,2,1,0,0,0,0
1,940.37,929.79,1.011,6,0,1,0,0,0
0,8370.98,1214.91,6.89,23,1,0,0,1,1
1,9941.88,2829.94,3.513,21,0,0,1,0,1
1,5559.65,1025.67,5.421,11,0,1,1,0,1
1,2691.83,705.23,3.817,2,1,0,0,0,1
0,1338.93,1078.84,1.241,16,0,0,0,0,0
1,383.97,740.83,0.518,2,1,0,0,0,0
0,22619.95,638.67,35.417,10,0,0,0,1,1
0,673.46,346.64,1.943,5,1,0,0,0,0
0,4284.42,1575.82,2.719,10,0,0,0,2,0
1,7168.38,887.28,8.079,3,1,1,0,1,1
1,878.43,3532.11,0.249,16,0,0,1,3,1
1,6970.32,402.36,17.324,21,0,0,0,0,0
0,4882.81,908.8,5.373,0,1,0,0,0,0
0,17091.78,7567.49,2.259,11,0,0,0,1,0
1,982.25,635.46,1.546,23,1,1,1,0,1
0,339.81,1196.46,0.284,2,1,0,0,0,0
0,937.17,495.59,1.891,15,0,0,1,1,0
0,2372.05,439.84,5.393,2,1,0,0,0,1
0,1950.18,5958.53,0.327,13,0,0,0,1,0
0,1084.13,1726.65,0.628,16,0,0,0,0,0
0,151.12,1669.55,0.091,18,0,0,0,0,0
0,3333.0,321.6,10.364,6,0,0,0,0,0
0,23483.37,2044.42,11.487,23,1,0,0,0,1
1,3306.11,4195.13,0.788,10,0,1,1,0,1
0,3991.32,4165.24,0.958,15,0,0,0,0,0
0,3805.41,2701.33,1.409,23,1,0,0,1,1
0,3029.52,535.64,5.656,18,0,0,0,0,1
0,6070.31,1962.18,3.094,4,1,0,0,0,0
1,3022.94,2699.51,1.12,0,1,0,1,1,1
1,1204.14,294.42,4.09,23,1,0,1,0,0
0,642.4,539.61,1.19,9,0,0,0,0,1
0,1308.1,3292.3,0.397,17,0,0,0,0,0
1,2719.95,3256.61,0.835,9,0,0,0,0,0
1,1198.82,367.34,3.264,0,1,0,0,0,1
0,2720.69,3027.58,0.899,12,0,0,0,0,0
0,3199.97,1612.87,1.984,3,1,0,0,0,0
0,5340.81,2989.64,1.786,11,0,0,0,0,0
1,9581.92,836.25,11.458,23,1,0,0,1,1
0,2001.01,2645.63,0.756,15,0,0,0,0,0
1,330.26,3163.54,0.104,18,0,0,0,1,0
0,1154.43,1079.01,1.07,11,0,0,0,0,0
0,1914.63,1504.14,1.273,5,1,0,0,2,0
0,166.25,825.78,0.201,15,0,1,0,0,1
0,10995.75,6545.12,1.68,11,0,0,0,0,0
0,2175.67,1328.43,1.638,23,1,0,0,0,1
0,2968.34,645.6,4.598,9,0,0,0,0,0
0,10669.93,777.25,13.728,4,1,0,0,1,0
1,796.97,1659.2,0.48,18,0,0,1,1,1
0,3813.32,2916.09,1.308,11,0,0,1,0,0
0,1567.4,444.86,3.523,7,0,0,0,0,0
1,1423.23,7807.92,0.182,3,1,0,0,0,1
1,662.59,1954.34,0.339,6,0,1,0,1,1
1,15760.85,2252.53,6.997,23,1,0,0,0,1
1,1109.71,1356.32,0.818,22,1,1,0,0,1
0,4488.63,1506.18,2.98,4,1,0,0,1,1
0,157.98,1295.36,0.122,10,0,0,0,1,0
1,8383.2,3699.73,2.266,16,0,0,0,0,0
0,7100.17,1469.77,4.831,23,1,0,0,1,1
0,2052.19,2952.32,0.695,20,0,0,0,1,0
1,1346.11,1001.78,1.344,2,1,0,0,2,1
0,3041.18,1765.3,1.723,1,1,0,0,0,0
0,35434.03,718.0,49.351,18,0,0,1,0,0
0,182.69,4424.34,0.041,1,1,0,0,0,0
0,4997.21,698.98,7.149,13,0,0,0,1,0
0,552.75,1104.91,0.5,0,1,0,0,0,0
0,1761.83,1114.92,1.58,15,0,0,0,1,0
1,1309.97,1076.47,1.217,14,0,1,0,1,1
0,1036.07,2836.27,0.365,17,0,0,0,0,0
0,1783.61,1113.22,1.602,1,1,0,0,1,0
1,413.88,5190.22,0.08,10,0,1,0,0,1
1,6890.75,708.66,9.724,20,0,0,0,0,1
1,175.5,1724.06,0.102,16,0,1,0,1,1
1,3647.12,736.41,4.953,12,0,0,1,0,0
0,1182.64,2162.19,0.547,11,0,0,0,0,0
0,394.57,1459.2,0.27,23,1,0,1,1,1
0,2352.18,1287.48,1.827,1,1,0,0,0,0
0,238.88,4314.03,0.055,21,0,0,0,1,0
0,1903.84,821.47,2.318,20,0,0,0,0,0
0,284.37,2509.56,0.113,17,0,0,0,1,0
1,3293.33,740.95,4.445,9,0,1,0,0,1
0,543.67,1638.3,0.332,11,0,0,0,0,1
0,1005.97,504.71,1.993,16,0,0,0,1,0
0,2649.52,815.45,3.249,21,0,0,0,1,0
0,662.28,1374.81,0.482,13,0,1,0,0,1
0,1676.81,7579.36,0.221,21,0,0,0,0,0
1,252.65,1620.88,0.156,18,0,1,1,0,1
0,4105.73,6562.99,0.626,12,0,0,0,0,0
0,17932.82,1804.96,9.935,23,1,0,0,0,0
0,68177.61,1044.85,65.251,2,1,0,0,1,1
1,2035.54,5916.03,0.344,7,0,1,0,0,0
0,5037.5,2193.64,2.296,4,1,0,0,0,0
0,178.61,830.1,0.215,21,0,0,0,0,0
0,12753.42,2260.89,5.641,11,0,0,0,0,0
0,4959.68,1137.59,4.36,0,1,0,0,0,0
1,963.8,247.12,3.9,20,0,1,1,0,1
1,9030.25,3437.07,2.627,15,0,1,1,0,1
0,1298.78,3965.71,0.328,11,0,0,0,1,0
1,996.82,7739.93,0.129,22,1,0,1,0,1
1,3354.09,2164.47,1.55,16,0,1,0,1,1
1,453.79,1183.4,0.383,8,0,0,0,0,0
1,6823.39,3138.47,2.174,12,0,1,0,0,1
0,458.16,3180.64,0.144,22,1,0,0,0,0
0,461.71,6466.91,0.071,3,1,0,1,1,0
0,554.13,1422.02,0.39,3,1,0,0,0,0
1,4852.99,1275.35,3.805,14,0,1,0,0,1
0,810.94,777.44,1.043,9,0,0,0,1,0
1,313.44,2401.18,0.131,22,1,0,0,2,0
1,822.72,367.44,2.239,5,1,0,0,0,1
0,1734.28,2976.43,0.583,2,1,0,0,0,1
1,389.45,2512.55,0.155,14,0,0,0,0,1
0,404.57,2506.3,0.161,5,1,0,0,0,0
0,28132.63,1676.4,16.782,10,0,1,0,0,1
1,590.67,5882.17,0.1,1,1,0,0,0,1
0,1188.02,3244.75,0.366,1,1,0,0,1,0
1,1121.69,857.17,1.309,0,1,0,0,0,0
1,1045.48,871.08,1.2,10,0,0,0,0,0
0,4055.18,670.68,6.046,4,1,0,0,0,1
0,6201.74,2431.24,2.551,5,1,1,0,0,1
0,1214.71,601.77,2.019,2,1,1,0,1,1
0,362.34,3924.73,0.092,19,0,0,0,0,0
1,9478.41,4869.16,1.947,4,1,0,1,0,1
0,1597.28,671.08,2.38,19,0,1,0,0,1
0,17144.25,1252.64,13.686,8,0,0,0,1,0
0,97.59,1502.61,0.065,18,0,0,0,2,0
0,2330.93,3279.95,0.711,4,1,0,0,1,0
1,21898.82,6300.66,3.476,22,1,1,0,0,1
0,1142.25,324.75,3.517,11,0,0,0,0,0
1,1348.65,1111.69,1.213,11,0,0,0,0,0
0,2654.91,1165.13,2.279,15,0,0,0,1,0
1,874.42,419.64,2.084,6,0,0,0,1,0
0,1205.09,956.61,1.26,13,0,0,0,1,0
0,1165.42,2175.45,0.536,21,0,0,0,0,0
1,799.79,1151.92,0.694,8,0,0,1,1,1
0,8933.05,368.65,24.232,14,0,0,0,1,1
1,3292.5,19666.55,0.167,22,1,0,0,0,1
0,2504.43,1881.0,1.331,10,0,0,0,0,1
0,5172.66,1636.84,3.16,3,1,1,0,0,1
0,1282.21,551.07,2.327,10,0,0,0,1,0
1,660.86,1871.76,0.353,8,0,0,1,0,0
0,825.99,1276.92,0.647,5,1,0,0,0,0
0,1812.24,270.52,6.699,16,0,0,0,0,1
0,456.24,564.97,0.808,8,0,0,0,0,0
0,943.56,3027.32,0.312,22,1,0,0,0,0
0,924.31,8515.27,0.109,5,1,0,0,0,0
1,28621.78,2059.97,13.894,5,1,0,1,0,1
1,50.0,3994.9,0.013,3,1,1,0,0,1
1,1431.52,1286.68,1.113,19,0,1,1,1,1
1,17041.42,1369.37,12.445,10,0,1,0,1,1
0,2118.36,3951.62,0.536,2,1,0,0,0,0
1,4814.77,6611.06,0.728,23,1,0,0,0,0
0,2058.59,4774.23,0.431,23,1,0,0,1,0
0,759.35,566.95,1.339,17,0,0,0,0,0
0,98.05,1393.73,0.07,15,0,0,0,1,0
0,2361.59,1900.31,1.243,20,0,0,0,0,0
1,659.65,1171.79,0.563,15,0,1,0,0,1
0,638.78,2098.7,0.304,11,0,0,1,0,0
0,945.12,3098.02,0.305,13,0,0,0,1,0
0,17471.39,3650.17,4.786,8,0,0,0,1,0
1,41203.93,6749.9,6.104,6,0,1,0,0,0
0,2397.95,1100.48,2.179,13,0,0,0,0,0
0,988.12,433.71,2.278,19,0,0,1,1,1
0,391.35,2043.48,0.192,19,0,1,0,1,1
1,3324.59,8066.14,0.412,9,0,1,0,0,1
0,18357.2,963.64,19.05,10,0,0,0,2,0
0,1310.88,2746.72,0.477,6,0,0,0,0,0
0,82.05,2768.81,0.03,18,0,0,0,0,0
0,4320.23,1758.64,2.457,18,0,0,0,1,0
0,6509.51,1489.55,4.37,20,0,0,0,1,1
0,230.07,644.78,0.357,10,0,0,0,0,0
1,2274.3,189.9,11.976,5,1,0,0,1,1
0,3250.6,544.21,5.973,7,0,0,0,0,0
0,1644.12,1041.82,1.578,0,1,0,0,0,0
1,646.77,3974.6,0.163,22,1,0,0,0,1
0,6773.13,1349.09,5.021,7,0,0,0,0,0
0,1070.21,927.86,1.153,4,1,0,0,1,0
0,262.24,663.89,0.395,9,0,0,0,0,0
0,125.92,2673.45,0.047,1,1,0,0,0,0
1,9312.42,5026.71,1.853,3,1,1,0,1,1
0,4030.57,3854.87,1.046,21,0,0,0,0,0
1,2027.11,2554.3,0.794,1,1,1,1,1,1
0,1020.09,392.27,2.6,14,0,0,1,0,0
0,908.96,1078.68,0.843,19,0,0,0,0,0
0,446.55,8540.49,0.052,9,0,0,0,1,1
0,1031.85,4063.32,0.254,20,0,0,0,0,0
0,114.88,371.02,0.31,23,1,0,0,1,1
1,694.45,1408.06,0.493,23,1,1,1,1,1
0,1206.86,2052.45,0.588,1,1,1,0,1,1
1,3995.18,745.5,5.359,5,1,1,0,0,1
0,1716.59,185.25,9.266,21,0,0,0,2,1
1,5081.69,1617.99,3.141,13,0,1,1,0,1
1,10444.97,728.52,14.337,4,1,0,1,0,1
1,7155.39,731.09,9.787,23,1,0,1,1,1
1,3333.12,1075.77,3.098,1,1,1,1,1,1
1,1836.14,1312.5,1.399,13,0,1,0,0,0
0,505.21,1468.25,0.344,12,0,0,0,0,0
0,4731.17,668.08,7.082,1,1,0,1,0,1
0,16053.33,1214.16,13.222,22,1,0,1,0,1
1,2820.69,304.39,9.267,8,0,0,0,0,0
0,21860.51,1958.5,11.162,2,1,0,0,0,1
1,248.83,113.22,2.198,14,0,0,0,0,1
0,403.26,1140.77,0.353,22,1,0,0,0,0
0,5495.92,3385.54,1.623,2,1,0,0,0,0
0,2549.31,570.55,4.468,11,0,0,0,2,0
0,9975.79,2820.83,3.536,5,1,0,1,0,1
0,1772.04,4188.76,0.423,18,0,0,0,0,0
0,585.01,75.41,7.758,16,0,0,1,1,1
0,1369.68,1291.78,1.06,5,1,0,0,0,0
0,246.54,111.25,2.216,18,0,0,0,0,0
0,416.89,1330.9,0.313,16,0,0,0,1,1
0,6400.79,1470.78,4.352,15,0,0,0,0,0
1,5623.02,158.49,35.479,20,0,0,1,0,1
0,2898.38,8369.54,0.346,7,0,0,0,0,0
0,192.98,1914.89,0.101,23,1,0,0,0,0
0,1134.65,689.44,1.646,23,1,0,0,2,0
0,367.79,5534.97,0.066,18,0,0,0,1,0
0,8345.63,294.11,28.376,7,0,0,0,0,1
0,846.54,489.68,1.729,19,0,0,1,1,1
0,440.77,186.88,2.359,14,0,0,0,0,0
0,1879.45,7487.13,0.251,7,0,0,0,0,0
0,786.66,1996.42,0.394,2,1,0,0,0,0
1,12442.42,2679.7,4.643,15,0,0,0,1,0
1,695.58,1940.89,0.358,2,1,1,0,0,1
0,293.24,2480.94,0.118,0,1,0,0,0,0
0,110.08,1588.06,0.069,7,0,0,0,1,0
0,1737.11,1889.05,0.92,23,1,0,0,0,1
0,870.87,1630.83,0.534,8,0,0,0,2,0
1,282.15,856.0,0.33,21,0,0,0,0,0
0,8484.48,1419.47,5.977,11,0,0,0,0,0
0,4304.51,1893.6,2.273,17,0,1,0,2,1
0,1742.92,1635.16,1.066,16,0,0,0,0,0
1,10653.29,391.51,27.211,7,0,0,0,1,1
0,4278.24,441.21,9.697,19,0,0,0,1,0
0,620.35,3922.79,0.158,10,0,0,0,1,0
0,468.26,1122.94,0.417,6,0,0,0,1,1
0,5236.33,2505.52,2.09,13,0,0,0,0,0
0,3026.85,553.96,5.464,9,0,0,0,0,1
0,2254.47,393.14,5.735,14,0,0,0,0,0
0,601.58,692.82,0.868,11,0,0,0,0,0
0,3985.16,1211.59,3.289,19,0,0,0,0,1
0,677.12,813.52,0.832,16,0,0,0,0,0
0,1583.54,4743.55,0.334,7,0,1,0,0,1
0,11861.19,1739.88,6.817,13,0,0,0,0,1
0,765.8,7816.91,0.098,14,0,0,0,0,0
1,233.95,2130.19,0.11,10,0,1,0,0,1
0,460.21,168.8,2.726,11,0,0,0,1,0
0,6585.26,3829.3,1.72,19,0,0,0,0,0
0,2517.82,380.47,6.618,15,0,0,0,0,0
0,1529.14,1821.62,0.839,19,0,0,0,1,0
1,932.79,737.14,1.265,17,0,0,1,1,1
0,3398.09,10182.64,0.334,9,0,0,1,2,1
1,599.54,5408.02,0.111,18,0,0,0,0,0
0,2690.18,759.27,3.543,17,0,0,0,2,0
0,698.8,1319.99,0.529,0,1,0,0,2,0
1,562.87,1844.82,0.305,21,0,0,0,0,0
1,789.39,3219.79,0.245,3,1,0,0,0,0
1,1109.84,1519.65,0.73,22,1,0,0,0,0
1,1696.84,588.51,2.883,6,0,0,0,0,1
0,2455.52,776.03,3.164,0,1,0,0,2,0
1,50.0,1474.34,0.034,7,0,1,1,0,1
0,632.74,4496.31,0.141,16,0,0,0,1,0
1,1086.76,2175.59,0.5,7,0,0,1,0,0
0,12792.07,737.99,17.334,4,1,0,0,0,0
1,444.08,2653.24,0.167,0,1,1,0,1,1
0,2234.19,1044.94,2.138,14,0,0,1,0,0
0,12626.33,3298.98,3.827,3,1,0,0,1,0
0,328.04,14390.3,0.023,6,0,0,0,2,0
1,3017.45,1071.76,2.815,13,0,0,1,0,1
0,637.18,3045.57,0.209,11,0,1,0,0,1
0,938.21,756.84,1.24,20,0,0,1,0,1
0,636.48,1338.04,0.476,2,1,0,0,0,0
0,698.26,1520.21,0.459,19,0,0,0,1,0
1,62223.36,1243.5,50.039,17,0,0,0,0,1
0,5419.68,13584.87,0.399,7,0,0,0,3,0
1,7572.35,1123.35,6.741,1,1,0,0,0,1
0,3427.52,2510.32,1.365,5,1,0,0,0,0
0,224.05,260.58,0.86,6,0,0,0,0,0
1,3021.31,2183.75,1.384,6,0,1,1,1,1
0,7294.01,4137.51,1.763,12,0,0,0,2,0
0,596.2,920.73,0.648,0,1,0,0,1,0
0,6341.84,154.59,41.024,7,0,0,0,0,0
1,4517.15,1429.69,3.16,22,1,0,0,0,0
0,20083.46,1503.37,13.359,12,0,0,0,0,0
1,1050.35,2840.31,0.37,23,1,0,0,2,1
1,434.03,9043.6,0.048,19,0,1,0,0,1
0,1129.9,1051.48,1.075,23,1,0,0,0,0
0,11687.12,684.95,17.063,18,0,0,0,0,0
0,167.85,517.9,0.324,16,0,0,0,0,0
0,122.87,1769.18,0.069,12,0,0,0,0,0
0,2030.86,2278.83,0.891,15,0,1,0,0,1
0,1017.02,905.88,1.123,23,1,0,0,0,0
0,1826.3,2983.39,0.612,14,0,0,1,1,0
1,6178.96,2250.36,2.746,10,0,0,0,1,1
1,881.53,1539.03,0.573,11,0,0,0,0,0
1,158.4,657.09,0.241,21,0,0,0,2,1
0,25792.16,959.41,26.883,2,1,0,0,0,1
0,494.53,166.2,2.976,23,1,0,0,0,0
0,456.35,1830.25,0.249,8,0,0,0,0,0
1,7591.89,1515.81,5.008,13,0,1,1,1,1
0,1096.81,1753.96,0.625,6,0,0,0,0,0
1,1665.02,2330.61,0.714,10,0,1,0,0,1
0,3386.75,2094.85,1.617,9,0,0,0,1,0
0,7395.73,1340.31,5.518,2,1,0,1,0,1
1,1172.04,1546.58,0.758,18,0,0,0,0,0
0,13042.1,418.27,31.181,1,1,0,0,0,0
1,112.56,875.37,0.129,16,0,0,0,0,1
1,4854.8,1549.09,3.134,1,1,0,0,1,1
0,607.05,763.36,0.795,20,0,1,1,2,1
0,10763.89,3210.35,3.353,15,0,0,1,0,0
0,2174.73,818.3,2.658,16,0,0,0,1,1
1,753.87,1798.44,0.419,9,0,1,0,1,1
0,4279.94,1644.04,2.603,3,1,0,0,0,0
0,5774.14,2897.63,1.993,10,0,0,0,0,0
0,4164.96,3329.95,1.251,16,0,0,0,2,0
1,474.09,2764.54,0.171,23,1,0,1,2,1
0,963.7,222.43,4.333,11,0,0,0,1,0
1,1798.49,4336.11,0.415,20,0,0,0,0,1
1,1713.62,5852.23,0.293,9,0,0,0,0,0
0,4791.84,959.19,4.996,15,0,0,0,1,0
0,131.71,1831.67,0.072,3,1,0,1,0,0
1,2792.31,663.98,4.205,2,1,0,1,0,1
0,1240.2,256.33,4.838,8,0,0,0,0,1
1,607.86,761.4,0.798,5,1,0,0,0,0
0,688.67,910.39,0.756,11,0,0,0,0,0
0,1367.99,1075.6,1.272,0,1,0,0,0,0
1,50.0,624.52,0.08,13,0,1,0,0,0
0,726.56,765.03,0.95,23,1,0,1,0,1
0,579.08,1465.71,0.395,9,0,1,0,2,1
0,3614.17,740.11,4.883,17,0,0,0,1,0
0,634.49,2414.32,0.263,12,0,0,0,1,0
0,1366.97,2733.93,0.5,8,0,0,0,2,0
0,13426.15,12611.31,1.065,22,1,0,0,0,0
1,6585.71,4076.98,1.615,18,0,0,0,1,1
0,5842.73,1842.34,3.171,3,1,0,0,0,0
0,944.04,847.05,1.115,2,1,0,0,1,0
0,3662.65,1928.26,1.899,5,1,0,1,0,0
1,1333.99,1986.12,0.672,8,0,0,0,0,0
0,1401.19,932.64,1.502,9,0,0,0,0,0
1,3079.71,2996.97,1.028,8,0,0,0,0,0
0,832.06,420.61,1.978,16,0,1,0,0,0
0,12593.1,1188.02,10.6,9,0,0,0,0,0
0,1468.26,2441.27,0.601,5,1,0,1,0,0
0,4039.47,1142.73,3.535,15,0,0,0,0,0
0,11995.43,1228.96,9.761,16,0,0,0,0,1
0,6912.94,1307.66,5.286,10,0,0,0,1,1
1,289.57,697.82,0.415,19,0,1,0,1,1
0,3223.96,4257.81,0.757,6,0,0,0,1,0
0,5463.99,592.15,9.227,3,1,0,0,0,0
0,5764.2,1971.09,2.924,9,0,0,0,0,1
1,425.27,2147.98,0.198,20,0,0,0,1,1
0,769.59,630.33,1.221,13,0,0,0,0,0
0,6587.48,1580.97,4.167,16,0,0,0,1,0
0,671.63,652.84,1.029,13,0,0,0,0,0
1,1224.63,5176.78,0.237,19,0,1,1,1,1
0,14025.59,531.18,26.405,22,1,0,0,1,1
0,1699.11,821.8,2.068,12,0,0,0,0,0
1,702.89,491.86,1.429,1,1,0,0,0,0
1,577.72,436.19,1.324,8,0,0,0,0,1
0,2786.48,6198.69,0.45,2,1,0,1,0,0
1,319.55,2412.69,0.132,3,1,0,1,0,1
0,1310.89,1679.52,0.781,11,0,0,0,0,0
0,2788.33,819.82,3.401,14,0,0,0,0,0
0,9787.83,3350.45,2.921,19,0,0,0,1,0
0,4306.21,705.0,6.108,7,0,0,0,0,0
0,714.59,3023.82,0.236,17,0,1,0,2,1
1,8366.12,675.02,12.394,4,1,0,0,0,1
0,1224.92,828.77,1.478,1,1,0,0,0,1
0,362.7,2929.11,0.124,21,0,0,0,0,0
0,1445.7,3220.99,0.449,8,0,0,0,1,0
1,11726.66,2534.43,4.627,13,0,1,1,0,1
0,2241.3,575.53,3.894,0,1,0,1,0,1
0,1837.72,990.24,1.856,19,0,0,0,0,0
0,15189.73,1704.81,8.91,3,1,0,0,1,0
0,281.25,689.28,0.408,16,0,0,0,1,0
1,339.92,5084.07,0.067,9,0,0,0,2,0
1,221.27,170.42,1.298,1,1,0,0,0,0
0,2934.94,734.46,3.996,5,1,0,0,1,0
1,2244.96,935.79,2.399,18,0,1,1,0,1
0,13434.18,114.49,117.339,8,0,0,0,0,0
1,2481.25,421.32,5.889,18,0,1,0,1,1
0,1069.12,2598.68,0.411,18,0,0,0,1,0
0,1812.27,1521.2,1.191,8,0,0,0,0,0
0,2107.0,6098.65,0.345,2,1,0,0,0,0
0,205.76,5947.37,0.035,5,1,0,0,0,0
0,61293.63,2185.81,28.042,5,1,0,0,0,0
0,3554.01,1962.38,1.811,16,0,0,1,0,0
0,2375.61,1570.8,1.512,12,0,0,0,0,0
1,4022.72,135.7,29.644,12,0,1,0,1,1
0,4547.05,421.95,10.776,6,0,0,0,0,0
0,1506.1,1620.69,0.929,8,0,0,0,0,0
1,795.83,2577.11,0.309,17,0,1,1,1,1
0,3941.38,1921.2,2.052,0,1,0,0,1,1
0,2985.21,663.0,4.503,21,0,0,0,0,0
0,630.9,3441.51,0.183,21,0,0,0,0,0
1,11438.57,5620.63,2.035,19,0,1,0,0,1
0,2647.46,3443.32,0.769,12,0,0,0,0,0
0,4669.3,3607.03,1.294,7,0,0,0,0,0
1,11042.39,894.89,12.339,20,0,1,1,0,1
1,1860.23,3898.47,0.477,22,1,0,0,2,1
0,2729.95,1687.8,1.617,8,0,1,0,0,0
0,5182.46,2345.84,2.209,0,1,0,0,1,0
0,704.64,2056.76,0.343,8,0,0,0,1,0
1,1939.66,1326.98,1.462,19,0,0,0,0,1
0,2128.59,682.66,3.118,22,1,0,0,0,0
0,521.72,1374.82,0.379,10,0,0,0,2,1
1,36788.03,3597.83,10.225,19,0,0,0,0,1
0,290.18,994.93,0.292,3,1,0,1,0,1
0,334.44,3307.71,0.101,15,0,0,0,0,0
0,9981.56,2873.72,3.473,13,0,0,0,1,0
0,4569.9,1131.11,4.04,19,0,0,0,2,0
0,476.39,5166.34,0.092,21,0,0,0,1,0
0,3981.75,1074.93,3.704,20,0,0,0,0,1
0,12187.98,5759.42,2.116,17,0,0,0,0,0
0,1738.29,2187.94,0.794,21,0,0,0,1,0
1,53022.4,1459.31,36.334,21,0,0,0,2,0
0,192.24,665.79,0.289,8,0,0,1,0,1
1,4455.84,1367.26,3.259,0,1,1,0,1,1
0,8237.79,1232.27,6.685,22,1,0,0,0,0
1,5760.31,477.01,12.076,2,1,1,0,0,1
1,1386.22,1217.0,1.139,19,0,0,1,1,1
0,1239.45,718.08,1.726,0,1,0,0,0,0
1,3220.81,2508.38,1.284,2,1,0,0,0,1
1,5221.19,4796.55,1.089,13,0,1,0,1,1
0,3956.9,490.67,8.064,13,0,0,0,0,0
0,6988.88,6912.43,1.011,22,1,0,0,0,0
0,480.81,1318.57,0.365,21,0,0,0,1,0
1,1344.66,615.53,2.185,12,0,0,0,1,0
1,532.71,2927.72,0.182,0,1,0,0,1,1
1,1094.5,990.48,1.105,14,0,0,0,1,0
0,6766.82,1375.31,4.92,19,0,0,0,1,1
1,2080.53,1028.8,2.022,6,0,1,0,0,1
0,53579.24,709.77,75.488,15,0,0,0,0,0
0,2324.89,2840.11,0.819,19,0,0,0,0,0
0,1953.93,1144.05,1.708,22,1,0,0,0,0
0,2075.67,406.27,5.109,20,0,1,0,1,1
0,789.06,2430.75,0.325,0,1,0,0,0,0
0,1677.08,500.18,3.353,14,0,0,0,0,0
0,7833.18,524.3,14.94,19,0,0,0,0,1
0,2096.79,4330.1,0.484,14,0,0,0,1,1
0,644.52,504.36,1.278,18,0,0,0,0,1
0,543.15,184.05,2.951,5,1,0,0,0,0
0,1007.01,2593.01,0.388,5,1,0,0,0,1
0,1990.26,1126.11,1.767,0,1,0,0,0,0
0,8532.71,1216.96,7.011,15,0,0,0,0,0
0,316.51,1115.38,0.284,17,0,0,0,2,1
0,1193.0,1823.48,0.654,12,0,0,0,0,0
0,2181.14,751.86,2.901,11,0,0,0,0,0
0,166.7,5588.71,0.03,17,0,0,0,0,0
0,611.75,392.05,1.56,9,0,0,0,0,0
1,747.06,2209.2,0.338,13,0,0,0,0,1
0,642.42,2638.35,0.243,19,0,0,0,0,0
0,2320.31,747.19,3.105,10,0,0,0,1,1
0,1467.44,589.13,2.491,17,0,0,0,0,0
0,878.42,3697.66,0.238,23,1,0,0,0,0
0,3153.76,606.82,5.197,11,0,0,0,0,0
0,16983.49,857.48,19.806,16,0,0,0,1,1
0,15230.17,3289.79,4.63,23,1,1,1,0,1
0,148.47,1527.32,0.097,2,1,0,0,0,0
0,3828.37,293.7,13.035,20,0,0,0,0,0
1,1434.5,7132.04,0.201,0,1,1,0,0,0
1,2212.11,918.73,2.408,0,1,1,1,0,1
1,1077.32,1030.21,1.046,5,1,0,1,0,1
1,2106.67,1863.49,1.13,18,0,1,0,1,1
0,2201.36,2598.19,0.847,23,1,0,0,0,0
0,851.81,8647.23,0.099,3,1,0,0,0,1
0,563.81,332.27,1.697,21,0,0,0,2,0
0,1008.98,3113.05,0.324,12,0,0,0,3,0
1,2451.7,2889.12,0.849,11,0,0,0,0,0
0,3939.05,1308.39,3.011,7,0,0,0,1,0
1,5482.7,3006.54,1.824,19,0,1,0,0,1
0,951.04,3431.82,0.277,23,1,0,0,1,0
1,2614.94,426.76,6.127,6,0,1,1,1,1
0,6318.6,7149.44,0.884,20,0,1,0,0,1
0,8227.8,363.99,22.604,6,0,0,0,1,0
0,1674.91,532.84,3.143,6,0,0,0,0,0
0,1356.67,1169.57,1.16,13,0,0,1,0,0
0,2318.0,8370.31,0.277,17,0,0,0,1,1
0,405.61,1121.66,0.362,22,1,0,1,2,1
1,1405.72,1438.36,0.977,18,0,0,1,0,1
0,4759.81,5371.54,0.886,23,1,0,0,0,0
0,4165.25,1129.71,3.687,23,1,0,1,0,1
0,1272.39,512.55,2.482,19,0,0,0,0,1
1,2399.54,1016.87,2.36,18,0,1,1,0,1
0,618.91,5083.28,0.122,17,0,0,0,2,0
0,4512.2,1577.79,2.86,5,1,0,0,1,0
0,1634.07,8413.5,0.194,15,0,0,0,1,0
0,1263.02,2875.96,0.439,2,1,0,0,0,1
0,1129.76,828.55,1.364,20,0,0,0,0,0
0,1666.1,1549.94,1.075,1,1,0,0,0,0
0,1010.05,686.84,1.471,14,0,1,0,0,0
1,4253.88,811.12,5.244,19,0,1,1,0,1
0,1081.53,83381.01,0.013,10,0,1,0,0,1
0,14340.65,3702.49,3.873,18,0,0,0,0,1
0,12146.22,3213.09,3.78,17,0,1,0,0,1
1,567.36,844.83,0.672,21,0,1,1,0,0
0,1979.53,6079.18,0.326,10,0,0,0,1,0
1,776.0,3981.74,0.195,2,1,0,1,0,1
0,1182.47,8050.26,0.147,3,1,0,0,0,0
0,24419.95,7706.37,3.169,5,1,0,0,0,0
0,1212.16,391.04,3.1,11,0,0,0,0,0
1,2887.93,545.2,5.297,20,0,0,1,0,1
0,3654.51,599.8,6.093,3,1,0,0,0,0
1,492.35,632.99,0.778,11,0,0,0,0,0
1,594.89,1980.5,0.3,3,1,0,0,1,0
0,376.97,888.8,0.424,1,1,0,0,0,1
0,571.48,9559.96,0.06,11,0,0,0,0,0
0,50.0,8219.07,0.006,12,0,0,0,0,0
0,3670.04,1471.72,2.494,15,0,0,0,0,0
1,26119.88,8602.37,3.036,3,1,0,0,0,1
1,2191.12,5649.49,0.388,7,0,1,0,0,1
0,286.82,986.7,0.291,4,1,0,1,0,0
0,783.99,242.67,3.231,13,0,0,0,2,1
1,995.71,1216.62,0.818,14,0,0,0,0,0
0,481.61,828.68,0.581,10,0,0,0,1,0
1,5531.63,1782.65,3.103,9,0,0,0,0,0
0,5184.03,1604.08,3.232,9,0,0,0,1,0
0,402.59,1566.68,0.257,23,1,0,0,1,0
0,4640.63,2371.59,1.957,5,1,0,0,0,0
0,13158.94,497.07,26.473,15,0,0,0,0,0
0,21446.69,2143.56,10.005,20,0,0,0,0,0
0,74964.93,996.6,75.221,3,1,0,0,2,0
0,559.7,1772.21,0.316,8,0,0,0,0,0
1,71074.69,3504.03,20.284,9,0,1,1,0,1
1,1140.85,491.78,2.32,4,1,0,0,1,1
0,836.98,1149.22,0.728,9,0,0,0,0,0
0,2766.1,1330.51,2.079,15,0,0,0,1,1
0,848.37,931.84,0.91,10,0,0,0,1,0
0,3037.4,3327.07,0.913,5,1,0,0,0,0
0,325.02,774.06,0.42,6,0,0,0,0,0
0,1325.6,897.97,1.476,11,0,0,0,0,0
0,9616.7,781.39,12.307,12,0,0,0,0,1
0,1678.78,3955.45,0.424,16,0,0,0,1,1
0,2173.46,950.32,2.287,8,0,0,0,0,0
0,3353.76,2239.57,1.498,7,0,0,0,0,0
1,8282.17,8761.61,0.945,15,0,1,1,0,1
0,210.23,1383.9,0.152,20,0,0,0,0,0
0,3865.64,4027.31,0.96,2,1,0,0,0,0
0,1275.92,6662.29,0.192,4,1,0,1,2,1
0,2245.38,3731.15,0.602,20,0,0,1,0,0
1,7171.97,1458.08,4.919,22,1,1,0,1,1
0,382.82,2638.32,0.145,12,0,0,0,2,0
1,484.72,464.68,1.043,17,0,0,0,0,1
0,146.05,733.6,0.199,20,0,0,0,0,0
0,885.45,859.02,1.031,15,0,0,0,0,1
1,10194.08,11120.56,0.917,13,0,0,1,0,1
0,1545.71,712.42,2.17,10,0,0,0,0,0
0,316.66,702.94,0.45,17,0,0,0,2,0
0,961.62,578.52,1.662,7,0,0,0,0,0
0,261.33,2449.97,0.107,11,0,0,1,0,0
1,418.74,1683.04,0.249,18,0,0,1,2,1
0,2997.29,3936.64,0.761,19,0,1,0,0,1
0,393.06,2708.46,0.145,1,1,0,0,1,0
0,7680.38,427.37,17.971,8,0,0,0,0,1
0,1648.37,715.84,2.303,21,0,0,0,0,0
0,2020.85,5058.35,0.4,8,0,0,0,0,0
0,1259.05,1232.79,1.021,13,0,0,0,0,0
0,4937.93,4310.6,1.146,14,0,0,0,0,0
1,5004.58,1293.73,3.868,10,0,1,1,1,1
0,2794.95,619.62,4.511,12,0,0,0,0,0
0,3767.72,1126.72,3.344,23,1,0,0,0,0
1,1372.35,619.4,2.216,4,1,0,0,3,1
0,3658.7,889.81,4.112,5,1,0,0,1,0
0,1165.33,1773.72,0.657,22,1,0,0,0,1
0,1813.3,2345.95,0.773,4,1,0,0,0,0
0,1265.17,353.83,3.576,0,1,0,0,0,0
0,997.86,1457.34,0.685,17,0,0,0,0,1
1,738.16,873.1,0.845,22,1,0,0,0,1
0,3320.92,825.86,4.021,23,1,0,0,0,1
0,9934.69,1668.06,5.956,7,0,0,0,1,1
1,8286.91,901.98,9.187,16,0,0,1,0,1
0,353.0,5135.46,0.069,22,1,1,1,1,1
0,9662.08,4312.43,2.241,10,0,0,0,0,0
0,1195.59,4288.3,0.279,10,0,0,0,0,0
1,3947.95,948.21,4.164,2,1,1,0,0,1
0,556.64,622.5,0.894,7,0,0,0,0,0
0,2174.54,1593.72,1.364,7,0,0,0,1,0
0,2718.51,1292.96,2.103,23,1,0,0,1,0
0,262.44,855.82,0.307,20,0,0,0,1,0
0,3986.81,513.8,7.759,20,0,0,0,0,0
0,10401.61,1426.01,7.294,2,1,0,0,0,1
1,1440.81,1028.99,1.4,21,0,1,0,0,1
0,10595.86,2750.43,3.852,9,0,0,0,0,0
0,1412.9,2693.5,0.525,18,0,0,0,0,0
1,5455.94,3986.7,1.369,13,0,0,0,0,0
1,101.07,476.58,0.212,17,0,1,1,0,1
0,41957.44,2123.78,19.756,22,1,0,0,0,0
0,12633.35,769.15,16.425,2,1,0,0,2,1
0,1248.86,493.55,2.53,19,0,0,0,1,0
1,139.25,1006.52,0.138,13,0,0,1,1,0
1,2629.21,3873.19,0.679,10,0,1,0,0,1
0,276.69,1058.82,0.261,9,0,0,1,2,1
1,3223.78,6056.63,0.532,23,1,0,0,0,0
0,3087.25,2425.98,1.273,13,0,0,0,0,0
0,531.75,1038.28,0.512,0,1,0,0,0,0
0,7764.03,4205.06,1.846,15,0,0,0,1,0
1,5152.55,2210.24,2.331,5,1,0,0,2,1
0,6428.97,639.51,10.053,17,0,0,0,1,0
1,1828.98,7886.62,0.232,15,0,1,1,0,1
1,287.1,1869.7,0.154,18,0,1,1,1,1
1,6446.12,1505.55,4.282,15,0,1,0,0,1
0,1272.22,685.41,1.856,4,1,0,0,0,0
0,296.87,4279.47,0.069,11,0,0,0,1,0
0,10484.48,2357.95,4.446,5,1,0,0,0,1
0,27701.17,2607.94,10.622,1,1,0,0,0,0
0,1713.64,937.5,1.828,15,0,0,0,1,0
1,29937.21,3135.96,9.546,20,0,1,1,0,1
0,2035.93,3363.15,0.605,22,1,0,0,0,0
0,1102.58,810.86,1.36,10,0,0,0,0,0
0,796.64,413.52,1.926,11,0,0,0,0,0
0,15187.18,2497.98,6.08,10,0,0,0,0,0
0,655.77,359.24,1.825,22,1,0,0,0,0
0,4702.5,1697.33,2.771,19,0,0,0,0,0
1,874.01,989.78,0.883,18,0,0,0,1,0
0,993.86,4432.85,0.224,7,0,0,0,0,0
1,6900.33,1039.44,6.639,17,0,1,0,0,1
1,1103.18,4010.0,0.275,4,1,1,0,1,1
0,1068.24,931.89,1.146,11,0,0,0,0,0
1,7884.44,3640.92,2.166,9,0,0,0,2,0
0,14423.53,9455.08,1.525,14,0,0,0,0,0
1,4180.13,566.09,7.384,4,1,1,1,0,1
0,771.86,1925.29,0.401,16,0,0,0,0,0
1,930.95,17569.23,0.053,22,1,1,0,0,1
1,2005.98,1571.73,1.276,3,1,0,1,0,1
1,2744.1,1564.95,1.753,11,0,0,0,0,1
1,500.58,3009.86,0.166,17,0,1,0,0,1
0,4628.32,1536.06,3.013,7,0,0,0,2,0
0,2020.64,318.46,6.345,19,0,0,0,0,0
0,194.33,4101.3,0.047,16,0,0,0,0,0
0,540.45,244.04,2.215,7,0,0,0,0,0
0,938.83,1017.28,0.923,12,0,0,0,0,0
0,1644.65,4388.24,0.375,22,1,0,0,1,1
1,21079.63,1073.96,19.628,2,1,0,1,0,1
0,2464.2,792.88,3.108,2,1,0,0,0,1
1,606.07,3266.05,0.186,6,0,1,0,0,1
0,2408.65,688.14,3.5,17,0,0,0,0,0
1,1144.0,492.75,2.322,20,0,1,0,0,1
1,2757.79,1895.17,1.455,6,0,0,0,0,1
0,3845.8,1255.6,3.063,21,0,0,0,1,0
0,8708.02,483.33,18.017,22,1,0,0,1,1
1,1751.85,2626.11,0.667,1,1,0,0,0,1
0,15224.31,2248.55,6.771,6,0,0,0,1,0
0,5886.57,1070.86,5.497,1,1,0,0,0,0
0,720.78,1138.88,0.633,6,0,0,0,1,0
0,31978.29,2260.53,14.146,13,0,0,1,0,1
0,2765.82,4321.36,0.64,14,0,0,1,1,1
0,610.54,1147.67,0.532,15,0,0,0,1,0
0,15502.97,2668.36,5.81,23,1,0,0,0,0
0,26933.09,2461.88,10.94,7,0,0,0,0,0
1,1732.06,3266.18,0.53,15,0,1,0,1,0
0,939.41,1533.61,0.613,20,0,0,0,0,0
1,1445.07,651.26,2.219,6,0,0,0,0,0
0,4578.61,976.28,4.69,10,0,0,0,1,0
0,9520.6,2015.39,4.724,23,1,0,0,1,0
0,3795.74,7605.43,0.499,3,1,1,0,0,1
0,2063.67,957.55,2.155,17,0,0,0,3,0
0,12675.36,3054.31,4.15,22,1,0,0,0,0
0,1203.89,1101.85,1.093,12,0,0,0,0,0
0,6906.34,1635.04,4.224,16,0,0,0,0,0
0,1243.29,5789.82,0.215,11,0,0,0,1,0
0,3166.33,2945.0,1.075,17,0,0,0,0,0
0,1559.89,484.36,3.221,9,0,0,0,0,0
0,1681.42,884.28,1.901,6,0,0,0,1,0
1,1106.99,4585.25,0.241,11,0,0,0,0,0
0,10387.0,1681.92,6.176,11,0,0,0,0,0
0,697.29,526.39,1.325,12,0,0,0,1,0
1,690.69,708.35,0.975,0,1,1,0,1,1
0,28489.52,2788.18,10.218,6,0,0,0,1,0
0,6445.91,3622.68,1.779,15,0,0,0,0,0
1,81.4,1504.28,0.054,15,0,0,0,1,0
0,867.11,13736.1,0.063,20,0,0,0,1,0
0,171.47,3108.01,0.055,15,0,0,0,1,0
0,525.37,1189.0,0.442,15,0,0,0,0,0
0,50.0,710.43,0.07,13,0,0,0,0,0
0,1513.1,615.6,2.458,10,0,0,0,1,0
0,409.72,2001.95,0.205,18,0,0,0,0,0
0,1954.47,953.46,2.05,10,0,0,0,0,0
0,218.62,6676.63,0.033,1,1,0,0,1,0
1,2013.81,5539.62,0.364,6,0,0,0,2,0
1,1054.28,2616.94,0.403,8,0,0,0,0,1
0,12740.47,512.3,24.869,8,0,0,0,0,0
0,11324.95,808.36,14.01,13,0,0,0,0,0
0,5018.82,4583.0,1.095,9,0,0,0,0,0
0,1182.52,891.8,1.326,15,0,1,0,0,1
0,23884.73,4064.02,5.877,23,1,0,0,0,0
0,240.1,2269.11,0.106,17,0,0,0,1,0
1,291.6,1550.83,0.188,0,1,1,0,0,1
0,1621.46,786.39,2.062,23,1,0,0,0,1
0,33868.8,1359.92,24.905,1,1,0,0,0,0
0,1389.86,1755.81,0.792,19,0,0,0,1,1
0,1424.79,3749.15,0.38,3,1,0,0,1,0
1,277.42,667.03,0.416,1,1,1,0,2,1
1,6183.92,1168.49,5.292,3,1,0,0,0,1
1,6242.46,1541.24,4.05,22,1,1,0,0,1
0,5043.21,2687.62,1.876,5,1,0,0,2,0
0,797.92,653.53,1.221,21,0,0,0,0,0
0,721.46,452.64,1.594,3,1,0,0,1,0
0,336.62,2715.06,0.124,17,0,0,0,0,0
0,2016.33,377.6,5.34,4,1,0,0,0,0
1,443.84,4705.47,0.094,10,0,0,0,1,0
0,391.25,1286.48,0.304,12,0,0,0,0,0
0,1042.32,367.68,2.835,2,1,0,0,0,1
0,957.28,960.66,0.996,18,0,0,0,0,0
0,898.41,2082.26,0.431,19,0,0,0,0,0
0,3315.55,916.51,3.618,10,0,0,0,0,0
1,2003.72,1507.23,1.329,10,0,1,0,0,1
1,1243.14,2881.51,0.431,20,0,1,1,1,1
1,2293.69,1234.02,1.859,1,1,1,0,0,1
0,498.21,636.92,0.782,21,0,0,0,0,0
0,2073.23,1131.06,1.833,14,0,0,0,0,0
0,2199.06,5288.85,0.416,21,0,0,1,0,0
0,256.22,6745.01,0.038,7,0,0,0,0,0
1,6597.21,240.34,27.449,1,1,0,0,0,1
0,574.87,3951.79,0.145,7,0,0,0,0,0
0,2033.27,1854.06,1.097,23,1,0,0,0,0
0,8215.15,3400.18,2.416,19,0,0,0,0,1
0,6023.24,901.95,6.678,22,1,0,0,0,0
1,1890.57,301.44,6.272,14,0,1,1,0,1
0,1128.62,2504.99,0.451,15,0,0,0,0,0
0,6196.66,634.68,9.763,12,0,0,1,0,1
0,4346.4,424.34,10.243,22,1,0,0,0,0
0,809.26,451.89,1.791,16,0,0,0,0,0
1,643.32,2542.29,0.253,13,0,0,0,0,0
1,122.23,1678.25,0.073,13,0,1,1,1,1
1,2208.88,2993.56,0.738,0,1,1,0,0,1
1,1623.75,2703.14,0.601,23,1,1,0,0,1
0,7919.23,1013.49,7.814,0,1,0,0,0,0
0,2883.53,1389.33,2.075,2,1,0,0,0,0
0,10244.52,934.21,10.966,21,0,0,0,1,0
0,730.28,1225.01,0.596,23,1,0,0,1,0
1,7939.42,619.85,12.809,14,0,1,0,0,1
0,909.06,2103.66,0.432,4,1,1,0,0,1
1,4968.51,3895.62,1.275,4,1,1,0,0,1
0,271.41,709.85,0.382,3,1,1,0,0,1
0,2454.49,4689.79,0.523,13,0,0,0,1,0
0,136.99,1639.54,0.084,19,0,0,0,1,0
1,1277.58,1838.99,0.695,6,0,0,0,0,1
0,3204.98,320.7,9.994,21,0,0,0,0,0
0,918.5,291.04,3.156,23,1,0,0,0,0
0,461.48,1685.31,0.274,14,0,0,0,0,0
0,5431.41,3013.2,1.803,10,0,0,0,0,0
0,1580.5,808.97,1.954,13,0,1,0,0,0
1,956.77,6654.74,0.144,5,1,0,1,4,1
0,1909.25,2868.21,0.666,9,0,0,0,1,0
0,55696.35,653.6,85.215,6,0,0,0,0,0
0,8099.47,1521.97,5.322,9,0,0,0,0,0
0,8195.54,13756.08,0.596,13,0,0,0,0,0
1,3185.01,483.81,6.583,4,1,1,1,1,1
0,2244.93,2381.4,0.943,21,0,0,0,2,1
0,80.25,1107.13,0.072,0,1,0,0,0,1
0,747.94,2796.73,0.267,18,0,0,0,0,0
1,968.02,4631.08,0.209,7,0,1,0,0,1
1,158.01,1045.64,0.151,18,0,0,0,0,0
0,401.56,4052.22,0.099,16,0,0,0,1,0
0,137.68,10927.99,0.013,18,0,0,0,0,0
0,1720.17,1571.28,1.095,15,0,0,0,0,0
1,5241.67,3000.1,1.747,3,1,0,1,1,1
0,7622.1,870.1,8.76,7,0,1,0,1,1
0,3100.19,1506.18,2.058,3,1,0,0,0,0
0,516.76,1262.68,0.409,12,0,0,0,0,0
0,146.69,3032.8,0.048,6,0,0,0,0,0
0,184.21,4377.39,0.042,0,1,0,0,0,1
1,347.35,1341.19,0.259,8,0,1,1,2,1
0,569.34,5885.58,0.097,3,1,0,0,0,0
0,1468.98,5866.67,0.25,13,0,0,0,2,1
0,483.76,3172.16,0.153,8,0,0,0,0,0
1,2809.24,930.36,3.02,2,1,1,0,0,1
0,1336.81,853.51,1.566,14,0,0,0,1,0
1,1833.0,712.55,2.572,4,1,0,0,1,1
0,7961.13,3478.13,2.289,0,1,0,0,0,1
0,389.83,497.41,0.784,10,0,0,0,0,1
0,3116.03,2722.09,1.145,18,0,0,0,2,0
0,1775.5,559.48,3.173,4,1,0,0,1,1
0,1172.0,3106.31,0.377,21,0,0,0,1,0
1,5714.91,1503.42,3.801,23,1,0,0,0,0
0,5668.72,4916.12,1.153,16,0,0,0,2,0
0,528.25,4135.28,0.128,18,0,0,0,0,0
0,1426.8,5386.0,0.265,16,0,0,0,1,0
1,2606.01,5512.3,0.473,4,1,0,1,0,1
1,1267.87,1684.57,0.753,23,1,0,0,0,0
0,3868.13,521.7,7.414,19,0,0,0,0,0
1,2605.94,574.06,4.539,8,0,0,0,2,1
0,19581.29,226.29,86.532,21,0,0,0,1,0
0,247.31,558.19,0.443,5,1,0,0,0,0
1,1542.0,1574.89,0.979,20,0,0,1,1,1
1,554.99,894.54,0.62,12,0,0,1,0,1
0,3965.31,1258.75,3.15,20,0,0,0,2,0
0,220.89,2306.4,0.096,10,0,0,0,0,0
0,2836.16,1125.9,2.519,22,1,0,0,2,0
1,797.07,539.34,1.478,23,1,1,0,0,1
0,696.17,1411.05,0.493,22,1,0,0,1,0
0,275.77,659.42,0.418,0,1,0,0,0,0
0,987.72,1160.14,0.851,16,0,0,1,0,0
0,7404.56,4956.72,1.494,5,1,1,0,0,0
0,1749.8,1160.43,1.508,2,1,0,0,0,0
1,4088.71,7287.11,0.561,15,0,0,1,0,1
0,15741.16,5369.41,2.932,12,0,1,0,0,1
0,2547.54,878.86,2.899,11,0,0,0,0,0
0,874.42,544.57,1.606,10,0,0,0,0,0
1,3319.03,1411.91,2.351,22,1,1,0,0,1
0,891.06,4179.7,0.213,1,1,0,0,0,0
0,938.47,952.25,0.986,18,0,0,1,1,1
1,250.67,3351.9,0.075,7,0,1,0,1,1
1,6027.78,4392.25,1.372,12,0,0,0,3,0
1,1094.66,737.58,1.484,13,0,1,0,1,1
1,2290.96,805.57,2.844,14,0,1,0,1,1
0,470.24,2811.28,0.167,16,0,0,0,1,0
1,3186.67,1697.08,1.878,14,0,0,1,0,1
0,671.47,798.35,0.841,20,0,0,0,0,0
1,1503.84,1078.19,1.395,9,0,0,0,0,0
1,5659.97,1389.27,4.074,0,1,1,1,0,1
1,5054.26,362.0,13.962,11,0,1,0,0,1
0,1757.0,2948.58,0.596,8,0,0,0,0,0
0,181.53,962.16,0.189,22,1,0,0,1,0
0,88490.79,120.86,732.176,4,1,0,0,0,1
1,17494.06,1448.84,12.075,21,0,0,0,0,0
1,4626.14,759.44,6.092,14,0,0,0,1,0
0,679.15,6767.86,0.1,2,1,0,0,0,0
0,1559.83,874.02,1.785,18,0,0,0,0,0
0,892.08,551.21,1.618,6,0,0,0,0,0
1,9348.89,2338.21,3.998,6,0,1,0,2,1
1,2543.39,816.97,3.113,6,0,0,1,0,1
0,652.35,733.99,0.889,1,1,0,1,0,1
0,980.46,2341.51,0.419,1,1,0,0,1,1
1,7766.26,580.32,13.383,11,0,0,1,0,0
1,14474.26,398.8,36.295,4,1,1,1,0,1
0,13184.95,6998.13,1.884,3,1,1,0,0,0
0,4837.44,2493.76,1.94,6,0,0,0,0,0
0,1301.91,1167.02,1.116,15,0,0,0,1,0
0,50.0,1475.67,0.034,2,1,1,0,0,1
0,2660.6,2333.86,1.14,20,0,0,0,1,0
0,1803.75,3554.62,0.507,1,1,0,0,0,0
1,2168.9,749.66,2.893,16,0,0,0,0,1
0,1939.27,2058.09,0.942,8,0,0,0,1,0
1,322.42,938.2,0.344,19,0,0,0,2,1
0,3731.74,1248.77,2.988,7,0,0,0,1,0
0,4112.89,1710.64,2.404,11,0,0,0,0,0
0,4389.81,1471.43,2.983,6,0,0,0,0,0
0,6189.13,2869.84,2.157,13,0,0,0,0,0
1,3965.02,2294.75,1.728,15,0,1,1,0,1
1,1060.99,380.94,2.785,0,1,1,1,0,1
0,1648.98,436.14,3.781,9,0,0,0,0,0
0,2035.43,1061.31,1.918,10,0,0,0,0,0
1,2079.76,7675.3,0.271,6,0,0,1,0,1
0,6618.89,687.85,9.623,17,0,0,0,2,0
0,4174.58,1227.33,3.401,18,0,0,0,0,0
1,26917.89,913.5,29.467,13,0,1,0,0,1
0,31837.8,899.07,35.412,16,0,0,1,0,1
0,2005.29,1737.87,1.154,22,1,0,0,0,0
0,50.0,5222.33,0.01,18,0,0,0,0,0
1,9026.16,2231.37,4.045,21,0,0,0,1,0
0,895.62,718.25,1.247,12,0,0,0,1,0
0,637.83,17639.69,0.036,22,1,0,0,1,0
1,1077.09,1588.77,0.678,2,1,0,0,0,0
0,1011.68,880.51,1.149,1,1,0,0,1,1
1,4007.61,5275.81,0.76,8,0,1,1,2,1
0,238.11,970.52,0.245,6,0,0,0,0,0
1,445.4,6611.87,0.067,13,0,0,0,0,0
0,2824.56,676.15,4.177,4,1,0,0,0,0
0,4063.61,5361.65,0.758,19,0,0,0,0,1
0,4163.05,1773.91,2.347,14,0,0,0,0,0
0,649.92,4731.26,0.137,19,0,0,0,0,0
1,506.87,8197.54,0.062,0,1,0,1,0,1
1,935.77,534.14,1.752,19,0,0,0,2,1
0,2469.66,4666.64,0.529,6,0,0,0,0,0
0,12470.49,416.54,29.938,4,1,0,0,1,1
1,126.26,576.82,0.219,3,1,0,0,0,0
1,1357.03,718.33,1.889,10,0,0,0,0,0
0,319.74,2329.18,0.137,18,0,0,0,0,0
0,211.05,1524.95,0.138,5,1,0,0,0,0
0,6355.3,1273.57,4.99,19,0,0,0,0,0
0,3670.24,1688.53,2.174,17,0,0,0,1,0
0,3243.03,2520.37,1.287,4,1,0,0,0,0
0,5986.93,2701.12,2.216,19,0,0,1,0,1
0,969.1,3962.97,0.245,14,0,0,0,0,0
1,1030.26,7616.19,0.135,20,0,0,1,1,0
0,30990.93,1452.11,21.342,19,0,0,1,0,0
0,1312.2,926.13,1.417,5,1,0,0,1,1
0,4701.66,2571.34,1.828,3,1,0,0,0,0
0,1823.1,528.57,3.449,16,0,0,0,0,0
0,163.57,803.65,0.204,14,0,0,0,1,0
0,126.72,3638.92,0.035,17,0,1,0,0,0
0,851.77,1323.83,0.643,5,1,1,0,1,0
0,7136.17,499.01,14.301,23,1,0,0,3,1
0,5038.07,387.29,13.009,19,0,0,0,0,1
0,5933.09,1546.65,3.836,21,0,0,0,0,0
1,501.12,4136.92,0.121,18,0,0,0,0,1
0,14774.15,4087.51,3.614,11,0,0,0,2,1
1,515.76,1635.64,0.315,8,0,1,0,0,1
0,2384.33,9027.39,0.264,7,0,0,0,0,0
0,1783.87,1347.04,1.324,14,0,0,0,0,0
0,1442.26,1306.74,1.104,0,1,0,1,2,1
0,10302.79,146.83,70.168,1,1,0,0,0,0
1,722.96,989.67,0.731,2,1,1,0,1,1
1,312.78,3186.93,0.098,18,0,0,1,2,1
1,1855.66,6048.5,0.307,9,0,0,0,1,0
0,1075.16,701.2,1.533,13,0,0,0,0,0
0,145888.48,2244.03,65.012,18,0,0,0,0,1
0,4356.65,3797.85,1.147,10,0,0,0,2,0
0,1061.94,1495.31,0.71,20,0,0,0,1,0
0,458.09,189.62,2.416,5,1,0,0,0,0
0,156.9,1849.3,0.085,18,0,0,0,1,0
0,476.86,2937.42,0.162,13,0,0,0,0,0
0,2099.44,631.01,3.327,7,0,0,0,1,0
1,11562.56,1177.63,9.818,1,1,1,0,1,1
1,7771.32,523.25,14.852,21,0,0,1,0,1
1,2435.3,146.48,16.625,17,0,0,0,0,1
0,1187.83,3730.52,0.318,21,0,0,0,0,0
0,2564.34,1475.31,1.738,3,1,0,0,1,1
0,921.29,6234.84,0.148,2,1,0,0,0,1
1,16879.8,3202.19,5.271,1,1,0,0,1,0
0,1413.82,1076.22,1.314,23,1,0,0,1,0
0,1616.08,1373.53,1.177,3,1,0,0,0,1
1,101.44,2464.05,0.041,17,0,1,0,0,1
0,1402.39,3534.03,0.397,10,0,0,0,0,0
0,5363.81,1979.11,2.71,8,0,0,0,2,0
0,451.22,4003.94,0.113,7,0,0,0,0,0
0,681.34,1133.42,0.601,20,0,0,0,0,0
0,5067.1,603.39,8.398,7,0,0,0,0,1
0,265.16,1396.43,0.19,4,1,0,0,2,0
0,7151.96,1780.53,4.017,12,0,0,0,0,0
0,905.25,502.01,1.803,6,0,0,0,1,0
1,1091.01,444.5,2.454,20,0,1,1,0,1
0,419.46,2214.2,0.189,4,1,0,0,0,1
0,2955.61,1026.88,2.878,12,0,0,0,0,0
0,44259.87,1275.05,34.712,19,0,0,0,0,0
1,4993.77,1070.92,4.663,15,0,1,1,0,1
0,587.82,5817.01,0.101,13,0,0,0,0,0
0,7913.35,4608.17,1.717,4,1,0,0,0,0
1,1197.89,486.08,2.464,22,1,1,0,1,1
1,10794.92,916.43,11.779,18,0,1,0,1,1
0,5159.94,3181.17,1.622,3,1,0,0,0,0
1,50.0,2544.64,0.02,23,1,0,1,2,1
0,490.14,1426.08,0.344,21,0,0,0,0,0
0,6171.52,531.74,11.606,23,1,0,0,0,1
0,2202.07,800.88,2.75,10,0,0,0,2,0
0,477.76,929.74,0.514,1,1,0,0,0,0
1,793.4,1899.4,0.418,12,0,0,0,1,0
0,151.7,6859.26,0.022,15,0,0,0,0,0
0,1611.81,797.76,2.02,8,0,0,0,0,0
1,32012.98,587.91,54.452,15,0,0,1,0,1
1,5148.26,1342.48,3.835,6,0,0,0,0,0
0,31180.31,3746.45,8.323,15,0,0,0,0,0
0,5693.7,402.54,14.144,12,0,0,0,1,0
0,6875.52,5476.77,1.255,4,1,0,0,1,1
1,23536.37,1267.97,18.562,14,0,0,1,1,1
0,2952.6,764.42,3.863,6,0,0,0,0,0
1,1417.44,350.66,4.042,17,0,0,0,0,1
0,6921.96,2795.79,2.476,19,0,0,0,1,1
0,11968.01,1268.95,9.431,22,1,0,0,0,1
0,968.79,1726.13,0.561,1,1,0,0,0,0
0,707.66,658.04,1.075,7,0,0,1,0,0
0,2165.73,1110.78,1.95,9,0,0,1,0,1
1,5329.16,955.35,5.578,9,0,0,0,1,0
0,5102.67,1352.17,3.774,10,0,0,0,0,0
0,283.89,810.3,0.35,20,0,0,0,0,0
1,21700.44,372.13,58.314,20,0,1,1,1,1
0,785.63,17251.42,0.046,7,0,0,0,0,0
1,1281.02,433.95,2.952,15,0,1,0,2,1
0,559.22,1742.91,0.321,15,0,1,0,0,1
0,60344.64,300.42,200.868,16,0,0,0,0,1
0,2476.72,245.34,10.095,5,1,0,1,0,1
0,598.08,1616.54,0.37,17,0,0,0,0,0
1,5558.59,1731.82,3.21,16,0,1,0,0,1
0,4914.16,4607.08,1.067,11,0,0,0,0,0
0,1416.51,2120.89,0.668,14,0,0,0,0,1
0,5392.63,1293.58,4.169,6,0,0,0,0,0
0,618.39,629.77,0.982,13,0,0,0,0,0
1,952.61,5705.07,0.167,3,1,0,0,0,0
0,132.52,3415.11,0.039,16,0,0,0,1,0
0,323.39,482.17,0.671,10,0,0,1,1,1
1,18956.84,1531.75,12.376,5,1,1,0,1,1
0,15273.23,1685.21,9.063,9,0,0,0,0,0
1,1969.48,1084.54,1.816,14,0,1,0,3,1
0,15706.2,2965.1,5.297,5,1,1,0,0,1
0,1468.36,3129.29,0.469,15,0,0,0,0,0
0,1317.6,1247.08,1.057,11,0,0,0,1,0
1,1945.87,1149.66,1.693,18,0,0,1,0,0
1,1537.02,5704.8,0.269,15,0,0,1,0,1
0,1366.82,3427.39,0.399,13,0,0,0,0,0
0,7993.77,1579.91,5.06,5,1,0,0,0,0
0,2197.72,341.62,6.433,8,0,0,0,0,1
0,4565.24,2017.47,2.263,21,0,0,0,0,0
0,6910.48,2774.64,2.491,0,1,0,0,0,0
1,2994.83,124.08,24.136,21,0,0,0,0,1
0,512.17,1856.93,0.276,7,0,0,0,1,0
0,311.46,1017.37,0.306,6,0,0,0,0,0
0,2193.85,1213.46,1.808,13,0,0,0,0,0
0,1447.17,654.16,2.212,7,0,0,0,1,0
0,2025.57,1295.47,1.564,10,0,0,0,0,0
0,1770.7,5181.2,0.342,23,1,0,0,0,0
1,51981.63,990.53,52.479,8,0,0,0,0,1
0,320.76,3529.87,0.091,18,0,0,0,0,0
0,136.06,716.45,0.19,6,0,0,0,0,0
0,2785.24,2930.36,0.95,5,1,0,0,1,0
1,1108.38,1482.51,0.748,17,0,0,1,0,0
1,2726.81,2032.09,1.342,4,1,0,0,2,0
0,3862.42,1489.86,2.592,18,0,0,0,0,0
1,9598.25,2637.17,3.64,10,0,0,0,1,0
0,254.83,146.82,1.736,4,1,0,0,1,0
0,876.79,412.47,2.126,23,1,0,0,0,0
0,3157.04,2154.63,1.465,8,0,0,0,0,0
0,4922.65,235.29,20.922,23,1,0,0,2,1
0,31303.48,918.26,34.09,7,0,0,0,0,0
1,6263.0,1409.65,4.443,10,0,0,0,0,1
1,1679.37,702.52,2.39,21,0,0,0,1,0
0,568.18,794.41,0.715,5,1,0,0,0,0
0,868.2,1890.17,0.459,14,0,0,0,1,1
0,836.72,3671.54,0.228,5,1,0,1,0,0
0,4237.82,624.78,6.783,21,0,0,0,0,1
0,2525.25,882.23,2.862,10,0,0,0,0,0
0,323.52,766.52,0.422,14,0,0,0,0,0
0,1025.9,167.46,6.126,11,0,0,0,0,1
1,5657.92,1681.67,3.364,8,0,0,0,0,0
0,2855.95,3433.19,0.832,9,0,0,0,0,0
0,3786.65,3695.9,1.025,14,0,0,0,1,0
1,2974.4,676.08,4.399,16,0,1,0,0,1
0,14978.33,479.85,31.215,15,0,0,0,0,0
0,2457.39,1509.37,1.628,21,0,0,0,1,0
0,1094.63,3122.37,0.351,7,0,0,0,1,0
0,549.78,1701.67,0.323,16,0,0,0,0,0
1,2501.12,1920.56,1.302,10,0,0,0,0,0
0,75.72,4136.68,0.018,10,0,0,0,0,0
0,1422.86,761.11,1.869,5,1,0,0,0,0
1,1383.55,1214.43,1.139,21,0,0,0,0,0
1,306.8,6445.55,0.048,1,1,0,0,2,0
1,540.91,1240.0,0.436,0,1,1,0,0,1
0,5179.97,473.14,10.948,19,0,0,0,0,0
0,2440.42,810.44,3.011,5,1,0,0,1,1
1,2063.84,636.28,3.244,4,1,0,1,0,1
1,2692.57,2041.51,1.319,22,1,1,1,0,1
0,2039.41,660.93,3.086,21,0,1,1,0,1
0,9097.19,1889.24,4.815,21,0,0,0,0,0
0,2122.73,763.22,2.781,8,0,0,0,0,0
1,271.6,218.98,1.24,4,1,1,0,0,1
0,15050.54,1950.73,7.715,17,0,0,0,1,0
0,2926.15,1691.92,1.729,23,1,0,0,1,1
0,840.48,2358.97,0.356,18,0,0,0,0,0
0,354.45,807.8,0.439,14,0,0,0,0,0
1,3025.07,733.93,4.122,14,0,0,0,0,0
0,1552.58,2124.56,0.731,8,0,0,0,0,0
1,13994.1,5808.73,2.409,13,0,0,0,0,0
1,1153.23,1495.25,0.771,4,1,1,0,0,1
0,608.75,2169.23,0.281,16,0,0,0,1,0
0,5793.75,1108.29,5.228,14,0,0,1,0,0
0,6020.14,368.98,16.316,19,0,0,0,0,0
1,2251.26,3535.77,0.637,16,0,1,1,0,1
0,4355.8,3352.87,1.299,23,1,0,0,1,0
0,1721.6,2806.51,0.613,23,1,0,0,1,1
1,2450.44,1256.71,1.95,8,0,0,1,0,1
0,8221.34,2533.48,3.245,12,0,0,0,0,0
1,4076.17,3308.95,1.232,21,0,1,1,1,1
0,1450.91,6362.28,0.228,12,0,0,0,1,0
0,10488.88,3603.55,2.911,4,1,0,1,0,1
0,83.57,1567.82,0.053,13,0,0,0,0,0
1,26047.97,456.04,57.118,6,0,1,0,3,1
0,196.81,1702.91,0.116,4,1,0,0,0,0
1,800.13,1864.82,0.429,11,0,1,0,0,1
1,1714.38,2802.11,0.612,2,1,0,0,0,0
0,1494.54,5006.55,0.299,8,0,1,0,0,0
1,6689.77,1358.81,4.923,9,0,0,1,0,1
0,457.06,9807.36,0.047,0,1,0,0,0,0
0,2537.66,303.88,8.351,13,0,0,1,1,1
0,852.63,2159.02,0.395,0,1,0,0,1,0
1,2653.63,721.5,3.678,9,0,1,0,0,0
0,1662.03,266.0,6.248,10,0,0,0,0,0
0,2040.23,1234.48,1.653,19,0,0,0,0,0
0,884.57,398.83,2.218,1,1,0,0,1,0
0,931.61,1280.13,0.728,22,1,1,0,1,1
0,2626.62,1527.35,1.72,1,1,0,0,0,0
1,6166.15,4050.87,1.522,22,1,0,1,0,1
1,830.67,381.14,2.179,23,1,0,0,1,1
0,584.41,3352.97,0.174,10,0,0,0,0,0
1,4013.82,1616.91,2.482,7,0,1,0,0,1
0,1733.24,3736.72,0.464,2,1,0,0,0,1
1,5322.23,1003.68,5.303,8,0,0,1,1,1
0,556.94,446.29,1.248,15,0,0,0,0,0
0,178.88,494.85,0.361,15,0,0,0,1,0
0,904.24,462.84,1.954,9,0,0,1,1,1
1,667.63,2275.68,0.293,5,1,1,1,0,1
0,1632.02,5592.77,0.292,19,0,0,0,0,0
0,790.05,890.29,0.887,23,1,1,0,1,0
0,4737.77,2607.69,1.817,19,0,0,1,0,1
0,1243.15,375.74,3.309,19,0,0,0,1,0
0,2198.69,1741.13,1.263,10,0,0,0,0,0
1,2219.25,2701.89,0.821,7,0,0,1,2,1
1,2329.58,402.09,5.794,19,0,1,0,1,1
0,1752.21,1232.14,1.422,0,1,0,0,0,0
1,3511.44,2819.53,1.245,5,1,1,0,0,1
0,642.68,105.59,6.087,7,0,0,0,0,0
1,11150.54,4924.15,2.264,13,0,1,1,1,1
1,1329.42,2035.12,0.653,2,1,1,1,0,1
0,328.65,2821.59,0.116,1,1,0,0,1,0
1,2308.83,1021.02,2.261,21,0,0,0,1,1
0,597.93,314.05,1.904,0,1,0,0,1,1
0,4293.83,2393.85,1.794,10,0,0,0,0,0
1,31967.89,1374.26,23.262,20,0,0,1,0,0
0,650.31,1523.71,0.427,5,1,0,0,0,0
0,2785.23,3939.65,0.707,7,0,0,0,1,0
0,184.54,2939.1,0.063,6,0,0,0,0,0
1,3261.94,8342.46,0.391,5,1,0,1,0,1
0,571.68,1700.14,0.336,17,0,0,0,0,0
0,802.49,794.66,1.01,11,0,0,0,0,0
1,431.96,1249.41,0.346,7,0,0,0,1,0
1,4683.48,2151.88,2.176,23,1,0,0,0,0
0,6697.54,3693.28,1.813,20,0,0,1,0,1
0,1863.85,395.31,4.715,18,0,0,0,0,0
0,587.72,1491.72,0.394,23,1,0,0,0,0
0,14276.64,6301.78,2.265,4,1,0,0,1,0
0,681.62,1192.51,0.572,18,0,0,0,0,0
1,108.78,3421.76,0.032,8,0,0,0,0,0
0,3281.01,2307.24,1.422,11,0,0,0,1,0
0,430.0,3499.15,0.123,14,0,0,0,1,0
0,6536.72,714.24,9.152,22,1,0,0,0,0
1,1101.6,717.04,1.536,12,0,0,0,0,0
0,3963.28,1507.56,2.629,23,1,1,1,0,1
1,11180.77,372.78,29.993,12,0,0,0,0,0
0,375.58,1161.23,0.323,20,0,0,0,0,0
0,866.34,1858.62,0.466,20,0,0,0,0,1
0,1638.65,7377.37,0.222,4,1,0,0,0,1
0,13343.93,2126.95,6.274,1,1,0,0,0,0
0,768.24,2598.54,0.296,18,0,0,0,0,0
0,834.76,4221.85,0.198,7,0,0,0,0,0
0,3366.34,621.3,5.418,13,0,1,0,0,1
1,853.72,1275.92,0.669,5,1,1,1,1,1
0,2204.56,13132.84,0.168,6,0,0,0,0,0
1,240.57,1378.55,0.175,13,0,1,1,1,1
0,32164.83,4043.18,7.955,5,1,0,0,1,0
0,313.56,3524.04,0.089,15,0,0,0,0,0
0,1190.02,391.39,3.04,3,1,0,0,0,0
0,1733.29,1957.52,0.885,6,0,0,0,0,0
0,21730.99,1689.31,12.864,15,0,0,0,1,0
0,323.02,1992.14,0.162,3,1,0,0,0,0
0,23832.74,750.92,31.738,6,0,0,0,0,0
0,4838.35,541.73,8.931,20,0,0,0,1,0
0,3109.52,964.48,3.224,1,1,0,0,0,0
1,502.69,1355.58,0.371,22,1,1,1,0,1
1,3798.96,4300.5,0.883,7,0,1,0,0,1
1,705.9,7597.54,0.093,9,0,0,1,0,1
1,9383.05,5202.73,1.803,1,1,1,1,3,1
0,511.64,3210.45,0.159,5,1,0,0,0,0
0,1560.71,599.5,2.603,3,1,0,0,0,1
1,878.44,1024.53,0.857,20,0,1,1,0,1
0,500.81,1788.14,0.28,0,1,0,0,1,0
0,4739.64,837.82,5.657,5,1,0,0,0,0
0,3626.77,2488.62,1.457,11,0,0,0,0,0
0,8705.53,2831.15,3.075,13,0,0,0,0,0
0,178.78,2398.65,0.075,14,0,0,0,0,0
1,7211.43,3724.25,1.936,23,1,1,1,0,1
0,46961.51,655.81,71.608,17,0,0,1,0,1
0,1005.12,3427.36,0.293,16,0,0,0,0,0
1,21241.1,791.49,26.837,8,0,0,1,0,1
0,1284.2,634.7,2.023,14,0,0,0,0,1
0,303.65,2389.66,0.127,17,0,0,0,0,0
0,1215.22,4421.73,0.275,23,1,0,0,0,0
1,7063.28,2296.66,3.075,20,0,0,1,1,1
1,608.12,1508.28,0.403,17,0,0,0,0,0
0,828.45,1956.94,0.423,4,1,0,1,0,0
1,3911.21,1673.69,2.337,15,0,1,1,0,1
0,1815.25,537.35,3.378,8,0,0,0,0,0
1,3866.13,483.79,7.991,21,0,0,0,0,1
1,2463.11,1378.92,1.786,2,1,0,1,1,1
1,3372.85,1590.61,2.12,11,0,1,0,2,1
0,1030.72,1495.47,0.689,23,1,0,0,0,0
1,2443.66,2720.28,0.898,13,0,1,1,1,1
1,541.54,1219.35,0.444,0,1,1,0,2,1
0,9652.42,2456.96,3.929,8,0,0,0,0,1
1,792.7,1299.68,0.61,8,0,1,0,0,1
0,7843.98,7639.01,1.027,19,0,0,0,1,0
1,1334.5,1591.83,0.838,12,0,0,0,0,1
0,2351.01,12169.04,0.193,7,0,0,1,1,0
1,950.08,2032.07,0.468,10,0,0,1,1,1
0,482.61,1221.32,0.395,13,0,0,0,1,1
0,187.13,658.85,0.284,15,0,0,0,1,0
0,458.55,403.99,1.135,10,0,0,0,1,0
0,1186.68,606.5,1.957,18,0,0,0,1,0
0,2381.4,670.72,3.551,21,0,0,1,0,0
0,6724.37,2111.89,3.184,9,0,0,0,0,0
0,1012.84,921.91,1.099,7,0,1,0,1,0
0,574.47,1751.51,0.328,10,0,0,0,0,0
0,277.13,4692.78,0.059,7,0,0,0,0,0
1,3374.77,1367.82,2.467,19,0,0,0,0,1
0,10917.83,9616.55,1.135,9,0,0,0,1,0
1,9379.01,513.77,18.255,16,0,0,0,1,1
1,4550.14,1292.68,3.52,22,1,0,1,0,1
0,4146.86,911.07,4.552,10,0,0,0,0,0
0,16430.77,3438.72,4.778,11,0,0,0,0,0
1,2784.17,197.19,14.119,9,0,0,0,2,0
0,4187.96,403.91,10.369,19,0,0,0,1,0
0,1191.52,1343.98,0.887,16,0,0,0,1,0
0,307.77,5980.38,0.051,2,1,0,0,1,1
1,743.22,1813.94,0.41,6,0,0,0,0,0
0,1786.64,438.61,4.073,2,1,0,0,0,0
0,1956.71,503.99,3.882,16,0,0,0,1,0
1,22118.54,6672.11,3.315,22,1,0,1,0,1
1,2009.54,846.39,2.374,7,0,0,0,0,0
0,8370.73,633.55,13.212,20,0,0,0,0,1
0,1027.0,5595.04,0.184,21,0,0,0,1,0
1,1205.71,3677.5,0.328,18,0,0,1,0,1
0,321.27,4659.45,0.069,13,0,0,0,0,0
0,688.82,629.52,1.094,4,1,0,0,0,1
0,3587.02,375.18,9.561,18,0,0,0,2,0
1,1825.9,1668.78,1.094,12,0,0,0,0,1
0,6159.93,2001.42,3.078,17,0,0,0,0,0
1,2288.45,2055.23,1.113,22,1,0,1,0,1
1,1143.46,5599.12,0.204,10,0,0,1,0,0
0,29518.9,310.94,94.934,22,1,1,0,0,1
0,1600.27,3209.03,0.499,11,0,0,0,1,1
0,8200.1,551.72,14.863,7,0,0,0,0,1
0,1073.23,3197.62,0.336,11,0,0,0,0,0
0,4548.17,965.4,4.711,0,1,0,0,0,0
1,6041.58,711.54,8.491,17,0,1,0,1,1
0,2370.93,854.99,2.773,1,1,0,0,0,0
1,84.7,403.01,0.21,11,0,1,0,0,1
0,1851.46,1535.15,1.206,18,0,0,0,0,0
0,8951.69,738.48,12.122,22,1,1,1,0,1
0,3589.35,3003.91,1.195,6,0,0,0,1,0
0,3227.91,2633.45,1.226,6,0,1,0,1,1
1,192.69,6763.81,0.028,0,1,1,0,0,1
0,708.68,2058.42,0.344,17,0,0,0,1,0
0,3086.41,2365.18,1.305,7,0,0,0,0,0
0,3082.51,5219.15,0.591,9,0,0,0,2,0
0,8769.78,841.43,10.422,22,1,1,0,0,1
0,1497.68,387.83,3.862,0,1,0,0,0,1
0,3064.29,1772.39,1.729,14,0,0,0,0,1
1,1846.94,411.43,4.489,14,0,1,0,4,1
0,501.18,13474.37,0.037,3,1,0,0,0,0
1,96.3,5485.97,0.018,9,0,0,1,0,0
0,3166.28,10379.4,0.305,7,0,0,1,0,0
0,2266.82,1565.88,1.448,13,0,0,0,0,0
0,809.46,2429.68,0.333,12,0,0,0,0,0
0,220.32,978.94,0.225,20,0,0,0,0,0
0,4099.67,3276.83,1.251,16,0,0,0,1,0
0,1279.6,495.72,2.581,6,0,0,0,0,1
0,3729.16,150.09,24.846,5,1,0,0,0,0
0,20399.45,726.59,28.076,8,0,0,0,0,1
0,111.74,399.44,0.28,19,0,0,0,1,0
1,728.16,5597.83,0.13,19,0,1,0,1,0
0,1377.21,7586.38,0.182,7,0,0,0,0,0
0,11983.36,418.79,28.614,13,0,0,0,0,0
0,215.44,4734.09,0.046,19,0,0,0,0,0
0,22395.59,3485.08,6.426,2,1,0,0,0,0
0,2157.3,360.4,5.986,22,1,0,1,1,1
0,1595.91,1041.86,1.532,12,0,0,0,0,0
0,1397.61,878.18,1.591,20,0,0,0,1,0
0,1025.42,2902.12,0.353,8,0,0,0,1,0
0,7062.48,489.85,14.418,20,0,0,0,0,1
0,450.75,1354.27,0.333,8,0,0,0,0,0
0,2832.85,798.44,3.548,21,0,0,0,0,0
0,1097.25,2266.53,0.484,21,0,0,0,0,0
0,671.31,1217.9,0.551,10,0,0,0,0,0
1,52144.17,914.41,57.025,5,1,1,0,0,1
0,3117.44,1221.74,2.552,22,1,0,0,0,0
0,4012.8,9250.55,0.434,11,0,0,0,0,0
0,7935.56,1017.18,7.802,3,1,0,0,0,0
1,284.93,580.04,0.491,3,1,0,0,0,1
0,17640.97,2502.61,7.049,22,1,0,0,0,0
0,69.29,1300.92,0.053,21,0,0,0,0,0
0,665.54,414.18,1.607,16,0,0,0,1,0
0,995.51,11029.7,0.09,6,0,0,0,1,0
0,3851.59,1077.9,3.573,5,1,0,0,0,0
0,2402.66,1053.55,2.281,19,0,0,0,2,0
1,1455.55,1709.32,0.852,7,0,1,1,0,1
0,1780.06,7024.12,0.253,6,0,0,1,0,0
1,507.03,326.43,1.553,7,0,0,1,0,1
1,258.16,1897.68,0.136,8,0,1,0,0,1
0,4649.27,9687.05,0.48,0,1,0,0,2,0
0,4455.16,1662.13,2.68,2,1,0,0,0,1
0,14183.61,486.97,29.126,17,0,1,0,0,1
0,647.41,848.48,0.763,18,0,0,0,0,0
0,4450.0,1783.25,2.495,10,0,0,0,1,0
1,1250.35,4903.59,0.255,15,0,1,0,0,1
1,8498.27,1090.72,7.791,17,0,0,0,0,0
0,6826.39,3115.01,2.191,5,1,0,0,1,1
0,2379.33,406.74,5.85,1,1,0,0,2,0
1,1162.83,403.69,2.881,3,1,0,0,0,1
1,6305.72,958.61,6.578,4,1,1,0,0,1
1,4192.18,5400.39,0.776,20,0,1,1,0,1
0,742.65,1574.96,0.472,13,0,0,0,0,0
0,321.78,1921.44,0.167,0,1,0,0,1,0
0,1242.53,1901.26,0.654,21,0,1,0,0,0
0,12965.38,4016.99,3.228,13,0,0,0,1,0
0,8025.93,854.74,9.39,20,0,0,0,0,0
0,425.8,2750.28,0.155,12,0,0,0,1,0
0,396.2,700.79,0.565,21,0,0,0,0,0
0,9481.42,8821.48,1.075,15,0,0,0,0,0
0,413.09,720.29,0.574,3,1,0,0,0,0
0,3505.48,669.04,5.24,5,1,0,0,0,0
0,811.68,2427.71,0.334,8,0,0,0,0,0
0,14796.68,1590.51,9.303,0,1,0,0,0,0
0,664.11,1986.57,0.334,21,0,0,0,0,0
1,7993.39,1816.35,4.401,16,0,0,0,0,0
0,2299.2,554.82,4.144,22,1,0,0,0,0
0,2509.54,6323.47,0.397,3,1,0,0,1,0
0,139.57,3308.29,0.042,5,1,0,0,1,0
1,103.15,5029.39,0.021,15,0,1,0,0,1
0,1357.32,920.12,1.475,6,0,0,0,1,1
0,2492.34,2153.55,1.157,4,1,0,0,0,0
0,418.74,1768.05,0.237,8,0,0,0,0,0
0,439.09,4085.51,0.107,23,1,0,0,0,1
0,3751.51,4205.81,0.892,18,0,0,0,0,1
0,3758.26,1761.19,2.134,0,1,0,1,0,1
1,1511.62,377.6,4.003,7,0,0,1,0,1
0,4985.37,7344.42,0.679,19,0,0,0,1,1
1,392.89,2441.55,0.161,22,1,0,0,0,0
1,1138.29,856.12,1.33,3,1,0,0,1,1
0,15401.82,2134.29,7.216,22,1,0,0,0,1
1,1975.98,379.94,5.201,16,0,0,1,0,1
0,2130.7,3826.93,0.557,0,1,0,0,0,0
0,36233.18,393.83,92.002,1,1,0,0,0,0
0,293.2,1213.48,0.242,20,0,0,0,1,0
0,5091.66,1844.58,2.76,13,0,1,0,2,1
0,15727.75,3770.47,4.171,21,0,1,0,0,1
0,1185.22,1629.27,0.727,1,1,0,0,1,0
0,5527.66,2621.41,2.109,0,1,0,0,1,0
0,504.4,1443.25,0.349,12,0,0,0,1,0
0,740.44,1438.03,0.515,22,1,0,0,1,1
0,2982.32,1598.67,1.866,7,0,0,0,0,0
0,5105.82,1248.69,4.089,21,0,0,0,0,0
0,7763.72,324.44,23.93,8,0,1,1,0,1
1,13912.14,741.38,18.765,23,1,0,0,0,0
0,1656.26,1845.12,0.898,19,0,0,0,0,0
1,8532.99,1182.98,7.213,20,0,1,0,1,1
0,1158.64,1286.62,0.901,1,1,0,1,0,0
0,5841.36,1106.53,5.279,16,0,0,0,0,0
0,2367.84,680.45,3.48,5,1,0,0,1,0
0,3227.24,949.76,3.398,2,1,0,0,0,0
0,3135.55,1123.1,2.792,19,0,0,0,0,0
1,224.5,1487.17,0.151,16,0,0,0,1,1
0,419.32,2109.15,0.199,5,1,0,0,0,0
1,2065.86,1258.28,1.642,7,0,0,0,1,1
1,201.65,585.99,0.344,13,0,1,1,1,1
1,5327.16,420.62,12.665,9,0,1,0,0,1
1,5614.02,15331.94,0.366,19,0,0,0,0,0
0,2766.45,535.48,5.166,9,0,0,0,1,0
0,420.95,928.19,0.454,14,0,0,0,0,0
0,10874.55,2357.37,4.613,7,0,0,0,0,0
0,25549.52,2048.32,12.473,10,0,0,0,0,0
0,2189.0,2365.58,0.925,15,0,0,0,0,0
1,3511.14,993.82,3.533,2,1,1,0,1,1
0,2350.21,1834.82,1.281,14,0,0,0,0,0
0,3602.85,1564.32,2.303,12,0,0,1,0,1
0,1547.77,1117.76,1.385,10,0,0,0,1,0
0,1728.6,1846.17,0.936,13,0,0,0,0,0
0,5868.96,3826.97,1.534,6,0,0,0,2,0
1,38151.16,1451.02,26.293,18,0,0,0,0,0
0,292.92,1459.73,0.201,14,0,1,0,2,1
0,1579.78,3871.3,0.408,5,1,0,0,0,0
0,389.71,3516.51,0.111,19,0,0,0,0,0
0,14323.15,6158.22,2.326,21,0,0,0,1,0
0,842.14,304.72,2.764,6,0,0,0,0,0
0,276.95,3342.94,0.083,23,1,0,0,0,0
0,4144.94,2543.82,1.629,13,0,0,0,0,0
0,17458.89,667.08,26.172,21,0,0,0,0,1
0,4284.15,1856.46,2.308,3,1,0,0,1,1
0,2359.58,3812.38,0.619,8,0,0,0,1,0
0,3077.53,701.88,4.385,6,0,0,0,1,0
0,11376.36,2204.61,5.16,14,0,0,0,0,0
0,580.3,3242.88,0.179,2,1,0,0,1,0
1,1563.37,564.58,2.769,4,1,1,1,0,1
0,1003.75,1302.37,0.771,16,0,1,0,0,0
0,396.14,1940.83,0.204,23,1,0,0,0,0
0,1179.81,723.05,1.632,0,1,0,0,1,0
0,7631.48,671.0,11.373,0,1,0,0,0,1
0,3776.61,1310.89,2.881,15,0,0,0,0,0
0,4178.07,3045.67,1.372,22,1,0,0,0,0
1,2187.29,2642.18,0.828,13,0,0,1,0,1
0,3570.0,681.79,5.236,10,0,0,0,0,0
0,638.57,2662.31,0.24,13,0,0,0,0,0
0,1209.11,697.61,1.733,7,0,0,0,0,0
0,2320.66,347.53,6.678,18,0,0,1,1,1
0,2593.52,1063.77,2.438,1,1,0,1,0,1
0,2741.46,4067.05,0.674,22,1,0,0,0,0
1,1510.45,2671.42,0.565,9,0,0,0,0,0
0,1106.93,1478.21,0.749,4,1,0,0,1,0
0,109655.91,1017.36,107.785,14,0,0,0,0,0
1,5877.13,1042.33,5.638,0,1,1,0,0,1
0,3093.6,1632.56,1.895,1,1,0,1,1,0
1,1335.19,565.89,2.359,18,0,0,1,0,1
0,1005.68,1082.15,0.929,21,0,0,0,1,0
1,1525.32,1219.25,1.251,16,0,0,0,0,0
0,2645.66,438.8,6.029,14,0,1,1,1,1
1,156.87,696.03,0.225,23,1,1,0,0,0
1,235.05,2141.92,0.11,17,0,1,0,0,0
0,790.02,1493.03,0.529,20,0,0,0,1,0
1,2366.77,1121.15,2.111,7,0,0,1,0,1
0,1324.7,651.79,2.032,20,0,1,0,0,1
0,12351.81,6119.07,2.019,13,0,1,0,0,1
0,263.19,696.33,0.378,7,0,0,0,0,0
0,680.79,1856.47,0.367,21,0,0,0,2,0
0,13044.47,954.24,13.67,22,1,0,0,0,1
0,2144.06,1529.43,1.402,7,0,0,0,1,0
0,5711.83,2234.67,2.556,18,0,0,0,0,0
1,26020.01,431.28,60.332,12,0,1,1,0,1
1,733.67,1471.51,0.499,4,1,0,0,1,1
0,1589.05,4322.79,0.368,9,0,0,0,0,0
0,1268.82,7225.36,0.176,6,0,0,0,0,0
0,142.46,1316.84,0.108,8,0,0,0,0,0
0,1207.71,1536.89,0.786,13,0,0,0,0,0
0,5683.83,10831.35,0.525,5,1,0,0,0,1
0,3651.04,4111.04,0.888,9,0,0,0,0,0
0,4043.27,849.33,4.761,0,1,0,0,0,0
1,1109.69,848.03,1.309,10,0,0,0,1,0
0,770.53,3501.32,0.22,7,0,0,0,0,0
0,9414.75,595.9,15.799,5,1,0,0,1,1
0,947.18,3940.07,0.24,16,0,0,1,1,1
0,2649.98,1999.94,1.325,3,1,1,0,0,1
0,2235.76,2358.9,0.948,5,1,0,0,0,0
0,12091.19,1174.9,10.291,14,0,0,0,0,0
0,6392.21,839.79,7.612,9,0,0,1,0,1
0,335.68,5518.13,0.061,16,0,0,0,0,0
1,386.13,1185.52,0.326,9,0,1,0,0,0
1,3837.52,1022.66,3.752,4,1,0,0,2,0
0,1662.97,1377.29,1.207,18,0,0,0,0,0
0,1000.52,1761.15,0.568,6,0,0,1,0,0
0,6770.41,585.38,11.566,23,1,0,0,0,0
0,2306.99,890.35,2.591,18,0,0,0,1,0
0,1935.64,848.76,2.281,9,0,1,0,0,1
0,4982.95,3167.67,1.573,18,0,0,1,0,0
0,1110.27,666.9,1.665,10,0,0,0,0,0
0,13892.09,304.85,45.57,2,1,0,0,0,0
0,649.07,252.05,2.575,10,0,0,0,0,0
1,4247.17,394.12,10.776,5,1,0,0,0,1
1,11660.74,5041.12,2.313,5,1,0,1,0,1
1,301.72,1502.05,0.201,14,0,0,1,0,0
0,1157.09,2324.18,0.498,2,1,0,0,1,0
1,7981.4,2399.08,3.327,21,0,1,1,0,1
0,8138.96,1557.08,5.227,10,0,0,1,2,1
1,1446.72,1383.95,1.045,7,0,0,0,1,1
0,695.71,3789.82,0.184,22,1,0,0,1,0
1,6264.89,1688.16,3.711,22,1,0,0,1,1
0,8422.09,5214.44,1.615,7,0,0,0,1,0
1,397.8,2588.28,0.154,22,1,1,0,0,0
1,378.01,848.94,0.445,15,0,0,0,0,0
0,2423.17,946.32,2.561,2,1,0,0,1,0
0,4097.65,769.15,5.328,7,0,1,1,2,1
1,1225.63,4428.4,0.277,7,0,1,0,0,1
0,4372.46,1028.09,4.253,12,0,0,0,0,1
1,718.25,721.53,0.995,0,1,0,0,0,1
0,115.69,1973.97,0.059,9,0,0,1,0,0
0,1042.03,1356.35,0.768,4,1,0,0,0,0
0,1962.95,1929.68,1.017,4,1,1,0,0,0
0,1263.21,8109.83,0.156,16,0,0,0,1,0
1,400.94,3366.95,0.119,21,0,0,0,0,0
0,170.66,1516.73,0.113,13,0,0,0,0,0
0,926.75,416.72,2.224,5,1,1,0,1,1
0,5807.77,943.91,6.153,13,0,0,0,1,1
0,9256.27,2807.2,3.297,11,0,0,0,0,0
1,8467.81,515.98,16.411,19,0,0,0,1,0
1,625.98,10166.7,0.062,21,0,0,0,0,0
0,403.5,1499.63,0.269,21,0,0,0,0,0
1,3448.26,1546.83,2.229,0,1,1,0,0,1
1,4128.34,812.42,5.082,4,1,1,0,0,1
0,3041.85,2314.77,1.314,17,0,0,0,0,0
1,131.86,522.07,0.253,13,0,1,0,0,1
0,585.84,10387.97,0.056,6,0,0,0,1,0
0,1739.59,4844.58,0.359,14,0,0,0,0,0
1,3406.31,3589.85,0.949,8,0,0,1,0,1
0,4902.5,423.53,11.575,14,0,0,0,0,0
1,2180.98,1780.9,1.225,15,0,0,0,0,0
1,2779.48,4394.8,0.632,8,0,0,1,1,1
0,2018.93,2524.49,0.8,6,0,0,0,0,0
1,4408.57,600.7,7.339,6,0,0,0,0,1
0,2715.48,824.61,3.293,16,0,0,0,1,1
0,1969.35,985.61,1.998,10,0,0,0,0,1
0,1275.53,859.98,1.483,5,1,0,0,1,0
1,2009.58,5859.98,0.343,13,0,1,0,1,1
0,3394.69,262.72,12.921,14,0,0,0,1,0
0,2559.89,2671.32,0.958,20,0,0,1,0,0
0,2966.31,462.63,6.412,7,0,0,0,0,0
1,10358.25,623.2,16.621,23,1,0,0,0,1
0,2552.21,242.56,10.522,3,1,0,0,1,1
0,777.67,903.12,0.861,0,1,0,0,0,0
0,5702.66,5765.57,0.989,5,1,0,0,0,1
0,306.11,1878.71,0.163,0,1,0,0,1,0
1,443.26,503.45,0.88,20,0,0,1,0,1
0,2797.84,3697.58,0.757,4,1,0,0,1,0
0,3538.0,4483.57,0.789,18,0,0,0,0,0
1,358.32,1625.62,0.22,4,1,1,0,2,1
0,1099.2,9239.79,0.119,21,0,0,0,1,0
1,822.29,3100.78,0.265,4,1,1,0,2,1
0,960.37,2736.37,0.351,16,0,0,0,0,0
1,6165.21,718.35,8.582,11,0,0,0,1,1
0,4529.91,2603.62,1.74,6,0,0,0,0,0
0,1763.65,1799.23,0.98,14,0,0,0,1,0
1,889.14,2363.38,0.376,18,0,1,0,0,1
1,312.77,799.41,0.391,22,1,1,1,0,1
1,11455.67,1661.19,6.896,20,0,0,1,0,0
0,3903.97,709.69,5.501,12,0,0,0,0,0
1,721.5,214.34,3.366,11,0,0,1,0,1
1,4607.68,3635.4,1.267,18,0,0,0,0,0
0,1650.29,382.93,4.31,12,0,0,0,0,0
1,1244.83,1630.22,0.764,5,1,1,1,1,1
1,3183.62,1997.6,1.594,0,1,0,1,0,1
0,689.56,1986.06,0.347,5,1,0,0,0,0
0,1156.46,1147.37,1.008,12,0,0,0,0,0
0,2117.31,1889.54,1.121,12,0,0,0,0,0
0,944.55,2261.7,0.418,12,0,0,0,1,0
0,4314.82,2868.28,1.504,19,0,0,0,2,0
0,20532.96,7045.17,2.914,3,1,1,0,0,1
0,678.18,1827.63,0.371,4,1,1,0,0,0
0,207.54,1568.14,0.132,12,0,0,0,0,1
0,133.99,654.55,0.205,8,0,0,0,0,0
1,1486.81,2191.52,0.678,16,0,1,0,0,1
1,763.48,2699.02,0.283,2,1,0,0,0,0
0,2368.99,1245.05,1.903,19,0,0,0,0,0
1,2148.18,2416.68,0.889,17,0,0,0,1,1
0,224.94,1137.67,0.198,14,0,1,0,1,0
0,170.83,2707.8,0.063,22,1,0,0,0,0
0,2656.36,3365.53,0.789,0,1,0,0,0,0
0,2156.1,3323.47,0.649,8,0,0,0,1,0
1,1039.44,1645.93,0.632,5,1,1,0,0,0
1,209.71,580.58,0.361,17,0,1,0,0,1
0,3336.94,853.44,3.91,0,1,0,0,0,0
0,9447.16,2529.16,3.735,21,0,0,0,0,0
0,2595.09,13412.35,0.193,6,0,0,0,0,0
0,600.81,1089.37,0.552,9,0,1,0,0,0
0,1915.85,2231.11,0.859,5,1,0,0,1,0
0,306.14,897.45,0.341,6,0,1,0,0,0
1,7153.44,616.11,11.611,5,1,0,0,1,1
1,2011.02,805.38,2.497,7,0,1,1,0,1
0,181.53,227.19,0.799,1,1,0,0,0,0
1,1223.07,5004.49,0.244,8,0,0,0,1,0
0,3302.03,198.92,16.6,8,0,0,0,0,1
0,1172.67,1167.42,1.004,6,0,1,0,0,0
0,1263.11,512.7,2.464,8,0,0,0,0,0
0,368.07,667.85,0.551,16,0,0,0,0,0
1,3776.31,5109.57,0.739,2,1,1,0,1,1
0,778.21,1773.94,0.439,15,0,0,0,0,0
0,109.58,620.88,0.176,15,0,0,0,0,1
0,1115.84,870.82,1.281,1,1,0,1,1,0
0,6473.65,743.28,8.71,10,0,0,0,0,0
1,1093.34,1423.41,0.768,15,0,1,0,0,1
0,17315.9,1729.53,10.012,14,0,0,0,2,0
0,3157.89,8151.99,0.387,0,1,1,0,0,0
0,2808.44,263.84,10.644,20,0,0,0,1,0
0,1530.09,1434.64,1.067,16,0,0,0,1,0
0,1654.46,1114.31,1.485,2,1,0,0,0,0
0,1283.76,3469.94,0.37,21,0,0,0,0,0
0,1220.54,2037.21,0.599,21,0,0,0,0,0
1,3605.18,2518.27,1.432,18,0,1,0,1,1
1,535.62,2019.44,0.265,19,0,0,0,0,0
1,446.45,639.83,0.698,6,0,0,0,2,1
0,419.83,4403.43,0.095,21,0,0,0,0,0
0,25831.52,3037.09,8.505,10,0,0,0,0,0
0,3602.72,3374.41,1.068,17,0,0,0,0,0
1,2686.08,4617.67,0.582,13,0,1,0,0,0
0,457.25,2155.78,0.212,15,0,0,0,0,0
0,4065.72,5613.29,0.724,5,1,0,0,0,0
0,1553.8,2079.49,0.747,1,1,0,0,0,0
0,2388.5,1215.42,1.965,22,1,0,0,0,1
0,507.96,1471.53,0.345,10,0,0,0,0,0
0,2226.86,1448.87,1.537,10,0,0,0,0,0
1,1042.12,927.55,1.124,9,0,1,0,0,1
0,668.28,6429.81,0.104,3,1,0,0,0,0
0,4695.4,1932.69,2.429,16,0,0,0,0,0
0,244.93,1612.05,0.152,9,0,0,0,1,0
0,3767.66,2099.48,1.795,8,0,0,0,1,0
0,4402.08,21630.7,0.204,12,0,0,1,0,0
1,576.2,534.56,1.078,10,0,0,0,1,0
0,622.39,691.92,0.9,9,0,0,0,0,0
1,1352.98,427.3,3.166,23,1,1,1,0,1
0,2608.8,1200.7,2.173,4,1,0,0,0,0
0,1482.21,1846.35,0.803,2,1,0,0,0,0
1,3176.8,973.8,3.262,3,1,1,0,0,1
0,17887.79,910.73,19.641,2,1,0,0,0,1
0,934.46,1682.72,0.555,9,0,0,0,0,0
0,194.47,942.09,0.206,23,1,0,0,0,0
0,5290.67,1956.98,2.703,12,0,0,0,0,0
1,16127.95,4035.2,3.997,4,1,1,1,0,1
0,3012.72,2722.56,1.107,12,0,0,0,1,0
1,439.63,3271.2,0.134,23,1,1,0,0,0
1,1539.08,3933.66,0.391,0,1,0,0,1,0
0,422.39,1909.4,0.221,10,0,0,0,0,0
1,4170.17,1283.34,3.249,2,1,1,0,0,1
0,312.1,738.76,0.422,16,0,0,0,0,0
1,1223.94,1041.0,1.176,18,0,1,1,0,1
0,489.98,923.97,0.53,12,0,0,0,0,0
0,2132.12,2859.79,0.746,15,0,0,0,1,0
0,1123.0,2022.53,0.555,17,0,0,0,0,0
0,2275.13,2771.33,0.821,22,1,0,0,0,0
0,1861.35,520.97,3.573,19,0,0,0,0,0
1,501.37,5369.95,0.093,22,1,1,0,0,1
0,4084.44,1007.99,4.052,18,0,0,1,0,1
0,1696.98,550.04,3.085,5,1,0,1,1,1
1,500.15,996.95,0.502,22,1,0,0,0,1
0,33296.4,13840.98,2.406,6,0,0,0,0,0
1,3358.87,1044.25,3.217,14,0,0,0,0,0
1,1481.43,1104.79,1.341,4,1,0,0,0,0
1,11381.74,1245.27,9.14,15,0,1,1,0,1
1,19818.29,1294.97,15.304,5,1,0,0,0,1
0,1496.74,732.65,2.043,2,1,0,0,2,1
0,2840.16,1683.94,1.687,11,0,0,0,1,0
1,500.49,3897.28,0.128,3,1,0,1,0,0
0,1493.16,1964.24,0.76,21,0,0,0,0,0
0,1395.79,544.55,2.563,2,1,0,0,0,0
0,2299.1,1085.82,2.117,15,0,0,0,1,0
1,2786.63,901.11,3.092,15,0,1,1,2,1
0,3743.5,1552.54,2.411,22,1,0,0,0,0
0,2462.51,4902.04,0.502,18,0,0,0,0,0
0,374.67,1294.66,0.289,14,0,0,0,0,0
0,533.78,1367.39,0.39,8,0,0,0,0,0
0,888.62,7331.1,0.121,19,0,0,0,0,0
0,1252.74,3257.08,0.385,1,1,0,0,1,0
0,7086.92,2481.64,2.856,5,1,0,0,0,0
1,398.69,8624.12,0.046,13,0,1,1,0,1
0,1136.1,2300.38,0.494,8,0,0,1,0,0
1,6241.1,247.68,25.198,9,0,0,0,1,1
1,1224.34,3131.91,0.391,17,0,0,1,2,1
0,3289.66,353.26,9.312,14,0,0,0,1,1
0,1508.08,2223.43,0.678,3,1,0,0,0,0
0,2524.55,316.6,7.974,4,1,0,0,0,1
1,1343.44,972.46,1.381,22,1,0,0,0,0
0,4303.51,1066.99,4.033,20,0,0,0,0,0
0,242.6,740.18,0.328,5,1,0,0,1,0
0,1127.43,1081.42,1.043,14,0,0,0,0,0
0,2658.57,3749.23,0.709,19,0,0,1,2,1
0,3618.46,778.56,4.648,1,1,0,0,0,1
0,12592.27,2417.83,5.208,15,0,0,0,0,0
1,1087.53,620.74,1.752,4,1,0,0,0,1
0,12373.67,1248.19,9.913,22,1,1,0,0,1
0,767.6,1981.19,0.387,3,1,0,0,1,0
0,10170.44,603.73,16.846,0,1,0,0,2,0
1,5232.83,454.62,11.51,7,0,0,0,1,1
0,551.42,2304.66,0.239,20,0,0,0,0,0
1,2694.99,4067.45,0.663,9,0,1,1,0,1
0,1691.54,1378.62,1.227,14,0,0,0,0,1
0,4077.58,980.85,4.157,1,1,0,1,0,1
0,1352.55,1702.93,0.794,18,0,0,0,0,0
0,1212.67,1556.09,0.779,11,0,0,0,0,0
0,10719.53,1842.01,5.819,9,0,0,0,1,0
0,1590.28,152.11,10.455,11,0,0,0,0,0
1,5294.1,565.55,9.361,20,0,1,0,1,1
0,1348.9,691.8,1.95,19,0,0,0,2,0
0,15782.58,1695.58,9.308,8,0,0,0,0,0
0,748.57,1749.86,0.428,7,0,0,0,1,1
0,813.72,2624.28,0.31,1,1,0,0,1,0
0,13119.73,1866.51,7.029,20,0,0,1,1,1
0,1013.91,459.13,2.208,23,1,0,0,1,1
0,14492.65,5444.19,2.662,23,1,0,0,1,1
0,5764.03,4650.48,1.239,6,0,0,0,0,0
0,1478.75,477.05,3.1,3,1,0,0,0,1
0,171.18,1997.07,0.086,18,0,0,0,0,0
0,1763.2,866.2,2.036,7,0,0,0,0,0
0,2063.42,1677.36,1.23,23,1,0,0,0,0
1,8245.17,3819.9,2.158,12,0,1,0,0,1
0,14256.69,10067.76,1.416,20,0,1,0,0,0
0,742.12,2910.7,0.255,2,1,0,0,0,0
0,5123.21,1930.32,2.654,4,1,0,0,1,1
1,4890.37,1090.25,4.486,19,0,0,0,0,1
1,7298.59,1743.97,4.185,7,0,0,1,0,1
0,3457.49,5033.12,0.687,1,1,0,0,1,0
1,144.71,1421.92,0.102,23,1,0,1,0,1
0,1477.27,666.81,2.215,9,0,0,1,1,0
0,402.45,344.56,1.168,21,0,0,1,0,1
1,1389.38,2349.0,0.591,15,0,1,1,0,1
1,6464.01,1849.29,3.495,3,1,0,0,1,0
0,2688.39,827.73,3.248,13,0,0,0,0,0
0,8042.68,3727.2,2.158,2,1,0,0,1,0
0,2819.4,1012.73,2.784,9,0,0,0,2,0
0,334.35,1311.36,0.255,12,0,0,0,0,0
1,68.23,1458.26,0.047,4,1,0,0,0,0
0,2193.93,1079.38,2.033,21,0,1,0,0,1
0,1369.08,1830.38,0.748,16,0,0,0,0,1
0,507.74,4172.89,0.122,16,0,0,0,1,0
0,198.18,529.41,0.374,10,0,0,0,0,0
0,695.64,2297.71,0.303,18,0,0,0,1,0
0,1404.11,1728.39,0.812,17,0,0,0,0,0
1,4296.87,1700.01,2.528,16,0,0,0,0,0
1,2310.5,3244.32,0.712,10,0,0,0,0,0
0,14625.0,1547.46,9.451,14,0,0,0,1,1
1,470.46,2280.63,0.206,7,0,0,1,1,1
1,5683.81,2819.4,2.016,11,0,0,0,1,0
1,1922.71,940.18,2.045,16,0,1,0,0,1
0,4460.74,1937.72,2.302,23,1,0,0,0,0
0,1025.08,1181.21,0.868,4,1,0,0,0,0
0,7282.17,1313.68,5.543,3,1,0,0,3,0
0,2653.92,1107.81,2.396,23,1,0,0,1,1
0,747.49,2261.93,0.33,23,1,0,0,1,0
0,1780.0,1593.17,1.117,10,0,0,0,1,0
0,1324.22,2111.36,0.627,7,0,0,0,1,0
1,3415.0,1457.15,2.344,15,0,0,0,1,1
0,390.06,349.43,1.116,15,0,0,0,0,0
0,1740.35,1522.69,1.143,2,1,0,0,1,0
1,3022.68,1567.42,1.928,11,0,1,1,0,1
1,1887.35,1841.5,1.025,23,1,1,0,0,1
1,10415.22,867.52,12.006,12,0,1,1,1,1
1,4945.48,504.76,9.798,0,1,1,0,1,1
0,1790.54,2597.09,0.689,3,1,0,0,0,0
1,2396.34,1157.19,2.071,20,0,0,0,0,0
0,2655.44,1726.96,1.538,5,1,0,0,1,0
0,3054.25,1149.04,2.658,4,1,0,0,2,1
0,168.45,1472.25,0.114,4,1,0,0,1,1
0,1221.72,987.96,1.237,20,0,0,0,0,0
0,262.49,619.38,0.424,9,0,0,0,0,0
0,9525.86,2267.33,4.201,18,0,0,0,1,0
1,1670.53,860.22,1.942,17,0,1,0,0,1
0,1406.21,1715.67,0.82,1,1,0,0,1,0
0,5801.3,2141.83,2.709,15,0,0,0,1,0
1,3130.73,872.94,3.586,14,0,1,0,0,1
0,416.87,500.95,0.832,23,1,0,0,0,0
0,1648.83,13140.8,0.125,4,1,0,0,0,0
0,1169.44,920.58,1.27,20,0,0,0,1,1
0,187.19,2594.31,0.072,21,0,1,0,1,0
0,737.04,8480.44,0.087,8,0,0,0,0,0
1,1424.25,3013.68,0.473,22,1,1,0,1,1
0,1557.07,1129.58,1.378,4,1,0,0,0,0
0,263.25,1393.53,0.189,4,1,0,0,0,0
1,8080.15,699.7,11.548,8,0,0,0,2,1
1,1583.3,3273.21,0.484,8,0,0,0,0,1
0,1898.5,2464.25,0.77,1,1,0,0,1,0
0,3043.72,931.71,3.267,6,0,0,0,1,1
0,649.04,579.43,1.12,0,1,0,0,0,0
0,3272.35,450.74,7.26,19,0,0,0,1,0
0,1121.93,3597.03,0.312,1,1,0,0,0,0
0,563.65,1649.68,0.342,11,0,0,0,0,0
1,3810.37,1796.3,2.121,5,1,0,0,0,0
0,12571.35,705.81,17.811,19,0,0,0,2,0
0,4639.11,396.57,11.698,18,0,0,0,0,0
0,6002.14,3520.48,1.705,15,0,0,0,1,0
0,918.9,1537.38,0.598,3,1,0,1,0,0
0,226.58,3349.32,0.068,17,0,0,0,1,0
0,12546.27,1045.93,11.995,4,1,0,0,1,1
1,26130.78,1196.15,21.846,21,0,0,1,1,1
0,13435.41,2812.89,4.776,17,0,0,0,0,0
0,1168.5,2861.53,0.408,5,1,0,0,0,0
0,403.02,3034.52,0.133,13,0,0,0,0,0
0,452.42,1134.92,0.399,19,0,0,0,0,0
0,202.58,2573.68,0.079,16,0,0,0,0,0
0,1572.48,4016.59,0.391,17,0,0,0,2,0
0,14579.64,1347.09,10.823,20,0,0,0,1,0
0,1503.93,932.49,1.613,9,0,0,0,1,1
1,2678.52,4956.59,0.54,22,1,0,0,0,0
1,10810.53,821.39,13.161,23,1,0,1,0,1
1,1069.21,2608.5,0.41,18,0,1,0,0,1
1,25493.81,1404.48,18.152,17,0,0,1,1,1
0,24094.11,282.19,85.383,3,1,0,0,0,1
1,1524.7,4087.69,0.373,19,0,1,0,0,1
0,853.38,123.71,6.898,14,0,0,0,0,0
1,4475.66,248.21,18.032,5,1,1,0,2,1
1,1150.81,2379.38,0.484,5,1,0,0,0,1
1,402.01,2378.83,0.169,2,1,0,1,0,1
1,9562.56,833.95,11.467,8,0,0,0,0,0
0,8790.1,1690.94,5.198,10,0,0,0,0,0
0,2213.13,151.67,14.592,4,1,0,0,1,1
0,350.12,2796.93,0.125,13,0,0,0,0,1
0,365.63,1853.36,0.197,1,1,0,0,0,0
0,2078.49,1420.72,1.463,21,0,0,0,0,0
0,944.04,1508.33,0.626,18,0,0,0,0,0
1,1160.47,2307.52,0.503,7,0,0,0,1,0
0,6826.4,1442.29,4.733,12,0,0,0,1,0
1,4689.74,274.06,17.112,18,0,0,0,1,1
1,10846.37,10686.1,1.015,4,1,1,1,0,1
1,498.79,4362.15,0.114,14,0,0,0,0,0
1,1157.31,465.7,2.485,3,1,1,0,0,0
0,4849.72,1085.04,4.47,3,1,0,0,0,0
1,3237.32,1196.99,2.705,17,0,0,0,0,1
1,13254.53,3908.72,3.391,23,1,0,0,0,0
0,3123.46,212.02,14.732,18,0,1,0,1,1
0,19981.09,944.72,21.15,19,0,0,0,0,1
1,3648.32,303.51,12.02,21,0,0,0,0,1
0,7192.67,1145.29,6.28,8,0,0,0,0,0
0,1187.29,967.53,1.227,14,0,0,0,0,0
0,1841.94,1590.37,1.158,11,0,0,0,0,1
0,5908.98,858.87,6.88,3,1,0,0,0,1
0,14718.66,753.01,19.546,2,1,0,0,2,1
1,4665.77,2585.54,1.805,4,1,0,0,2,1
0,1622.75,2228.77,0.728,16,0,0,0,0,0
0,10834.99,2431.49,4.456,4,1,0,0,0,1
0,104.63,1262.43,0.083,3,1,0,0,1,0
0,284.6,884.87,0.322,20,0,0,0,0,0
1,4385.79,1330.13,3.297,6,0,0,1,1,1
0,1841.51,2324.0,0.792,6,0,0,0,0,0
0,3972.57,208.7,19.035,6,0,0,0,0,0
0,1965.95,2110.54,0.931,16,0,0,0,0,0
0,3798.0,1955.15,1.943,14,0,0,0,1,0
1,627.21,1565.46,0.401,6,0,1,0,0,1
1,3795.73,1294.16,2.933,14,0,1,0,0,1
0,6586.25,147.01,44.801,19,0,0,0,1,1
0,8837.12,996.38,8.869,3,1,0,0,0,0
0,24775.75,7409.33,3.344,1,1,0,0,1,1
0,2483.26,1497.59,1.658,21,0,0,0,0,0
0,2581.39,1122.64,2.299,12,0,0,0,0,0
0,249.6,1503.0,0.166,11,0,0,0,0,0
0,906.11,2037.13,0.445,9,0,1,0,1,0
0,1406.69,2678.3,0.525,18,0,0,0,0,0
1,7082.74,1204.73,5.879,14,0,0,1,0,1
1,817.05,2169.88,0.377,16,0,1,0,1,1
0,5091.06,6694.13,0.761,20,0,0,0,1,0
1,1804.23,3661.49,0.493,5,1,0,0,0,1
0,1436.09,12164.42,0.118,4,1,0,0,1,1
0,2498.79,819.67,3.049,20,0,0,1,0,1
1,1087.35,6691.35,0.163,12,0,0,0,0,0
1,1035.1,726.61,1.425,13,0,0,1,1,1
1,197.11,2034.92,0.097,23,1,0,0,0,0
0,1309.84,2861.87,0.458,13,0,0,0,0,0
0,968.78,934.77,1.036,14,0,1,0,1,0
1,924.47,1602.26,0.577,15,0,1,1,0,1
0,3108.62,3359.06,0.925,9,0,0,0,0,0
0,4256.58,781.14,5.449,0,1,0,0,2,0
0,2445.13,6650.49,0.368,23,1,0,0,0,1
0,6594.82,425.75,15.49,10,0,0,0,3,1
0,3820.86,8482.18,0.45,6,0,0,0,0,0
0,1232.04,3645.3,0.338,16,0,0,0,0,0
1,990.58,1365.46,0.725,3,1,0,1,0,1
0,2715.33,1030.29,2.636,6,0,0,0,1,0
0,3811.95,937.93,4.064,2,1,0,0,1,0
0,11127.75,1310.0,8.494,23,1,0,0,0,1
0,8505.98,1417.08,6.002,19,0,0,0,0,0
0,894.34,4581.14,0.195,13,0,1,0,0,0
0,1583.5,8706.18,0.182,17,0,1,0,1,1
1,4325.67,1771.25,2.442,17,0,0,1,1,1
0,7247.39,691.55,10.48,23,1,0,0,0,0
1,6128.22,905.83,6.765,23,1,0,0,0,1
0,1663.97,1255.41,1.325,0,1,0,0,1,1
0,354.17,585.75,0.605,5,1,0,0,1,0
0,493.43,512.32,0.963,8,0,0,0,0,0
0,2577.11,9773.35,0.264,1,1,0,0,0,0
1,2821.13,1943.71,1.451,7,0,0,0,1,0
0,433.42,699.37,0.62,23,1,0,1,1,1
0,1915.9,3086.96,0.621,19,0,0,0,0,0
1,4107.59,512.6,8.013,3,1,1,0,1,1
1,404.8,552.02,0.733,20,0,1,1,0,1
1,7604.51,718.57,10.583,9,0,1,1,1,1
0,1106.78,6562.07,0.169,22,1,1,0,0,1
1,9273.32,1178.98,7.866,0,1,1,0,2,1
0,903.71,164.43,5.496,10,0,0,0,0,0
0,475.99,4398.68,0.108,8,0,0,0,1,0
0,996.67,1123.56,0.887,18,0,0,0,1,1
0,1597.68,280.21,5.702,10,0,0,0,0,0
0,1091.14,1113.19,0.98,3,1,0,0,2,1
0,1365.39,2365.88,0.577,22,1,0,0,0,1
1,2791.0,2129.5,1.311,4,1,0,1,1,1
0,1447.32,7469.43,0.194,20,0,0,0,0,0
0,1659.14,687.12,2.415,16,0,0,0,0,0
0,195.98,1543.87,0.127,17,0,0,0,0,0
1,3008.53,788.7,3.815,4,1,1,0,0,1
0,1610.07,369.45,4.358,17,0,0,0,1,0
0,14667.37,3284.52,4.466,16,0,0,0,0,0
1,533.02,2246.08,0.237,2,1,1,1,0,1
1,172.3,1910.86,0.09,10,0,0,0,0,0
0,4037.94,2173.54,1.858,16,0,0,0,0,0
0,2836.95,798.77,3.552,7,0,0,0,1,1
1,487.38,598.77,0.814,23,1,0,1,1,1
0,247.48,1531.32,0.162,7,0,0,0,1,0
0,13341.25,4209.46,3.169,22,1,1,0,0,1
1,11365.57,6293.48,1.806,22,1,1,0,0,1
0,71.26,3028.7,0.024,1,1,0,0,0,0
0,996.56,1519.68,0.656,6,0,0,0,0,0
0,15731.96,1887.12,8.336,20,0,0,0,0,1
0,973.72,1495.83,0.651,19,0,0,0,1,1
0,955.47,587.96,1.625,23,1,0,0,0,0
1,1251.89,1513.5,0.827,20,0,1,1,0,1
0,421.08,445.26,0.946,5,1,0,0,1,1
0,197.12,1323.89,0.149,19,0,0,0,0,0
0,7103.28,6454.25,1.101,17,0,0,0,0,0
0,164.71,3104.39,0.053,6,0,0,0,1,0
1,2493.53,644.96,3.866,17,0,0,0,0,0
0,5724.75,1386.88,4.128,11,0,0,0,1,1
0,274.08,698.59,0.392,6,0,0,0,1,0
0,543.73,1399.31,0.389,6,0,1,1,0,1
0,8752.84,3778.18,2.317,0,1,0,0,0,1
0,3614.68,2664.33,1.357,9,0,0,1,0,1
1,810.4,13845.7,0.059,9,0,1,0,1,1
1,8629.34,4329.6,1.993,11,0,1,1,0,1
0,8677.57,1778.63,4.879,2,1,0,0,0,0
0,2565.14,2722.85,0.942,2,1,1,0,0,1
1,561.04,1233.73,0.455,12,0,0,1,0,1
1,1056.29,536.6,1.968,12,0,0,1,0,1
0,2623.6,4794.38,0.547,5,1,0,0,0,0
0,1414.92,3670.53,0.385,2,1,0,0,0,0
0,6128.13,1191.6,5.143,14,0,0,1,1,1
1,247.47,1894.18,0.131,8,0,0,0,0,0
1,259.16,4522.61,0.057,20,0,0,0,0,0
0,2287.31,3170.73,0.721,5,1,0,0,0,0
0,954.31,396.71,2.406,5,1,0,0,0,0
1,800.18,1843.2,0.434,7,0,1,1,0,1
1,181.55,1273.0,0.143,10,0,0,1,1,1
1,1854.57,4030.72,0.46,18,0,0,0,1,0
1,1688.2,3744.11,0.451,15,0,1,1,1,1
0,4228.16,4850.06,0.872,8,0,0,0,1,0
0,1977.48,541.26,3.653,22,1,0,0,1,1
0,1521.75,730.92,2.082,10,0,0,0,0,1
0,8350.7,4034.65,2.07,15,0,0,0,1,0
0,328.26,869.15,0.378,5,1,0,0,0,0
1,3631.15,376.42,9.647,16,0,0,0,1,0
0,205.92,2390.69,0.086,15,0,0,0,0,0
1,607.97,904.61,0.672,19,0,0,0,2,0
0,373.73,7411.67,0.05,20,0,0,0,1,0
1,4996.66,1932.49,2.586,17,0,1,0,1,1
0,1660.65,1709.97,0.971,0,1,0,0,0,0
0,1776.58,1061.76,1.673,17,0,0,1,0,1
0,428.91,6196.57,0.069,7,0,0,0,1,0
0,1224.64,2044.07,0.599,21,0,0,0,1,0
1,670.15,1024.9,0.654,9,0,1,0,1,1
1,2976.46,724.39,4.109,1,1,1,0,1,1
0,498.49,1385.58,0.36,8,0,0,0,0,0
0,10185.62,614.08,16.587,23,1,0,0,0,0
0,204.74,3736.82,0.055,3,1,0,0,2,0
0,633.67,290.76,2.179,10,0,0,0,0,0
1,16000.27,1305.63,12.255,9,0,0,0,0,1
1,1026.92,2563.48,0.401,13,0,0,0,1,0
0,327.23,2014.06,0.162,6,0,0,0,0,0
1,2403.77,776.23,3.097,18,0,1,0,1,1
0,974.56,2681.77,0.363,5,1,0,0,0,0
1,609.94,666.85,0.915,15,0,1,0,1,1
0,435.01,1450.78,0.3,18,0,0,0,1,0
1,66097.47,2661.53,24.834,18,0,0,1,0,1
1,1303.73,2245.36,0.581,12,0,0,0,0,1
0,147.93,806.31,0.183,11,0,0,0,1,0
1,12604.67,4349.19,2.898,21,0,0,0,0,0
0,4001.37,1600.43,2.5,14,0,0,0,1,1
0,667.54,2889.09,0.231,7,0,0,0,1,0
0,537.51,5861.68,0.092,3,1,0,0,0,0
1,4339.5,4047.15,1.072,19,0,0,1,0,0
1,1311.6,4056.66,0.323,7,0,0,0,0,0
1,147.85,1760.6,0.084,22,1,0,1,0,1
1,18460.93,3024.62,6.104,20,0,0,1,1,1
0,1028.45,1794.06,0.573,15,0,0,1,2,1
1,12635.22,498.5,25.346,15,0,0,1,0,1
0,9527.76,1943.93,4.901,1,1,0,0,1,1
0,492.1,1864.46,0.264,21,0,0,0,0,0
0,6926.76,2503.28,2.767,16,0,0,0,0,0
1,775.2,1319.23,0.588,22,1,1,1,1,1
1,159.7,745.97,0.214,4,1,0,1,0,1
0,1041.09,2672.73,0.39,4,1,0,0,0,1
0,3031.85,453.98,6.678,11,0,1,0,0,1
1,990.73,5502.39,0.18,6,0,1,0,0,1
0,1212.98,1201.98,1.009,4,1,0,0,0,1
1,7995.51,1846.37,4.33,3,1,0,1,1,1
1,2076.51,2447.21,0.849,16,0,1,0,0,1
0,604.08,2519.0,0.24,5,1,0,0,1,0
0,4503.63,416.51,10.813,13,0,1,0,0,1
1,2337.83,3107.82,0.752,8,0,0,1,0,1
1,68.16,1944.65,0.035,3,1,0,1,1,1
0,3155.36,835.7,3.776,10,0,0,0,2,0
1,3009.04,753.93,3.991,19,0,0,1,0,1
0,1855.96,1095.92,1.694,20,0,0,1,1,1
0,5762.98,459.96,12.529,15,0,0,0,0,1
1,754.37,6974.67,0.108,15,0,0,0,1,0
1,2800.21,5639.42,0.497,15,0,0,0,0,0
0,235.79,2222.82,0.106,5,1,1,0,0,1
1,3069.34,1210.68,2.535,14,0,0,1,0,1
0,22901.96,1239.67,18.474,2,1,0,0,0,1
0,496.05,2928.54,0.169,8,0,0,0,0,0
0,673.34,7201.5,0.093,0,1,0,0,0,0
1,718.37,885.93,0.811,10,0,1,0,0,1
0,2140.93,541.41,3.954,21,0,0,0,0,0
0,453.98,5960.3,0.076,5,1,0,0,0,0
0,3126.35,296.36,10.549,23,1,0,0,0,1
1,5436.51,597.24,9.103,4,1,0,1,0,1
0,3621.53,1185.39,3.055,17,0,0,0,0,0
1,181.46,363.44,0.499,20,0,0,0,1,0
0,6592.7,4027.63,1.637,11,0,0,0,0,0
0,6115.47,3200.99,1.91,6,0,0,0,0,0
0,5319.9,882.44,6.029,1,1,0,0,1,1
1,2935.68,4682.81,0.627,6,0,0,1,1,1
1,2407.26,5455.41,0.441,8,0,1,1,0,1
0,6919.55,1336.95,5.176,23,1,0,0,0,0
0,22038.97,986.73,22.335,19,0,0,0,0,0
0,523.77,11312.25,0.046,7,0,0,0,0,0
0,7343.44,2832.87,2.592,8,0,0,0,2,1
0,1616.34,1864.4,0.867,9,0,0,0,1,0
0,1527.56,5050.24,0.302,11,0,0,0,0,0
0,245.31,1942.51,0.126,1,1,0,0,1,0
0,1248.59,939.12,1.33,9,0,0,0,0,0
0,494.5,1591.04,0.311,2,1,1,0,0,1
1,989.29,3769.84,0.262,0,1,0,0,0,0
0,433.7,246.42,1.76,16,0,0,0,0,0
0,1008.7,1142.27,0.883,21,0,0,0,0,0
1,1066.41,5139.71,0.207,0,1,1,1,0,1
0,2050.38,933.85,2.196,4,1,0,0,0,1
0,221.59,5952.09,0.037,13,0,0,0,0,0
0,276.12,5288.39,0.052,5,1,0,0,0,0
0,2894.27,1395.52,2.074,8,0,0,0,0,0
0,641.19,887.42,0.723,21,0,0,0,0,0
0,7309.2,1142.96,6.395,13,0,1,0,0,1
1,2423.22,16287.5,0.149,3,1,0,1,0,1
0,3979.02,7998.28,0.497,0,1,0,0,1,0
0,11315.17,1657.15,6.828,5,1,0,0,1,0
0,1208.79,856.34,1.412,6,0,0,0,2,0
0,856.77,1644.74,0.521,20,0,0,0,0,0
0,5615.09,1843.54,3.046,5,1,0,0,1,0
1,3506.48,483.46,7.253,23,1,1,0,0,1
0,1417.25,1590.87,0.891,0,1,0,0,0,0
0,11035.75,4866.66,2.268,7,0,0,0,0,0
0,1372.08,293.12,4.681,11,0,0,0,0,1
0,1886.74,3114.82,0.606,10,0,0,0,1,0
1,1858.62,5101.64,0.364,1,1,0,1,0,1
0,536.48,893.81,0.6,1,1,0,0,0,0
0,1999.92,6800.55,0.294,23,1,1,0,0,0
0,11112.08,795.28,13.973,1,1,0,0,0,1
1,3224.26,2201.68,1.464,7,0,1,0,0,0
0,1882.55,1123.16,1.676,20,0,0,0,0,0
0,1465.13,1122.94,1.305,23,1,0,1,0,1
1,2779.78,849.32,3.273,6,0,1,0,0,1
1,4791.97,2775.87,1.726,15,0,0,0,1,0
0,3991.85,3177.74,1.256,23,1,0,0,0,1
0,1174.47,1396.91,0.841,21,0,0,0,0,0
0,2757.88,435.3,6.336,8,0,0,1,0,1
0,3374.23,2127.82,1.586,15,0,0,0,0,1
0,488.16,2164.21,0.226,1,1,0,0,0,0
0,2250.03,1217.99,1.847,2,1,1,0,0,1
0,108.89,7946.67,0.014,1,1,0,0,0,1
0,3385.63,362.3,9.345,21,0,0,0,0,0
0,4266.06,201.23,21.2,18,0,0,0,0,0
1,4778.16,766.82,6.231,16,0,0,0,1,1
0,1081.86,2805.63,0.386,19,0,1,0,1,1
0,2702.04,572.34,4.721,20,0,0,0,0,1
0,11511.94,612.24,18.803,11,0,0,0,1,1
1,11360.53,3483.94,3.261,10,0,0,0,1,0
0,1740.76,2244.62,0.776,19,0,0,1,2,1
0,2167.04,2078.4,1.043,21,0,0,0,0,1
0,7663.2,2990.77,2.562,18,0,0,0,0,1
0,256.97,1009.62,0.255,5,1,0,0,0,0
0,1187.97,1052.49,1.129,9,0,0,0,0,0
0,10262.4,3068.06,3.345,13,0,0,0,1,0
0,6423.77,441.25,14.558,0,1,0,0,0,0
1,2922.06,215.2,13.578,14,0,0,0,0,1
0,255.29,1002.29,0.255,5,1,0,0,0,0
0,1694.46,3421.33,0.495,12,0,1,0,0,1
1,839.75,1863.11,0.451,23,1,0,0,0,1
0,2780.4,3202.1,0.868,13,0,0,0,0,0
0,631.34,241.13,2.618,12,0,1,0,1,1
0,476.54,1966.38,0.242,23,1,0,0,0,0
0,123.43,2666.38,0.046,15,0,0,0,1,0
1,8851.53,438.9,20.168,0,1,1,1,1,1
1,1075.24,3215.87,0.334,13,0,0,0,1,0
0,2217.84,1338.94,1.656,12,0,0,0,2,0
0,1802.79,23487.02,0.077,22,1,0,0,0,0
1,451.39,208.61,2.164,9,0,1,0,0,1
1,351.85,5075.61,0.069,9,0,1,1,0,1
1,489.36,1038.21,0.471,3,1,1,1,0,1
0,706.19,345.35,2.045,13,0,0,0,0,0
0,2911.98,921.26,3.161,11,0,0,0,0,0
1,642.63,1900.23,0.338,21,0,0,0,0,0
0,17508.43,3765.82,4.649,5,1,0,0,2,0
0,6872.59,6972.77,0.986,14,0,0,0,0,0
0,5171.24,5322.53,0.972,4,1,0,0,0,1
0,1547.57,620.89,2.493,9,0,0,0,0,0
0,12946.3,4093.47,3.163,8,0,0,0,0,0
0,1361.84,2105.18,0.647,9,0,0,0,1,1
1,1736.04,821.27,2.114,23,1,0,1,0,1
0,2255.14,1223.27,1.844,11,0,0,1,1,0
1,4502.42,781.44,5.762,21,0,1,0,0,0
0,4138.05,1530.55,2.704,3,1,0,0,0,0
0,974.9,767.63,1.27,3,1,0,0,0,0
1,904.25,586.87,1.541,12,0,1,0,2,1
0,4154.19,2278.35,1.823,13,0,1,0,0,1
0,4581.62,2606.74,1.758,11,0,0,0,0,1
0,1084.25,1250.33,0.867,12,0,0,0,1,0
0,229.67,5068.94,0.045,19,0,0,0,1,0
1,1380.9,1171.0,1.179,12,0,0,0,2,0
1,4066.69,1127.21,3.608,22,1,1,1,1,1
0,18902.36,2682.33,7.047,21,0,0,0,1,0
0,380.94,1313.98,0.29,1,1,0,0,1,0
0,1038.42,1597.7,0.65,20,0,0,0,0,0
1,1089.83,153.18,7.115,18,0,1,0,1,1
0,10535.93,1502.73,7.011,8,0,0,0,1,1
0,1727.75,285.87,6.044,9,0,0,0,0,0
0,555.84,493.31,1.127,16,0,0,0,0,0
0,3737.99,445.06,8.399,9,0,0,0,1,0
0,1068.46,579.22,1.845,19,0,0,0,1,0
1,368.08,903.28,0.407,12,0,0,1,0,1
0,566.45,955.43,0.593,19,0,0,0,0,0
0,17227.37,2691.48,6.401,0,1,0,0,0,0
1,2979.38,1808.31,1.648,1,1,0,1,0,1
1,2079.93,267.48,7.776,16,0,0,1,0,1
0,1306.54,1595.54,0.819,12,0,0,0,0,0
0,2643.33,1971.26,1.341,16,0,0,0,1,1
0,2602.71,1101.35,2.363,12,0,0,0,0,0
0,2643.4,1401.37,1.886,16,0,0,0,0,0
0,2099.17,1756.85,1.195,18,0,0,0,0,0
0,5593.93,2945.81,1.899,13,0,0,0,0,0
0,1863.17,358.74,5.194,19,0,0,0,0,0
1,507.09,1188.1,0.427,9,0,0,1,0,0
0,815.54,5753.15,0.142,1,1,0,0,0,0
0,138.0,5297.53,0.026,13,0,0,1,1,0
0,25206.63,3183.84,7.917,16,0,0,0,0,0
1,5550.15,2399.8,2.313,4,1,0,1,0,1
1,614.56,6562.79,0.094,21,0,1,1,0,1
1,1253.38,8317.05,0.151,17,0,1,0,0,1
1,790.02,1317.94,0.599,2,1,1,0,0,1
1,13430.87,618.63,21.711,15,0,0,0,0,1
0,285.48,1160.65,0.246,18,0,0,0,0,0
0,2098.17,24029.22,0.087,17,0,0,0,0,0
0,1570.13,360.53,4.355,19,0,0,0,0,1
1,5296.97,969.24,5.465,4,1,0,1,1,1
1,1579.38,415.12,3.805,7,0,0,0,1,1
0,183.89,1656.21,0.111,5,1,0,0,0,0
0,1304.46,501.49,2.601,14,0,0,0,0,0
0,510.91,1342.28,0.381,2,1,0,0,0,0
1,2005.11,255.93,7.835,8,0,0,1,1,1
0,11665.96,2580.81,4.52,10,0,0,0,0,0
0,188.43,4447.56,0.042,19,0,0,1,1,0
0,638.88,1047.8,0.61,23,1,0,0,0,0
0,881.39,1310.79,0.672,22,1,0,0,1,0
1,1100.9,1277.85,0.862,13,0,0,1,1,1
0,4732.28,1742.05,2.717,22,1,0,0,0,0
1,1442.87,1430.31,1.009,8,0,0,1,2,0
0,3104.3,2955.15,1.05,9,0,0,0,0,0
0,801.51,4490.57,0.178,14,0,0,0,0,1
0,2437.92,711.47,3.427,17,0,1,0,1,1
1,4969.81,1120.58,4.435,20,0,1,1,2,1
0,697.85,3332.43,0.209,18,0,0,0,0,0
0,4992.87,411.78,12.125,6,0,0,0,0,0
0,1935.43,251.23,7.704,18,0,0,0,2,1
1,7038.13,1814.72,3.878,4,1,1,0,1,1
0,1391.52,2313.95,0.601,20,0,0,0,0,0
1,2967.92,772.73,3.841,17,0,1,0,1,1
0,1715.07,879.38,1.95,0,1,0,0,0,0
0,1595.47,746.82,2.136,11,0,0,0,1,0
0,2531.61,678.42,3.732,5,1,0,0,0,0
0,3633.13,2763.2,1.315,12,0,1,0,0,0
0,356.23,511.6,0.696,16,0,0,0,2,1
0,11657.72,1165.64,10.001,8,0,0,0,1,0
0,161.17,655.37,0.246,20,0,0,0,0,0
1,742.29,399.51,1.858,0,1,1,0,1,1
0,1599.51,3239.45,0.494,11,0,0,0,1,0
1,3090.42,927.19,3.333,23,1,1,1,0,1
0,14031.0,1753.9,8.0,0,1,0,0,0,0
0,161.45,380.97,0.424,3,1,0,0,0,0
0,934.49,759.19,1.231,6,0,0,0,1,0
0,113.88,2923.33,0.039,19,0,0,0,1,0
0,1883.92,15192.3,0.124,4,1,0,0,0,0
0,2573.93,249.99,10.296,22,1,0,0,1,1
0,14300.28,1235.22,11.577,19,0,0,0,1,0
0,2115.03,2145.34,0.986,4,1,0,0,1,1
1,7025.02,850.23,8.262,6,0,0,0,0,0
1,3862.18,3179.79,1.215,16,0,0,0,1,1
0,1026.77,678.54,1.513,11,0,0,0,0,0
0,289.56,1700.13,0.17,14,0,0,0,0,0
0,2585.06,925.32,2.794,2,1,0,0,0,0
0,259.89,4435.91,0.059,16,0,0,0,1,0
0,9737.79,805.35,12.091,13,0,0,0,0,0
0,1464.57,1078.49,1.358,14,0,0,0,0,0
0,8550.38,3467.26,2.466,14,0,0,0,0,1
0,968.47,586.85,1.65,14,0,0,0,0,0
0,2564.47,1574.79,1.628,18,0,0,0,2,0
1,2373.58,287.07,8.268,10,0,0,0,0,1
1,1705.21,556.05,3.067,17,0,1,0,0,1
0,1030.24,2087.91,0.493,20,0,0,0,0,0
1,3011.5,606.9,4.962,9,0,1,0,1,1
1,542.39,906.77,0.598,20,0,0,1,1,1
0,375.3,2307.17,0.163,8,0,0,0,1,0
0,9096.77,878.95,10.35,23,1,0,0,1,1
0,4653.24,3104.34,1.499,2,1,0,0,0,0
1,1969.74,1797.4,1.096,0,1,0,0,2,1
1,15751.41,2191.0,7.189,20,0,0,0,0,1
0,1276.54,4522.72,0.282,10,0,0,0,1,0
0,10092.16,1974.05,5.112,15,0,0,0,0,0
0,2271.61,5913.32,0.384,2,1,0,0,1,1
0,477.15,3361.48,0.142,20,0,0,0,0,0
0,19979.3,924.17,21.619,8,0,0,0,0,1
1,6554.61,4740.19,1.383,10,0,0,0,0,0
0,1544.84,1877.09,0.823,16,0,0,0,2,0
1,4653.26,1037.73,4.484,0,1,0,1,1,1
1,1069.76,1901.78,0.563,8,0,1,1,0,0
1,5312.9,4028.28,1.319,2,1,0,0,1,1
0,80.77,2229.52,0.036,9,0,0,0,0,0
0,480.23,7632.37,0.063,4,1,0,1,1,1
0,6457.76,3935.83,1.641,10,0,0,0,0,0
0,1306.95,2370.47,0.551,4,1,0,0,0,0
0,2368.01,587.89,4.028,11,0,0,0,2,0
0,313.93,1259.21,0.249,13,0,0,0,1,0
0,19974.81,1578.92,12.651,11,0,0,0,0,0
0,8498.87,2771.01,3.067,18,0,0,0,0,0
0,1392.85,2627.01,0.53,8,0,0,0,0,0
0,1068.38,1724.32,0.62,6,0,0,0,0,0
1,6894.54,1649.64,4.179,15,0,1,1,0,1
1,23794.54,2831.07,8.405,6,0,0,0,0,1
0,6247.2,683.53,9.14,13,0,0,0,1,0
0,30434.85,6808.75,4.47,7,0,0,0,1,0
0,545.09,234.52,2.324,20,0,0,0,0,0
0,623.16,5485.53,0.114,17,0,0,0,1,0
0,385.44,1421.31,0.271,2,1,0,0,3,1
1,3210.84,3649.41,0.88,1,1,0,0,1,1
0,2271.7,2053.82,1.106,4,1,0,0,1,0
0,1483.95,2021.17,0.734,7,0,0,0,0,0
0,5177.29,2437.75,2.124,18,0,0,0,1,1
0,8973.47,3066.06,2.927,21,0,0,0,1,0
0,248.8,1101.09,0.226,8,0,0,0,0,0
0,832.09,3756.79,0.221,1,1,0,0,0,0
0,5251.07,557.79,9.414,14,0,0,0,0,1
0,984.31,1473.22,0.668,7,0,0,0,0,0
0,640.55,3141.24,0.204,9,0,0,0,0,0
0,6796.06,3624.66,1.875,6,0,0,0,0,0
0,338.2,2241.07,0.151,18,0,0,0,0,0
1,1221.64,1038.93,1.176,0,1,1,0,0,1
0,2771.76,3317.73,0.835,21,0,0,0,0,0
0,857.51,810.43,1.058,1,1,0,0,3,1
0,5004.55,7160.02,0.699,2,1,0,0,0,0
0,863.04,1371.69,0.629,13,0,0,0,0,0
0,11284.73,370.31,30.474,14,0,0,0,1,1
0,1535.37,505.11,3.04,20,0,0,0,0,0
1,4327.09,1539.6,2.811,13,0,1,0,1,1
0,4768.71,1678.81,2.841,7,0,0,0,1,0
0,799.67,8714.04,0.092,17,0,0,0,0,0
0,125.27,581.35,0.215,21,0,0,1,0,0
1,2889.92,1533.82,1.884,16,0,0,0,0,1
0,1986.19,570.5,3.481,6,0,0,0,0,0
0,3724.08,950.14,3.92,19,0,0,0,0,0
0,1346.84,6738.38,0.2,0,1,0,0,0,0
0,1033.23,532.35,1.941,8,0,0,0,1,1
0,24612.63,2510.75,9.803,8,0,0,0,2,0
0,266.65,2108.26,0.126,10,0,0,0,0,0
0,4694.45,1448.44,3.241,18,0,1,0,0,1
0,856.64,2362.54,0.363,5,1,0,0,0,0
0,1168.51,521.12,2.242,6,0,0,0,0,0
0,1197.23,6572.77,0.182,14,0,0,0,0,0
1,636.21,8369.6,0.076,19,0,1,1,0,1
0,3799.37,1544.41,2.46,5,1,0,1,1,1
0,11024.07,13105.61,0.841,8,0,0,0,1,0
0,3330.97,1033.67,3.222,14,0,0,0,1,1
0,2068.12,2122.58,0.974,21,0,0,0,0,0
1,501.51,5370.63,0.093,22,1,1,1,0,1
0,3539.97,979.36,3.615,5,1,0,0,0,1
0,29829.54,426.92,69.871,6,0,0,0,0,0
0,1102.24,347.05,3.176,16,0,0,0,2,0
0,1109.01,9459.21,0.117,5,1,0,0,1,0
0,871.82,919.54,0.948,8,0,0,0,0,0
0,956.96,1252.42,0.764,2,1,0,0,1,1
0,50.96,543.76,0.094,13,0,0,0,2,0
1,3061.15,3475.54,0.881,5,1,0,0,1,0
0,602.32,732.6,0.822,3,1,0,0,0,0
1,222.89,951.33,0.234,15,0,0,0,0,0
1,4813.34,1938.3,2.483,22,1,0,0,1,1
1,442.91,568.13,0.78,15,0,1,0,1,1
0,1164.13,1260.52,0.924,22,1,0,0,0,0
0,12165.69,5229.07,2.327,8,0,0,0,0,0
1,289.46,2176.4,0.133,3,1,0,0,0,1
0,246.56,1664.85,0.148,7,0,0,0,0,0
0,2565.99,1796.11,1.429,23,1,0,0,0,0
1,8057.3,1042.92,7.726,7,0,0,1,0,1
1,233.54,8924.33,0.026,23,1,0,1,0,1
0,3071.73,712.7,4.31,5,1,0,0,0,0
0,3847.96,1789.75,2.15,7,0,0,0,0,1
0,124.35,1641.76,0.076,5,1,0,0,1,0
1,5105.39,3669.78,1.391,13,0,0,1,1,0
1,5651.0,3995.23,1.414,13,0,1,0,0,1
0,1205.54,1438.25,0.838,17,0,0,0,0,0
0,9210.05,1922.92,4.79,12,0,0,0,0,0
1,7921.95,1989.58,3.982,14,0,1,0,0,1
0,2067.41,191.54,10.794,2,1,0,0,1,0
0,1005.38,354.22,2.838,5,1,0,0,0,0
1,510.47,858.72,0.594,22,1,0,0,0,1
0,1721.87,892.98,1.928,19,0,0,0,0,0
0,3792.14,503.03,7.539,16,0,0,0,0,0
0,1186.27,2906.27,0.408,19,0,0,0,1,0
0,103.88,1483.12,0.07,15,0,1,0,0,0
1,9408.12,1220.21,7.71,5,1,0,1,1,1
0,2315.29,477.93,4.844,7,0,0,0,0,0
1,1103.77,1422.13,0.776,12,0,1,1,3,1
0,5509.92,139.21,39.58,12,0,0,0,0,1
0,13121.8,1278.37,10.264,19,0,0,0,0,0
0,50.0,1566.92,0.032,16,0,0,0,1,0
0,3179.7,1840.37,1.728,20,0,0,0,1,0
0,282.97,362.24,0.781,22,1,0,0,2,0
0,3459.38,1812.27,1.909,21,0,0,1,0,1
0,2135.18,579.82,3.682,2,1,0,0,0,0
0,4131.7,712.5,5.799,12,0,1,0,0,1
1,944.8,2824.65,0.334,6,0,0,0,1,0
0,158.35,9069.77,0.017,19,0,0,0,0,0
1,1006.79,1550.33,0.649,4,1,0,1,0,1
0,3068.37,709.54,4.324,10,0,0,1,0,1
0,6768.33,1754.26,3.858,22,1,0,0,0,1
0,394.11,3446.54,0.114,17,0,0,0,0,0
0,6871.78,2588.67,2.655,3,1,0,0,1,0
0,778.81,17479.81,0.045,19,0,0,0,1,0
1,2896.29,777.59,3.725,21,0,0,1,0,1
1,931.82,1857.54,0.502,6,0,1,1,0,1
0,2291.18,5967.16,0.384,3,1,0,0,1,0
0,5764.31,5639.46,1.022,9,0,0,0,0,0
1,366.82,255.94,1.433,0,1,0,1,0,1
0,747.04,1475.83,0.506,16,0,0,0,0,0
1,2299.51,5631.15,0.408,4,1,1,0,0,1
1,41030.0,19961.86,2.055,16,0,0,0,0,0
1,588.66,2788.94,0.211,2,1,0,0,0,1
0,25646.8,1063.08,24.125,8,0,0,0,1,1
0,24483.39,596.88,41.019,2,1,0,0,0,1
0,1593.19,10903.83,0.146,2,1,0,0,0,0
0,1227.09,2852.26,0.43,8,0,0,0,1,1
1,735.33,690.03,1.066,4,1,1,1,0,1
0,1654.64,1232.94,1.342,23,1,0,0,1,1
0,290.4,1957.0,0.148,9,0,0,0,0,0
1,1637.44,2414.93,0.678,14,0,1,0,0,1
1,12656.73,658.75,19.213,11,0,0,0,1,1
1,816.96,851.7,0.959,5,1,0,1,0,1
1,1322.21,334.41,3.954,6,0,0,0,2,1
0,198.05,3773.61,0.052,6,0,0,0,0,0
0,2940.34,1088.49,2.701,22,1,0,0,0,0
1,2549.94,2252.26,1.132,3,1,1,1,0,1
0,1964.15,5324.28,0.369,12,0,0,0,0,0
0,1363.93,1804.22,0.756,14,0,0,0,1,0
0,1235.73,1337.19,0.924,17,0,0,0,0,0
0,3471.95,1762.57,1.97,17,0,0,0,0,0
1,1741.56,1566.93,1.111,6,0,1,1,0,1
0,2722.93,4543.93,0.599,9,0,0,0,0,0
0,2391.03,1958.15,1.221,15,0,0,0,0,0
0,7788.9,906.91,8.588,22,1,0,0,0,1
0,4359.41,3801.17,1.147,22,1,0,0,0,0
0,2323.25,4480.26,0.519,7,0,0,0,1,0
0,13016.18,443.86,29.325,18,0,0,0,1,1
1,3122.37,5881.14,0.531,10,0,0,1,0,1
0,9862.07,2055.43,4.798,20,0,0,0,0,0
0,3979.95,1910.16,2.084,5,1,0,0,0,0
0,164.93,3662.72,0.045,23,1,0,0,0,0
0,9860.43,888.67,11.096,23,1,1,0,0,1
0,2155.39,3493.81,0.617,9,0,0,0,0,0
1,1689.96,1054.58,1.602,18,0,0,0,0,1
0,2606.47,392.5,6.641,13,0,0,0,1,0
1,1154.61,603.06,1.915,19,0,1,0,2,1
0,2428.76,2465.92,0.985,5,1,0,0,0,0
0,837.62,632.12,1.325,3,1,0,0,0,1
0,9476.34,6304.81,1.503,19,0,0,0,1,0
1,1559.84,4317.17,0.361,14,0,0,1,0,1
0,1099.53,4915.24,0.224,4,1,0,0,0,0
0,543.26,1656.23,0.328,15,0,1,0,1,1
0,2564.22,1866.98,1.373,6,0,0,0,0,0
0,2305.93,505.56,4.561,1,1,0,0,2,1
0,2995.76,3627.16,0.826,12,0,0,0,1,0
0,475.6,2083.6,0.228,1,1,0,0,1,0
0,225.53,2466.55,0.091,8,0,1,0,0,1
0,4077.62,6764.75,0.603,19,0,0,1,0,1
0,12456.96,858.03,14.518,4,1,0,0,0,1
1,476.15,1321.43,0.36,2,1,0,0,3,0
1,14275.12,1986.25,7.187,1,1,0,0,1,0
1,2615.17,637.85,4.1,13,0,1,1,0,1
0,1791.52,1250.33,1.433,7,0,0,0,1,0
0,1078.35,2306.89,0.467,19,0,0,0,1,0
0,298.91,1104.47,0.271,11,0,0,0,0,1
0,6529.25,4808.26,1.358,16,0,0,0,1,0
0,659.65,380.0,1.736,15,0,0,0,0,0
0,656.06,4066.32,0.161,5,1,0,0,0,0
0,6564.98,2684.01,2.446,5,1,0,0,0,0
0,156.35,887.19,0.176,17,0,0,0,0,0
1,249.47,644.21,0.387,1,1,0,1,1,1
0,1765.92,227.64,7.758,7,0,0,0,0,0
0,2647.23,723.68,3.658,22,1,0,0,3,1
0,3395.33,3798.87,0.894,13,0,0,0,1,0
0,1221.29,1407.43,0.868,1,1,0,0,0,0
0,48507.83,4216.17,11.505,16,0,0,0,1,1
1,1344.45,847.35,1.587,23,1,0,1,0,1
1,1339.4,2797.26,0.479,15,0,1,0,1,1
0,641.57,776.08,0.827,17,0,1,0,0,0
1,2124.05,620.78,3.422,20,0,0,1,0,1
1,4021.66,1344.24,2.992,5,1,0,0,1,1
1,8644.27,813.65,10.624,16,0,0,0,0,0
1,260.85,369.24,0.706,17,0,0,1,0,0
0,1313.18,1256.29,1.045,13,0,0,0,0,0
0,3231.54,1629.11,1.984,9,0,1,0,0,1
0,3878.39,4635.61,0.837,3,1,0,1,1,1
0,1823.5,3439.65,0.53,17,0,0,0,1,0
1,3659.75,4437.95,0.825,10,0,0,0,0,1
0,631.66,2830.82,0.223,21,0,0,0,1,0
1,13701.73,1996.9,6.862,15,0,0,1,0,1
1,6570.97,489.78,13.416,3,1,1,1,0,1
1,314.69,1694.06,0.186,18,0,0,1,1,0
1,446.91,2532.89,0.176,5,1,0,0,0,0
0,463.59,5495.55,0.084,7,0,0,0,0,0
0,4364.95,2745.34,1.59,17,0,0,0,0,0
0,340.31,4520.35,0.075,18,0,0,0,1,0
0,1175.76,584.76,2.011,17,0,0,0,0,0
0,3265.33,1103.48,2.959,15,0,0,0,0,1
0,1659.02,2178.55,0.762,6,0,0,0,0,0
1,2531.47,4208.48,0.602,16,0,0,0,0,0
0,452.35,1298.93,0.348,2,1,1,1,0,1
0,3917.9,1374.44,2.851,21,0,0,0,0,1
0,814.7,2747.44,0.297,14,0,0,0,2,0
0,1185.59,537.39,2.206,3,1,0,0,0,0
0,2462.79,6289.67,0.392,15,0,0,0,0,0
1,2067.31,671.01,3.081,13,0,1,0,0,1
0,1865.29,263.29,7.085,16,0,0,0,0,0
1,681.42,1493.77,0.456,8,0,0,1,0,1
0,1224.86,6826.81,0.179,6,0,0,0,1,0
1,1813.18,2509.42,0.723,13,0,0,1,0,0
0,302.59,2910.21,0.104,22,1,0,0,0,0
0,990.99,1536.48,0.645,11,0,0,0,1,0
0,2992.86,1290.6,2.319,16,0,0,0,0,0
1,343.55,368.55,0.932,8,0,0,0,0,1
0,8131.95,193.75,41.971,11,0,0,0,2,0
0,9419.12,1766.31,5.333,11,0,0,0,0,0
1,358.28,4823.69,0.074,7,0,0,1,0,1
1,10560.81,2017.71,5.234,9,0,0,0,1,1
0,1500.19,2594.73,0.578,11,0,0,0,0,0
1,3115.26,6157.01,0.506,4,1,0,0,2,1
0,948.0,1990.0,0.476,19,0,0,0,0,0
0,6002.66,1325.59,4.528,0,1,0,0,0,0
0,3065.37,708.63,4.326,8,0,0,0,0,0
1,627.41,9136.12,0.069,14,0,0,0,0,1
1,397.52,2377.71,0.167,23,1,0,1,0,1
0,270.86,633.18,0.428,1,1,0,0,0,0
0,2308.43,515.92,4.474,3,1,1,1,0,1
0,3805.54,4572.23,0.832,3,1,0,0,1,0
1,4214.37,581.9,7.242,22,1,0,0,2,1
1,1550.95,7851.43,0.198,2,1,1,1,0,1
0,401.78,123.86,3.244,15,0,0,0,0,1
1,744.94,5325.89,0.14,7,0,0,1,0,0
1,8087.32,2294.35,3.525,6,0,1,0,0,1
0,962.93,1647.04,0.585,11,0,0,0,0,0
0,2178.61,1264.06,1.724,11,0,0,0,1,0
0,446.6,8116.52,0.055,3,1,0,0,1,0
0,2800.51,2797.14,1.001,14,0,0,0,0,0
0,997.26,656.63,1.519,5,1,0,1,0,1
0,7049.6,315.13,22.37,2,1,0,0,0,1
1,4942.49,1736.4,2.846,6,0,0,1,0,1
0,949.16,1478.87,0.642,21,0,0,0,0,0
0,1533.54,376.95,4.068,23,1,0,0,0,0
0,883.2,1408.31,0.627,20,0,0,0,1,0
0,285.64,883.12,0.323,5,1,0,0,1,0
0,593.08,1492.73,0.397,0,1,0,0,1,0
0,2339.48,2845.04,0.822,7,0,0,0,0,0
0,2759.59,5672.29,0.487,0,1,0,0,0,0
0,2193.19,3354.31,0.654,15,0,0,0,0,0
0,1221.39,773.33,1.579,2,1,0,0,1,0
0,6081.38,2063.22,2.948,1,1,1,0,0,0
1,1963.74,1566.81,1.253,5,1,0,1,0,1
0,4510.8,446.34,10.106,7,0,0,0,0,0
0,180.2,2118.39,0.085,23,1,0,0,0,1
1,50.0,7871.51,0.006,6,0,1,1,1,1
0,2614.75,1524.14,1.716,6,0,0,0,0,0
0,283.67,352.57,0.805,23,1,0,0,0,0
1,1371.71,1521.18,0.902,20,0,1,0,0,0
0,1220.81,496.54,2.459,18,0,0,0,0,0
0,14237.3,3220.35,4.421,17,0,0,0,1,0
1,3041.16,2374.11,1.281,2,1,0,1,0,1
1,2243.11,1269.25,1.767,10,0,0,0,2,0
1,5367.34,1098.78,4.885,10,0,1,1,0,1
0,2919.15,1222.91,2.387,2,1,0,0,1,0
0,997.27,1491.36,0.669,22,1,0,0,0,0
0,7280.24,738.77,9.855,0,1,0,0,0,0
0,427.23,424.55,1.006,22,1,0,0,0,0
0,2752.38,4125.03,0.667,21,0,0,1,1,0
0,241.81,1046.43,0.231,9,0,0,0,1,0
1,2356.96,1720.45,1.37,1,1,0,0,0,0
0,2323.63,1913.62,1.214,16,0,0,0,0,0
0,15984.77,1977.95,8.081,8,0,0,0,2,1
0,236.4,514.69,0.459,17,0,0,0,0,0
0,827.86,327.58,2.527,19,0,0,0,1,0
0,5268.43,871.47,6.045,8,0,0,1,1,0
0,2795.91,2113.58,1.323,10,0,0,0,0,0
0,2285.63,768.81,2.973,16,0,0,0,1,0
0,521.66,1075.53,0.485,13,0,0,0,0,1
1,838.77,10042.36,0.084,17,0,0,0,1,0
1,9122.99,281.21,32.442,17,0,0,0,1,1
0,1690.94,750.3,2.254,11,0,0,0,0,0
0,2945.3,8159.54,0.361,17,0,0,0,0,0
1,1556.59,1422.06,1.095,7,0,0,0,0,0
1,388.38,784.16,0.495,7,0,1,0,1,1
0,6087.26,4238.19,1.436,7,0,0,0,1,0
1,3477.96,1555.74,2.236,19,0,0,0,1,1
0,36218.59,1081.95,33.475,14,0,0,0,0,0
1,482.87,1760.11,0.274,7,0,0,0,2,1
1,5267.68,818.69,6.434,13,0,0,0,1,1
0,328.65,592.45,0.555,12,0,0,0,1,1
1,2218.42,1336.44,1.66,22,1,0,0,0,0
0,6434.69,595.92,10.798,7,0,0,0,2,1
1,122.27,1494.62,0.082,16,0,1,0,0,1
0,1385.18,2036.46,0.68,18,0,0,0,1,0
1,869.42,3189.93,0.273,5,1,1,1,1,1
0,725.93,4085.23,0.178,16,0,1,1,1,1
0,2983.27,1027.45,2.904,3,1,0,0,0,0
0,7761.19,2320.35,3.345,6,0,0,1,1,0
1,1520.41,2306.0,0.659,16,0,0,0,0,0
1,2361.69,1988.3,1.188,21,0,1,0,0,1
1,2097.71,961.49,2.182,21,0,0,0,1,1
1,1812.29,586.83,3.088,17,0,1,0,0,0
0,438.72,2325.76,0.189,5,1,0,0,1,1
0,7638.66,318.56,23.979,9,0,0,1,1,0
0,2653.82,1163.22,2.281,17,0,0,0,0,0
0,3021.01,148.67,20.32,23,1,0,0,0,1
0,633.68,444.63,1.425,6,0,0,0,0,0
0,995.27,672.22,1.481,13,0,0,0,1,0
0,1438.02,3972.11,0.362,21,0,0,0,2,0
0,246.08,2749.84,0.089,13,0,0,0,0,0
0,201.45,899.16,0.224,9,0,0,0,0,0
0,828.01,2853.87,0.29,21,0,0,0,0,0
1,3566.28,3290.72,1.084,8,0,0,0,0,0
1,773.5,1281.01,0.604,9,0,0,0,1,0
1,480.85,425.84,1.129,1,1,1,1,0,1
0,626.98,1227.68,0.511,2,1,0,0,0,1
0,1000.3,1355.46,0.738,15,0,0,0,0,0
1,1141.37,488.23,2.338,9,0,0,0,2,1
0,30187.34,2059.75,14.656,22,1,0,0,1,1
0,7122.45,1904.23,3.74,10,0,0,0,1,0
0,6851.39,2209.54,3.101,9,0,0,0,1,0
0,8259.79,1902.7,4.341,11,0,0,0,1,0
0,493.5,2855.09,0.173,13,0,0,1,0,0
0,369.05,1259.67,0.293,8,0,0,0,0,0
0,428.83,1775.09,0.242,12,0,0,0,1,0
0,10248.21,1034.87,9.903,5,1,0,0,1,1
0,887.71,874.76,1.015,10,0,1,0,1,1
1,355.4,4936.56,0.072,0,1,1,0,0,1
0,1032.47,235.24,4.389,14,0,0,0,0,1
0,1325.85,3258.7,0.407,6,0,0,0,0,0
1,2563.01,846.84,3.027,10,0,0,0,0,1
0,2505.48,753.68,3.324,16,0,0,0,0,0
0,616.07,1873.23,0.329,4,1,0,0,1,0
0,4408.78,387.36,11.382,8,0,0,0,0,0
0,787.65,710.22,1.109,15,0,0,0,1,0
0,1475.63,689.37,2.141,10,0,0,0,0,0
1,4415.19,1212.87,3.64,16,0,0,0,2,0
0,784.96,717.86,1.093,5,1,0,0,0,0
0,862.51,6254.19,0.138,14,0,0,0,0,0
0,3901.7,7460.03,0.523,2,1,0,0,1,0
0,592.85,239.9,2.471,8,0,0,0,0,0
0,1096.38,2416.05,0.454,11,0,0,0,1,0
0,3723.67,3206.06,1.161,18,0,0,0,1,0
0,26116.44,2413.15,10.823,17,0,0,0,0,0
0,3972.0,818.68,4.852,15,0,0,1,0,0
0,3342.36,1188.34,2.813,7,0,0,0,1,0
0,3604.87,754.88,4.775,18,0,0,0,1,0
1,448.03,1014.11,0.442,4,1,0,1,0,1
0,2101.22,498.21,4.218,11,0,0,0,2,1
0,1739.41,1335.0,1.303,5,1,0,0,0,1
0,2746.44,382.79,7.175,11,0,0,0,0,0
1,2103.72,1236.3,1.702,14,0,0,0,0,1
0,2961.97,481.2,6.155,9,0,0,0,0,0
0,1206.03,1783.15,0.676,16,0,0,0,0,0
1,1951.18,803.13,2.429,6,0,0,0,0,0
1,366.44,1922.77,0.191,6,0,1,1,0,1
0,1192.87,3918.34,0.304,20,0,1,0,0,1
0,11026.8,6188.84,1.782,10,0,0,1,1,1
1,2736.54,152.14,17.987,1,1,0,0,0,1
1,1759.53,698.7,2.518,20,0,1,0,0,1
1,21268.03,1126.9,18.873,1,1,1,0,2,1
0,308.25,2240.14,0.138,13,0,0,0,1,0
0,427.39,335.18,1.275,17,0,0,0,2,0
0,16756.22,611.62,27.396,15,0,0,0,0,0
1,1919.36,1664.57,1.153,10,0,1,0,1,1
0,1319.02,1597.83,0.826,8,0,0,0,1,1
0,380.33,2079.45,0.183,6,0,0,0,1,0
1,3235.71,2206.82,1.466,3,1,1,1,2,1
0,3669.45,2007.68,1.828,15,0,0,1,0,1
1,435.79,1762.15,0.247,13,0,1,0,0,0
0,1506.65,1556.45,0.968,10,0,0,0,0,0
0,1168.91,2692.67,0.434,7,0,0,0,0,0
0,2521.91,197.28,12.783,10,0,0,0,1,1
1,421.99,5942.59,0.071,19,0,1,1,0,1
0,9205.27,203.56,45.221,16,0,0,0,0,0
0,5946.58,560.46,10.61,18,0,0,0,0,0
1,1127.63,1207.03,0.934,9,0,1,1,0,1
0,1364.65,2711.76,0.503,11,0,0,0,0,0
0,1514.21,99.91,15.156,0,1,0,0,0,1
0,657.34,1443.3,0.455,1,1,0,0,0,0
0,1015.91,3020.43,0.336,17,0,0,0,0,0
0,1272.39,3623.03,0.351,6,0,0,0,0,0
0,14716.56,790.29,18.622,15,0,0,0,1,0
0,6189.46,1129.18,5.481,12,0,0,0,1,0
0,6093.95,850.2,7.168,3,1,0,0,1,0
0,2924.57,1039.6,2.813,9,0,0,0,1,0
0,423.04,584.85,0.723,8,0,0,0,0,0
0,1713.1,664.92,2.576,17,0,0,0,0,0
0,6384.54,2188.43,2.917,8,0,0,0,1,0
0,352.22,1666.45,0.211,21,0,1,0,0,1
0,4136.14,2304.06,1.795,9,0,0,1,0,0
0,37026.61,1794.74,20.631,7,0,0,1,0,1
1,7189.39,2790.3,2.577,22,1,1,0,2,1
0,11364.37,3262.97,3.483,10,0,0,0,0,0
1,2401.48,308.73,7.779,12,0,1,0,0,1
1,6363.36,686.17,9.274,23,1,0,0,1,1
0,711.08,1202.02,0.592,12,0,0,0,0,0
0,5087.91,1450.39,3.508,15,0,1,0,0,0
0,4233.16,809.91,5.227,12,0,0,1,0,1
1,2635.65,3363.78,0.784,11,0,0,1,0,1
0,10004.69,8795.13,1.138,14,0,0,0,3,1
0,897.47,1750.31,0.513,15,0,0,0,0,0
0,1417.75,1597.04,0.888,7,0,0,0,0,0
1,2046.94,3179.6,0.644,5,1,0,0,0,1
1,474.14,276.09,1.717,23,1,0,0,0,1
0,2428.46,1518.72,1.599,7,0,0,0,0,0
0,193.52,3572.9,0.054,1,1,0,0,0,0
0,7051.82,829.78,8.498,17,0,0,0,0,0
0,1921.05,490.83,3.914,10,0,0,0,0,0
1,918.59,1252.35,0.733,16,0,1,1,1,1
0,611.13,1401.62,0.436,9,0,0,0,0,0
0,1332.81,653.42,2.04,1,1,0,0,0,0
0,4423.73,9764.86,0.453,22,1,0,0,0,0
1,3685.13,962.15,3.83,18,0,0,1,1,1
1,722.56,524.11,1.379,19,0,1,0,0,1
0,601.93,1360.68,0.442,19,0,0,0,0,0
1,4247.0,3351.2,1.267,19,0,0,0,0,0
0,706.94,1503.68,0.47,1,1,0,0,0,0
0,1954.49,2291.67,0.853,5,1,0,0,0,0
0,2123.63,675.63,3.143,16,0,0,0,0,0
0,2712.65,5647.23,0.48,11,0,0,0,1,1
0,5517.89,2454.16,2.248,4,1,0,0,0,0
1,350.08,3800.67,0.092,1,1,0,0,0,1
0,150.73,2056.26,0.073,8,0,0,0,0,0
0,864.64,3110.05,0.278,1,1,0,0,1,0
0,18807.05,674.69,27.875,21,0,0,0,0,1
0,25054.94,951.21,26.34,19,0,0,0,0,0
1,19546.08,4973.27,3.93,13,0,1,1,0,1
0,1406.87,6025.57,0.233,21,0,0,0,0,0
0,178.26,527.23,0.338,14,0,0,0,1,0
1,85.97,1853.37,0.046,1,1,1,0,0,1
0,813.83,1004.4,0.81,17,0,0,0,0,0
0,1397.59,790.5,1.768,11,0,0,0,0,0
0,9806.62,1912.86,5.127,6,0,0,0,0,0
0,5586.72,4133.45,1.352,15,0,0,0,0,0
1,2429.95,2222.74,1.093,18,0,0,0,1,1
1,568.61,1110.36,0.512,2,1,0,0,1,0
0,518.52,2352.83,0.22,14,0,0,0,0,0
1,2515.85,1070.65,2.35,14,0,1,0,0,1
0,4474.57,2145.02,2.086,6,0,0,0,0,0
0,3009.25,5202.11,0.578,7,0,0,0,1,0
0,471.08,228.28,2.064,6,0,0,0,1,0
0,4212.74,3033.67,1.389,2,1,1,0,0,1
0,3145.36,370.5,8.49,18,0,0,0,0,0
0,449.5,4471.57,0.101,22,1,0,0,0,0
1,652.22,834.37,0.782,18,0,1,1,1,1
0,4425.09,494.77,8.944,17,0,0,0,0,1
0,1332.94,2767.62,0.482,6,0,0,0,3,0
0,14269.67,2054.43,6.946,18,0,0,0,0,0
0,3468.47,602.29,5.759,4,1,0,0,0,0
0,960.43,479.29,2.004,22,1,0,0,0,0
0,1784.21,1250.46,1.427,12,0,0,0,0,0
1,1963.33,500.86,3.92,1,1,1,1,0,1
0,701.41,569.45,1.232,23,1,0,0,0,0
0,552.05,1642.64,0.336,17,0,0,0,0,0
0,4499.88,620.62,7.251,3,1,0,0,0,0
0,5425.45,2173.05,2.497,3,1,0,0,0,0
0,3963.63,5659.72,0.7,7,0,0,0,0,0
1,12963.77,1295.04,10.01,10,0,1,0,0,1
0,893.99,1664.26,0.537,0,1,0,0,0,0
0,15939.44,9102.34,1.751,8,0,0,0,1,0
0,560.49,508.34,1.103,5,1,0,0,1,0
0,484.69,4324.76,0.112,3,1,0,0,1,1
0,183.47,3880.7,0.047,5,1,0,0,0,0
1,1012.79,3193.54,0.317,12,0,0,0,0,0
0,939.32,4734.22,0.198,21,0,0,0,1,0
1,3582.15,1905.53,1.88,8,0,1,0,0,1
0,2482.59,876.0,2.834,13,0,0,0,2,1
1,383.42,3964.42,0.097,11,0,0,0,1,0
0,1085.13,4103.35,0.264,3,1,0,0,0,0
0,1115.55,4002.93,0.279,7,0,0,0,0,0
0,179.69,1540.79,0.117,16,0,0,0,2,0
1,505.11,776.99,0.65,21,0,0,1,0,1
0,663.77,1758.52,0.377,4,1,0,1,0,1
0,11657.59,3456.48,3.373,2,1,0,0,0,0
0,2318.99,3721.63,0.623,3,1,0,0,1,1
1,4276.2,1005.55,4.253,7,0,1,0,1,1
0,257.69,1966.16,0.131,15,0,0,0,1,0
1,8539.68,455.82,18.735,10,0,0,1,0,1
0,9812.7,3591.97,2.732,1,1,0,0,1,0
0,134.58,731.45,0.184,7,0,0,0,1,0
0,722.77,3001.09,0.241,6,0,0,0,0,0
1,3444.37,526.17,6.546,0,1,1,0,0,1
0,4178.49,3745.36,1.116,1,1,0,0,0,0
1,748.41,1977.62,0.378,22,1,0,0,0,1
0,1215.43,732.73,1.659,12,0,0,0,0,0
0,831.64,2757.89,0.302,10,0,0,0,2,0
0,2087.13,870.16,2.399,2,1,0,0,1,1
0,8572.65,2906.19,2.95,1,1,0,1,0,0
1,663.58,1156.67,0.574,15,0,1,0,1,1
1,6641.32,314.52,21.116,0,1,0,0,0,1
1,654.47,611.45,1.07,6,0,1,0,0,1
1,600.69,1004.88,0.598,2,1,0,0,0,0
0,5240.5,5071.39,1.033,21,0,0,0,0,0
0,5994.02,3331.0,1.799,15,0,0,0,0,0
1,5468.9,6383.52,0.857,23,1,0,0,0,1
0,326.84,6556.89,0.05,5,1,0,0,0,0
1,986.6,914.82,1.078,13,0,0,0,1,1
1,5270.52,1249.33,4.219,22,1,0,0,0,1
0,1908.37,1022.34,1.867,10,0,0,0,1,0
1,447.73,808.87,0.554,21,0,1,0,0,1
0,3280.7,282.21,11.625,22,1,0,0,0,0
0,713.91,1460.78,0.489,20,0,0,0,0,0
0,18636.59,465.44,40.041,18,0,0,0,0,0
0,13470.99,1435.47,9.384,21,0,0,0,0,0
0,3965.26,9938.72,0.399,0,1,0,0,0,1
0,10607.42,935.98,11.333,20,0,0,0,1,0
1,1966.93,1763.92,1.115,12,0,0,0,0,0
1,4890.59,3347.55,1.461,19,0,1,0,1,1
0,12345.37,1905.05,6.48,8,0,0,0,0,0
0,2487.79,1926.07,1.292,10,0,0,0,2,1
1,1297.58,1068.31,1.215,0,1,0,1,1,1
0,197.16,1201.48,0.164,12,0,0,0,0,0
0,1622.83,623.9,2.601,19,0,0,0,2,0
0,5273.5,3169.85,1.664,0,1,0,0,2,0
0,6181.54,308.79,20.019,2,1,0,0,2,1
0,3483.09,3547.43,0.982,19,0,0,0,0,1
1,894.54,418.5,2.137,16,0,0,1,0,1
0,138.4,3520.46,0.039,4,1,0,0,0,0
0,949.77,1076.6,0.882,5,1,0,0,1,0
0,1217.25,488.49,2.492,16,0,0,0,0,0
0,1203.74,2493.32,0.483,9,0,0,0,2,0
0,4040.5,3414.86,1.183,10,0,0,0,1,0
1,23893.92,997.98,23.942,12,0,1,1,1,1
1,2123.01,2831.46,0.75,9,0,0,0,0,1
0,1364.1,189.32,7.205,13,0,0,0,0,0
1,1290.79,451.0,2.862,12,0,0,0,0,1
1,2125.37,4737.04,0.449,3,1,0,0,0,0
1,615.98,1210.39,0.509,19,0,1,0,1,1
0,2113.83,277.0,7.631,16,0,0,0,1,0
0,3248.85,789.2,4.117,17,0,0,0,0,0
0,2374.62,644.8,3.683,10,0,0,0,0,0
0,3277.4,1274.91,2.571,9,0,0,1,0,0
0,3177.57,1060.32,2.997,20,0,0,0,3,1
0,180.65,1738.95,0.104,17,0,0,0,0,0
1,4137.85,1390.59,2.976,18,0,1,0,0,1
1,755.73,5032.97,0.15,8,0,1,0,1,1
1,435.03,2169.16,0.201,4,1,0,0,0,0
0,430.18,2234.79,0.192,0,1,0,0,1,0
0,3176.72,4224.44,0.752,4,1,0,0,1,1
0,1353.78,1043.26,1.298,2,1,0,0,0,0
0,203.05,475.47,0.427,0,1,0,0,0,0
0,3365.89,4386.44,0.767,18,0,0,0,1,0
0,278.25,1672.81,0.166,5,1,0,0,0,0
0,2168.45,1678.1,1.292,9,0,0,1,0,0
1,2465.25,837.15,2.945,4,1,0,0,2,0
0,5717.29,849.65,6.729,11,0,0,0,0,0
1,18328.09,3171.79,5.778,11,0,0,0,0,1
0,306.72,3591.02,0.085,16,0,1,0,1,0
0,1688.82,2997.22,0.563,1,1,0,0,0,0
0,1262.39,3021.97,0.418,20,0,0,0,1,1
0,3177.58,2470.38,1.286,13,0,0,0,0,0
0,2393.16,1666.32,1.436,11,0,0,0,0,0
0,1143.32,1264.15,0.904,12,0,0,0,1,1
0,1019.25,4399.7,0.232,4,1,0,0,0,0
0,423.53,1057.49,0.401,4,1,0,0,0,0
0,6530.38,2065.2,3.162,16,0,0,0,3,1
1,3284.49,717.94,4.575,4,1,1,0,0,1
0,5961.63,817.81,7.29,23,1,0,0,0,0
1,1207.71,1196.86,1.009,18,0,0,0,1,1
0,769.79,717.99,1.072,3,1,0,0,2,0
1,445.05,3035.3,0.147,6,0,0,1,1,1
1,2883.02,440.0,6.552,22,1,1,0,1,1
0,467.91,1618.58,0.289,16,0,0,1,1,0
0,19995.49,1667.79,11.989,10,0,0,0,0,1
1,330.32,290.12,1.139,5,1,0,1,0,1
0,2580.55,995.33,2.593,12,0,0,0,1,0
0,13862.06,1863.35,7.439,11,0,0,0,1,1
0,3939.53,2177.33,1.809,4,1,0,0,1,0
1,2271.91,1231.67,1.845,23,1,1,0,0,1
1,513.36,2722.21,0.189,9,0,0,1,0,1
0,299.98,1341.6,0.224,10,0,0,0,2,0
0,4920.01,1498.6,3.283,8,0,0,0,0,0
0,12810.13,1856.57,6.9,12,0,0,0,0,0
0,1021.98,3409.43,0.3,2,1,0,0,0,0
1,411.26,805.81,0.51,16,0,0,1,0,1
0,74.02,955.14,0.077,17,0,0,0,0,0
0,505.23,810.78,0.623,4,1,0,0,0,0
0,1559.7,1097.75,1.421,15,0,0,0,2,0
1,14455.93,5343.36,2.705,22,1,1,0,0,1
0,4337.59,2478.61,1.75,15,0,0,0,0,0
0,2688.16,534.87,5.026,10,0,0,0,0,1
0,1074.75,862.3,1.246,21,0,0,0,1,1
0,847.16,2070.39,0.409,3,1,0,0,0,0
0,11241.21,654.68,17.171,8,0,0,0,0,1
0,2347.16,770.62,3.046,14,0,0,0,0,0
0,117.52,4966.47,0.024,11,0,0,0,0,0
1,753.25,852.32,0.884,15,0,0,1,0,0
1,592.48,3495.39,0.17,3,1,1,1,0,1
1,888.79,4581.54,0.194,2,1,0,0,0,0
0,3758.53,765.01,4.913,20,0,0,0,1,0
1,1572.34,664.5,2.366,3,1,0,1,1,1
0,1636.11,1154.57,1.417,1,1,0,0,1,0
0,9971.79,555.7,17.945,18,0,0,0,0,0
0,731.14,1650.66,0.443,6,0,0,0,0,1
0,20403.45,1230.18,16.586,1,1,0,0,1,1
0,755.44,2047.8,0.369,0,1,0,0,0,0
0,2030.34,5204.34,0.39,17,0,0,0,2,0
0,1254.43,3089.41,0.406,7,0,0,0,0,0
0,2122.7,2299.2,0.923,7,0,0,0,1,0
0,3222.68,252.28,12.774,9,0,0,0,0,1
0,3177.93,2206.23,1.44,17,0,0,0,1,0
0,679.22,6976.93,0.097,21,0,0,0,1,0
1,419.98,98.55,4.262,10,0,0,0,0,1
1,46822.7,2752.99,17.008,22,1,1,0,1,1
0,963.74,1282.51,0.751,0,1,0,0,0,0
0,4487.16,688.96,6.513,6,0,0,0,0,0
0,223.65,3044.27,0.073,7,0,0,0,0,0
1,1257.03,6896.27,0.182,13,0,1,0,0,1
0,1532.48,2974.13,0.515,23,1,0,0,0,0
0,3343.12,1059.9,3.154,18,0,1,0,0,1
0,52.5,633.26,0.083,7,0,0,0,0,0
0,2243.93,1686.09,1.331,18,0,0,0,0,0
0,405.59,3248.19,0.125,21,0,0,0,0,0
1,2756.31,1044.87,2.638,3,1,0,0,0,1
0,470.02,1139.85,0.412,22,1,1,0,0,1
0,594.59,18765.97,0.032,23,1,0,0,0,0
1,1266.84,3908.02,0.324,9,0,0,0,0,0
1,460.34,4167.68,0.11,21,0,0,0,0,0
0,974.38,397.72,2.45,9,0,0,0,1,0
0,383.22,783.31,0.489,3,1,0,0,0,0
0,166.81,1583.22,0.105,7,0,0,0,0,0
1,6790.94,601.23,11.295,6,0,0,0,0,0
0,335.34,6250.13,0.054,14,0,0,0,0,0
1,1433.27,5267.34,0.272,7,0,1,0,0,1
0,4811.47,915.81,5.254,9,0,0,0,0,0
0,812.87,7372.61,0.11,6,0,1,0,0,0
0,618.49,1474.65,0.419,18,0,0,0,0,0
0,2426.27,15221.3,0.159,2,1,0,0,2,0
0,7733.48,1686.17,4.586,8,0,0,0,0,0
0,395.4,2486.36,0.159,15,0,0,0,0,0
0,1487.43,5218.23,0.285,13,0,0,0,0,0
1,190.14,4674.47,0.041,6,0,0,0,1,0
0,1084.46,2344.1,0.463,11,0,0,0,0,0
1,1890.25,1303.72,1.45,0,1,1,0,0,0
0,595.25,2351.29,0.253,15,0,0,0,0,0
0,998.16,710.12,1.406,2,1,0,0,1,1
0,289.83,1697.51,0.171,0,1,0,0,0,0
0,1998.6,545.46,3.664,5,1,0,0,0,0
1,7132.4,298.03,23.932,1,1,0,0,0,1
0,434.29,1549.03,0.28,6,0,0,0,0,0
0,804.75,4610.31,0.175,7,0,0,0,1,0
0,3474.86,3405.76,1.02,12,0,0,0,0,0
0,8740.46,1375.1,6.356,15,0,0,0,1,0
0,259.53,7131.6,0.036,21,0,0,0,1,0
1,1451.83,887.0,1.637,20,0,0,0,0,1
1,2612.52,263.47,9.916,9,0,1,0,0,0
0,1583.4,207.7,7.623,3,1,0,0,0,0
0,72.25,511.29,0.141,23,1,0,0,0,0
0,3468.29,3087.02,1.124,20,0,0,0,0,0
0,13031.66,836.04,15.587,12,0,0,0,0,0
0,2104.14,2241.42,0.939,16,0,0,0,0,1
0,473.22,6513.65,0.073,7,0,0,0,0,0
0,927.91,550.0,1.687,7,0,0,0,0,0
0,18049.75,2277.08,7.927,22,1,0,0,0,0
0,5901.44,2404.43,2.454,6,0,0,0,0,0
0,4154.86,682.21,6.09,23,1,1,0,1,1
0,2873.64,5007.99,0.574,0,1,0,0,0,0
0,765.49,1142.6,0.67,14,0,0,0,0,1
1,1393.06,1047.98,1.329,14,0,0,0,0,0
0,1633.86,9901.6,0.165,18,0,0,0,3,0
0,3693.93,2369.63,1.559,3,1,1,0,1,1
0,12856.37,3404.19,3.777,5,1,0,0,0,0
1,7737.54,5011.06,1.544,9,0,1,1,1,1
0,285.66,824.33,0.347,11,0,0,0,1,0
0,2419.2,4558.91,0.531,3,1,0,0,0,0
0,4711.64,942.27,5.0,5,1,0,0,0,0
1,4042.1,906.72,4.458,13,0,1,1,0,1
1,797.91,1158.87,0.689,12,0,0,1,0,1
0,79884.89,845.68,94.462,21,0,0,0,0,0
1,343.71,3102.43,0.111,20,0,0,0,1,1
1,442.24,1882.75,0.235,2,1,0,0,0,1
1,2449.58,951.37,2.575,20,0,1,1,0,1
0,28334.74,2716.38,10.431,14,0,0,0,2,1
0,609.69,1155.55,0.528,2,1,0,0,0,0
0,1279.75,1101.84,1.161,4,1,0,0,1,0
1,7335.51,1546.6,4.743,12,0,1,0,0,1
0,1766.54,2246.47,0.786,14,0,0,0,1,0
0,1170.3,2102.46,0.557,16,0,0,0,1,0
0,3771.86,1067.5,3.533,5,1,0,0,0,0
1,2576.72,3172.9,0.812,22,1,0,1,1,0
1,6902.03,1211.78,5.696,17,0,1,0,0,1
0,9690.58,820.99,11.804,2,1,0,0,1,0
1,2694.87,394.96,6.823,8,0,0,0,0,0
0,2641.9,3586.24,0.737,7,0,0,0,0,0
1,2388.32,1496.9,1.596,19,0,1,0,0,1
0,3414.78,1789.67,1.908,10,0,0,0,1,0
0,1942.48,3794.18,0.512,23,1,0,0,1,0
1,1806.61,963.27,1.875,10,0,0,1,0,1
0,8566.51,429.68,19.937,7,0,0,0,0,0
1,12977.22,1576.25,8.233,21,0,0,0,1,1
0,254.72,1953.08,0.13,0,1,0,0,1,1
0,1831.75,1168.45,1.568,1,1,0,0,0,0
0,738.56,5576.76,0.132,19,0,0,0,0,0
0,1206.81,157.98,7.639,3,1,0,0,0,1
0,3051.14,4056.4,0.752,1,1,0,0,0,0
0,4316.8,3017.06,1.431,1,1,1,0,0,1
0,1562.8,2232.98,0.7,12,0,0,0,0,0
0,150.3,73.53,2.044,21,0,1,0,0,0
1,515.66,4700.86,0.11,20,0,0,1,2,1
1,5799.05,587.7,9.867,19,0,0,0,0,0
0,51.29,937.37,0.055,5,1,0,0,0,0
1,8464.66,1269.61,6.667,3,1,0,1,0,1
0,3560.3,2135.97,1.667,14,0,0,0,0,0
0,10006.89,2631.96,3.802,22,1,0,0,0,0
1,1396.69,3306.21,0.422,2,1,1,0,1,1
1,123.99,3084.88,0.04,3,1,1,1,1,1
0,3163.62,1858.7,1.702,16,0,0,0,0,0
1,9481.04,2152.38,4.405,5,1,0,0,1,1
0,6015.76,554.64,10.846,1,1,0,0,0,1
1,763.95,753.01,1.015,19,0,0,0,0,0
0,2023.92,3314.01,0.611,12,0,0,1,0,0
0,904.44,3144.75,0.288,14,0,0,0,0,0
0,623.25,2839.6,0.219,4,1,0,0,0,0
0,6260.44,931.71,6.719,23,1,0,0,2,0
0,381.16,3359.15,0.113,18,0,0,0,0,0
1,565.69,520.55,1.087,5,1,1,1,0,1
0,430.42,3903.48,0.11,16,0,0,0,0,0
0,260.52,1170.54,0.223,0,1,0,0,0,0
0,2187.11,6739.58,0.325,1,1,0,0,0,0
0,8184.14,376.42,21.742,0,1,0,0,0,1
0,1421.77,7237.74,0.196,7,0,0,0,0,0
0,255.32,1069.22,0.239,3,1,0,0,0,0
0,5387.99,1052.02,5.122,17,0,0,0,1,1
0,16178.08,1764.03,9.171,22,1,0,1,0,1
0,780.46,790.47,0.987,23,1,0,0,0,0
1,970.57,1387.01,0.7,8,0,1,0,0,0
1,3534.61,762.14,4.638,14,0,1,1,0,1
0,14889.86,787.64,18.904,15,0,0,0,0,0
0,919.85,2294.33,0.401,20,0,0,0,1,0
0,319.84,657.6,0.486,2,1,0,0,1,0
0,4108.63,741.46,5.541,0,1,0,1,0,0
0,5109.15,430.3,11.873,23,1,0,0,0,1
0,1822.51,940.55,1.938,12,0,0,0,0,0
0,875.18,4819.58,0.182,13,0,0,1,2,0
0,6585.94,691.36,9.526,5,1,0,0,0,1
0,3591.94,766.27,4.688,4,1,0,0,0,0
1,665.83,1762.57,0.378,22,1,0,0,1,1
1,1927.2,1060.27,1.818,4,1,1,1,2,1
0,311.93,10996.57,0.028,3,1,0,0,0,0
0,4410.12,1278.86,3.448,20,0,0,0,0,0
1,1285.75,2001.59,0.642,11,0,0,1,0,1
1,1026.16,3461.27,0.296,13,0,0,0,0,0
0,1732.4,3402.0,0.509,22,1,0,0,0,1
0,1905.31,1826.14,1.043,13,0,0,0,0,0
0,5787.23,1280.47,4.52,10,0,0,0,0,0
0,3898.78,9151.07,0.426,21,0,0,1,0,1
0,1475.38,1353.18,1.09,9,0,0,0,1,0
0,4879.36,994.74,4.905,9,0,0,0,2,1
0,3044.09,827.77,3.677,8,0,0,0,1,0
0,1038.38,312.9,3.319,1,1,0,0,0,1
1,1537.43,3100.92,0.496,13,0,0,0,0,0
0,1491.16,178.88,8.336,6,0,0,0,0,1
0,3487.15,1472.7,2.368,16,0,0,1,0,1
0,1122.0,1231.05,0.911,23,1,0,0,2,1
0,1088.4,11114.09,0.098,19,0,0,0,0,0
1,23374.12,284.72,82.095,7,0,0,1,0,1
0,6134.33,657.87,9.325,23,1,0,0,0,0
0,672.65,1309.65,0.514,19,0,1,0,0,0
1,3797.97,1239.2,3.065,3,1,0,0,1,1
0,2108.76,902.72,2.336,4,1,0,1,0,0
1,3007.96,1376.24,2.186,12,0,0,0,0,0
0,2161.47,476.46,4.537,6,0,0,0,1,0
0,8489.08,2041.57,4.158,5,1,0,0,1,0
0,2833.61,183.22,15.466,16,0,0,0,1,0
0,1667.84,1446.36,1.153,5,1,0,0,0,1
1,7008.28,862.37,8.127,18,0,0,0,0,1
1,2448.6,3694.72,0.663,2,1,1,1,1,1
0,2117.35,7185.21,0.295,8,0,0,0,0,0
0,2719.57,1098.89,2.475,20,0,0,0,0,0
1,1600.88,5175.3,0.309,14,0,0,0,0,1
1,1829.86,1113.76,1.643,7,0,1,0,0,1
0,843.28,620.48,1.359,22,1,0,1,0,0
0,680.95,7124.63,0.096,14,0,0,0,0,0
0,493.67,2365.39,0.209,0,1,0,0,1,0
1,296.02,1486.23,0.199,7,0,1,0,0,1
0,576.15,2747.54,0.21,22,1,0,0,0,0
0,1441.52,1894.66,0.761,3,1,0,0,0,0
1,2067.41,1390.89,1.486,21,0,1,0,1,1
0,1270.69,448.63,2.832,9,0,0,1,0,1
0,84.57,1160.4,0.073,15,0,0,0,0,0
0,14002.1,2593.93,5.398,17,0,0,0,2,0
0,7423.64,1325.45,5.601,3,1,0,0,0,1
0,3227.58,3334.55,0.968,7,0,0,0,1,0
0,21584.65,2090.77,10.324,3,1,0,0,0,1
0,507.46,671.61,0.756,9,0,1,0,1,1
0,21034.36,451.58,46.579,19,0,0,1,0,1
1,515.54,1285.03,0.401,3,1,0,1,0,1
1,2466.02,923.52,2.67,15,0,0,1,0,1
0,345.16,2003.58,0.172,11,0,0,0,1,1
0,1842.91,775.63,2.376,9,0,0,0,0,0
0,2986.97,850.77,3.511,10,0,0,0,1,1
0,1478.68,3819.07,0.387,1,1,0,0,2,0
0,4573.53,1691.52,2.704,15,0,0,0,0,0
0,2056.41,786.46,2.615,22,1,0,0,1,0
0,916.77,1503.99,0.61,18,0,0,0,0,0
0,865.36,5120.57,0.169,11,0,0,0,1,0
0,5188.44,1928.33,2.691,3,1,0,0,0,0
0,772.89,2524.14,0.306,16,0,0,0,1,1
0,5943.32,752.19,7.901,11,0,0,0,0,0
0,8861.98,3728.56,2.377,15,0,0,0,1,1
0,206.58,11923.8,0.017,2,1,1,0,0,0
1,7885.68,726.09,10.86,1,1,0,0,0,0
1,26332.24,510.96,51.535,6,0,0,1,1,1
0,2508.91,1733.66,1.447,5,1,0,0,0,0
0,3939.5,3255.02,1.21,0,1,0,0,0,0
0,6961.2,1363.42,5.106,14,0,0,0,0,0
0,1263.79,573.7,2.203,11,0,0,0,0,0
0,2291.51,1342.48,1.707,12,0,0,0,0,0
1,327.52,2535.85,0.129,7,0,0,0,1,0
0,2165.11,1026.25,2.11,8,0,0,0,1,0
1,3454.89,2556.85,1.351,0,1,0,0,1,0
0,3536.92,4222.74,0.838,4,1,0,0,0,0
0,7223.19,1837.59,3.931,6,0,0,0,0,0
1,660.34,1443.53,0.457,17,0,0,1,0,1
0,904.71,3122.56,0.29,21,0,1,0,1,1
0,21251.01,685.06,31.021,7,0,1,0,0,1
0,1487.09,626.88,2.372,23,1,0,0,1,1
0,2345.01,1164.54,2.014,9,0,0,0,1,0
1,1657.2,950.8,1.743,7,0,0,1,0,1
0,621.3,718.38,0.865,11,0,0,0,1,0
1,14921.94,7688.04,1.941,15,0,0,1,0,1
1,910.49,10454.56,0.087,11,0,1,0,0,0
1,417.6,1076.71,0.388,21,0,0,1,1,1
0,1006.3,1607.68,0.626,21,0,0,0,0,0
0,133.99,1250.05,0.107,2,1,0,0,2,0
1,775.36,4010.81,0.193,17,0,1,1,0,1
0,513.59,4793.81,0.107,4,1,0,0,0,1
0,4034.58,299.01,13.493,13,0,0,0,0,0
0,753.37,2271.99,0.332,19,0,0,0,0,0
0,5733.87,456.62,12.557,20,0,0,0,0,0
0,11137.01,7204.38,1.546,15,0,0,0,0,0
0,4991.68,2200.02,2.269,21,0,0,0,0,0
0,1366.48,705.56,1.937,5,1,0,0,0,0
1,2172.1,1191.31,1.823,15,0,0,0,0,1
0,249.02,1141.3,0.218,19,0,0,0,2,0
1,1519.42,2374.64,0.64,13,0,1,0,2,1
0,590.77,3780.92,0.156,19,0,0,0,0,0
1,4458.75,526.69,8.466,23,1,0,0,1,1
0,51255.49,7745.59,6.617,4,1,0,0,0,0
1,3462.58,6279.97,0.551,13,0,1,0,0,1
0,135.85,673.31,0.202,10,0,0,0,0,0
1,1130.48,1580.54,0.715,20,0,0,0,1,1
0,2120.14,6903.11,0.307,8,0,0,1,1,0
1,2025.49,4490.08,0.451,19,0,0,1,0,0
1,699.2,1093.27,0.64,6,0,0,0,0,0
0,2487.12,3080.68,0.807,4,1,0,1,0,0
0,359.51,21971.0,0.016,14,0,0,0,1,0
1,529.33,1627.25,0.325,12,0,1,0,0,0
0,4186.15,837.66,4.997,11,0,0,0,0,1
1,482.82,1728.79,0.279,23,1,1,1,0,1
0,3639.77,1848.07,1.969,14,0,0,1,0,1
0,304.81,923.27,0.33,23,1,0,0,0,0
1,17930.77,2202.75,8.14,18,0,0,0,0,1
0,660.8,478.68,1.38,23,1,0,0,1,1
1,1351.86,813.23,1.662,18,0,1,0,0,0
0,2778.86,2929.01,0.949,9,0,0,0,2,0
0,867.01,305.09,2.842,16,0,0,0,2,0
0,2178.58,3337.08,0.653,15,0,0,0,0,0
0,3819.84,242.07,15.78,4,1,0,0,0,0
0,6303.1,311.63,20.226,3,1,1,0,1,1
0,5059.11,944.75,5.355,23,1,0,1,0,0
0,1446.13,1916.35,0.755,21,0,0,0,0,0
0,1494.25,4879.2,0.306,9,0,0,0,0,0
1,38324.36,1559.09,24.581,20,0,0,0,0,1
0,6215.84,1185.72,5.242,5,1,1,0,0,1
0,545.46,2493.95,0.219,10,0,0,0,0,0
0,2059.02,676.0,3.046,10,0,1,0,0,1
0,1169.48,1678.19,0.697,15,0,0,0,1,0
1,1516.36,502.95,3.015,13,0,1,1,0,1
0,365.64,1594.53,0.229,18,0,0,0,0,0
0,1058.39,1317.05,0.804,21,0,0,0,0,0
0,19053.81,717.78,26.545,3,1,0,0,0,0
0,3838.36,1717.35,2.235,4,1,0,1,0,1
1,70.92,1707.34,0.042,21,0,0,0,2,1
0,8793.26,4263.77,2.062,18,0,0,0,0,0
1,7454.09,348.95,21.361,16,0,0,0,1,1
0,1133.35,1382.37,0.82,17,0,0,0,0,0
0,4593.71,746.77,6.151,7,0,0,0,0,0
1,591.57,3238.24,0.183,3,1,0,0,0,1
0,981.09,2917.61,0.336,22,1,0,0,0,1
0,12684.17,2338.1,5.425,17,0,0,0,0,0
0,1269.97,785.68,1.616,10,0,0,0,0,0
0,159.07,3284.35,0.048,13,0,0,0,0,0
0,1665.21,373.49,4.459,12,0,0,0,0,0
0,1632.45,310.51,5.257,23,1,0,0,0,1
0,8585.92,469.52,18.287,15,0,0,0,0,1
0,1842.06,1436.37,1.282,11,0,0,1,0,0
0,1045.18,2717.99,0.385,8,0,0,0,0,0
0,7034.44,101.65,69.203,6,0,0,1,0,1
0,2115.46,4868.15,0.435,9,0,0,0,0,0
0,681.96,1665.7,0.409,16,0,1,0,1,0
1,8115.22,361.05,22.477,17,0,1,1,1,1
0,2325.66,1621.09,1.435,6,0,0,0,0,0
1,1814.93,3957.12,0.459,2,1,0,0,0,1
0,2278.52,2538.93,0.897,14,0,0,0,0,0
0,449.5,3980.51,0.113,15,0,0,0,0,1
0,910.55,432.84,2.104,20,0,0,0,1,1
0,1816.48,1019.83,1.781,16,0,0,0,0,0
0,1403.8,644.05,2.18,12,0,0,0,0,0
0,9453.66,6945.31,1.361,2,1,0,0,0,0
0,2398.57,2631.81,0.911,19,0,0,0,0,0
1,5493.8,19193.15,0.286,19,0,0,1,0,1
0,1830.26,971.8,1.883,22,1,0,0,0,1
0,7137.91,771.08,9.257,4,1,0,1,1,1
1,3031.42,1301.74,2.329,8,0,0,0,0,0
0,1839.86,5118.01,0.359,22,1,0,0,0,0
0,1777.09,1064.75,1.669,17,0,0,0,0,0
0,522.82,1655.72,0.316,10,0,0,0,0,0
1,3494.66,1614.89,2.164,10,0,1,0,1,1
1,1715.97,1533.87,1.119,15,0,0,0,0,0
0,941.44,822.91,1.144,7,0,0,0,1,0
0,7619.0,1308.24,5.824,1,1,0,1,0,1
1,355.92,1258.79,0.283,22,1,0,0,0,1
0,1043.94,1470.26,0.71,20,0,0,1,0,1
0,6877.66,3460.49,1.987,9,0,0,0,0,0
0,2724.88,7219.68,0.377,5,1,0,0,0,1
0,1698.98,694.79,2.445,3,1,0,0,0,0
0,2505.65,1040.24,2.409,20,0,0,0,0,0
0,2282.98,704.5,3.241,4,1,0,0,0,1
0,251.73,1751.79,0.144,22,1,0,0,0,0
0,1148.21,911.86,1.259,10,0,0,1,0,0
1,14786.62,1836.87,8.05,11,0,1,0,1,1
0,767.3,3996.86,0.192,15,0,0,0,1,0
0,1195.37,152.44,7.842,19,0,0,0,0,0
0,894.17,2304.46,0.388,20,0,0,0,0,0
0,1614.66,978.31,1.65,13,0,0,0,0,0
0,847.2,2240.33,0.378,13,0,0,0,2,0
0,3404.2,660.62,5.153,19,0,0,0,0,0
1,2336.73,4344.37,0.538,19,0,0,0,1,1
1,4942.43,3367.59,1.468,14,0,0,1,1,1
0,461.17,2468.87,0.187,7,0,0,0,1,0
0,1161.6,3022.69,0.384,4,1,0,0,0,0
0,1348.25,756.68,1.782,8,0,0,0,0,0
1,3269.33,847.54,3.857,20,0,1,1,1,1
1,644.72,2913.74,0.221,15,0,0,0,0,1
0,5945.26,741.77,8.015,23,1,0,0,1,1
0,8453.54,5437.48,1.555,2,1,0,0,0,0
1,499.93,1106.29,0.452,11,0,0,0,0,0
0,955.15,2325.53,0.411,6,0,1,1,0,0
0,905.5,9792.03,0.092,16,0,0,0,1,0
0,55387.1,783.99,70.648,14,0,0,0,0,1
0,1033.94,1574.8,0.657,14,0,0,0,0,0
1,16009.11,3822.9,4.188,11,0,1,1,0,1
1,348.41,3484.74,0.1,20,0,0,0,0,0
0,499.42,1102.09,0.453,1,1,0,0,0,0
0,740.57,929.77,0.797,7,0,0,0,0,0
0,602.21,1200.12,0.502,21,0,0,0,1,0
0,1276.31,5448.37,0.234,4,1,0,0,0,0
0,719.52,1151.48,0.625,2,1,0,0,0,0
0,623.19,1588.12,0.392,0,1,0,0,2,0
0,8151.96,1008.17,8.086,15,0,0,0,1,1
0,8874.45,2793.34,3.177,9,0,1,0,1,1
0,6211.05,1702.7,3.648,9,0,0,0,0,0
0,3573.14,599.99,5.955,10,0,0,0,0,0
0,2039.72,618.97,3.295,11,0,0,0,2,0
0,947.53,245.0,3.867,7,0,0,1,1,1
1,523.69,700.51,0.748,4,1,0,0,0,1
0,2898.34,3024.65,0.958,8,0,0,0,1,0
0,393.19,4872.61,0.081,10,0,0,1,0,0
1,496.66,2743.54,0.181,14,0,0,1,1,1
1,8093.26,2438.57,3.319,22,1,0,1,2,1
0,21393.53,1320.98,16.195,16,0,0,0,1,0
1,3014.78,2973.29,1.014,10,0,0,1,0,1
0,7618.95,1915.34,3.978,12,0,0,0,0,0
0,1313.43,7510.1,0.175,16,0,1,0,0,0
0,317.67,1354.79,0.234,22,1,0,0,1,1
0,4007.1,4957.75,0.808,6,0,0,0,0,0
0,3789.83,3250.95,1.166,8,0,1,0,1,0
0,1984.59,2869.52,0.692,17,0,0,0,0,0
0,1319.37,242.17,5.448,22,1,0,0,1,0
0,6316.2,3416.15,1.849,17,0,0,0,1,0
0,501.97,1319.81,0.38,9,0,0,0,0,0
0,661.22,992.74,0.666,11,0,0,0,0,0
0,487.58,389.7,1.251,17,0,0,0,1,0
1,2019.22,1472.88,1.371,20,0,0,0,1,1
1,439.54,1525.68,0.288,8,0,1,0,0,1
1,742.84,458.2,1.621,8,0,0,0,0,0
0,722.36,393.09,1.838,9,0,0,0,1,0
1,1288.47,2293.78,0.562,0,1,1,0,1,1
0,261.49,3243.91,0.081,10,0,0,0,0,0
0,2025.08,1756.81,1.153,13,0,0,0,1,0
0,9149.87,4170.33,2.194,22,1,0,0,2,1
0,2156.28,1369.57,1.574,9,0,0,0,0,0
0,13409.48,1409.63,9.513,13,0,0,1,2,1
0,10241.44,648.51,15.792,18,0,0,0,2,0
1,4969.41,363.5,13.671,9,0,0,0,1,1
0,1992.39,7857.28,0.254,16,0,0,0,0,0
0,1861.71,4097.65,0.454,1,1,1,0,0,1
1,4880.19,422.73,11.544,21,0,1,0,1,1
0,1086.62,1703.05,0.638,13,0,0,0,0,0
0,156.45,1352.84,0.116,17,0,0,0,2,0
0,3427.56,1156.79,2.963,1,1,0,0,0,0
0,415.55,1024.42,0.406,19,0,0,1,1,0
0,517.61,2086.29,0.248,18,0,0,0,0,0
0,1808.57,3091.33,0.585,23,1,0,0,0,0
0,1597.73,2126.33,0.751,7,0,0,0,0,0
0,288.39,1328.14,0.217,5,1,0,0,1,0
0,2242.03,1284.98,1.745,19,0,1,0,1,0
0,6348.55,3439.68,1.846,6,0,0,0,0,0
0,417.03,2246.44,0.186,12,0,0,0,0,0
1,9454.33,1580.38,5.982,1,1,0,0,2,1
0,237.88,1433.23,0.166,21,0,0,0,0,0
0,28353.94,2019.78,14.038,6,0,0,0,0,0
0,1059.3,971.16,1.091,0,1,0,1,0,0
0,2184.85,3100.71,0.705,5,1,0,0,1,0
0,154.53,562.13,0.275,15,0,0,0,0,0
0,1667.74,1022.18,1.632,7,0,0,0,0,0
1,2433.36,2565.72,0.948,12,0,1,1,0,1
1,1616.45,534.01,3.027,22,1,1,0,2,1
0,869.57,359.35,2.42,17,0,0,0,0,0
1,528.2,1566.77,0.337,13,0,1,0,0,1
0,7861.12,321.56,24.447,17,0,0,0,1,0
0,1881.92,459.93,4.092,3,1,0,0,1,0
0,13399.57,2924.66,4.582,14,0,0,0,0,0
0,911.94,1231.14,0.741,4,1,0,0,1,0
1,1027.38,4707.62,0.218,20,0,1,0,0,1
0,5220.1,500.53,10.429,13,0,0,0,0,0
0,219.23,1360.28,0.161,15,0,1,0,0,0
1,373.34,2120.96,0.176,14,0,0,0,0,0
0,7530.6,516.22,14.588,10,0,0,0,1,0
0,394.05,3746.53,0.105,1,1,0,0,0,0
0,169.9,2343.99,0.072,22,1,0,0,3,0
1,20518.56,347.8,58.995,23,1,1,0,0,1
1,295.31,1430.86,0.206,17,0,1,0,1,1
0,2296.99,2095.11,1.096,3,1,0,0,0,0
0,1977.94,870.4,2.272,14,0,0,0,1,0
0,50.0,390.77,0.128,11,0,0,0,1,0
1,1277.28,1901.91,0.672,2,1,0,1,1,1
0,3238.73,10830.47,0.299,3,1,0,0,0,0
0,2865.8,1044.94,2.743,20,0,0,0,1,0
1,5852.22,6077.31,0.963,15,0,0,1,0,1
0,1092.54,752.15,1.453,5,1,0,0,1,1
0,4565.37,1797.21,2.54,1,1,0,0,0,0
0,737.95,2964.22,0.249,21,0,0,0,0,0
1,288.99,1469.13,0.197,8,0,1,0,1,1
0,334.61,1132.34,0.296,11,0,0,0,1,0
0,270.23,2845.56,0.095,11,0,0,1,0,0
0,6717.44,8121.82,0.827,23,1,0,0,0,0
0,252.41,1940.16,0.13,13,0,0,0,0,0
0,2581.82,930.34,2.775,16,0,0,0,0,0
0,1279.59,1247.91,1.025,8,0,0,1,0,1
1,1582.18,14296.03,0.111,11,0,1,1,0,1
0,10643.34,1671.4,6.368,9,0,0,0,2,0
0,1022.54,866.99,1.179,10,0,0,0,0,0
0,4004.13,528.18,7.581,1,1,0,0,2,1
0,1898.52,286.2,6.634,15,0,0,0,0,0
1,1483.82,2053.35,0.723,0,1,1,1,0,1
0,35952.71,2668.25,13.474,21,0,0,0,2,1
0,277.62,1035.85,0.268,0,1,0,0,1,0
0,9661.18,1460.49,6.615,21,0,1,0,0,1
0,4244.28,516.25,8.221,1,1,0,0,0,0
0,969.34,1668.43,0.581,11,0,0,0,0,0
0,15034.67,2283.23,6.585,22,1,0,0,2,1
1,163.61,914.48,0.179,22,1,0,0,0,1
1,917.55,6777.8,0.135,19,0,0,1,0,1
0,375.77,696.87,0.539,17,0,0,0,0,1
1,3089.33,1910.52,1.617,11,0,0,0,1,1
0,425.39,3176.34,0.134,22,1,0,0,0,0
0,3174.75,1380.83,2.299,0,1,1,0,0,0
0,1418.89,1249.34,1.136,10,0,0,0,0,0
0,969.56,409.12,2.37,1,1,0,1,1,1
0,2996.62,5022.12,0.597,11,0,0,0,0,0
0,1275.12,1270.41,1.004,1,1,0,0,0,0
0,439.12,2400.97,0.183,16,0,0,0,0,0
0,68994.69,2712.02,25.44,5,1,0,0,0,1
0,959.76,840.95,1.141,15,0,0,0,0,1
1,101.2,1239.2,0.082,18,0,1,0,0,1
0,605.03,4919.85,0.123,5,1,0,0,1,1
0,348.12,541.6,0.643,6,0,0,0,0,0
0,5292.2,10047.97,0.527,18,0,0,1,2,0
0,2746.68,757.19,3.627,19,0,0,0,1,0
1,3036.09,512.06,5.929,16,0,1,0,0,1
0,1117.64,1667.5,0.67,5,1,0,0,0,0
0,1257.45,10802.29,0.116,14,0,0,0,0,0
1,1116.32,265.11,4.211,21,0,1,1,0,1
0,1626.93,1303.86,1.248,8,0,0,0,0,0
0,5355.79,2272.51,2.357,1,1,0,0,1,0
0,2798.67,1525.82,1.834,4,1,1,0,0,1
1,3463.89,2087.51,1.659,20,0,0,0,1,1
0,3461.39,775.7,4.462,22,1,0,0,0,1
0,5708.86,862.86,6.616,4,1,0,0,1,1
0,2629.62,1295.2,2.03,11,0,0,0,0,1
0,2882.76,535.45,5.384,9,0,0,1,1,1
0,8479.85,1421.95,5.964,3,1,0,0,0,0
0,761.61,1043.28,0.73,11,0,0,0,0,0
0,594.39,969.67,0.613,14,0,0,0,1,0
1,386.95,1975.26,0.196,9,0,1,0,0,1
1,2293.4,287.55,7.976,17,0,0,0,0,1
0,162.41,1204.5,0.135,23,1,0,0,0,0
1,3297.11,11915.77,0.277,4,1,1,1,1,1
0,1568.77,556.96,2.817,12,0,0,0,1,1
0,7903.27,4707.68,1.679,3,1,0,0,0,0
0,754.84,1554.94,0.485,8,0,0,0,0,0
1,1388.09,860.35,1.613,17,0,0,1,0,1
1,7776.52,450.98,17.244,2,1,1,1,0,1
0,10917.0,1678.6,6.504,23,1,0,1,2,1
1,746.8,5475.6,0.136,10,0,0,0,0,0
0,2290.02,1042.85,2.196,3,1,0,0,2,0
1,2651.14,1376.27,1.926,8,0,0,1,1,1
1,2938.78,3675.09,0.8,11,0,0,1,0,1
0,1285.18,2011.8,0.639,9,0,0,0,1,0
1,9564.35,359.59,26.598,9,0,0,0,0,1
0,154.99,1618.08,0.096,8,0,0,0,0,0
0,1045.79,5773.37,0.181,9,0,0,0,0,0
0,3236.7,1431.89,2.26,8,0,0,0,0,0
0,3276.05,125.54,26.096,0,1,0,0,1,0
1,10494.29,2099.37,4.999,21,0,0,0,0,1
0,8584.32,1238.17,6.933,15,0,0,0,0,1
0,1247.37,285.38,4.371,13,0,0,0,2,0
1,9797.01,326.59,29.998,12,0,1,0,0,1
1,714.62,3560.29,0.201,5,1,0,1,0,1
0,6064.17,765.75,7.919,13,0,0,0,0,0
1,19028.24,654.1,29.091,7,0,0,0,0,1
0,8772.94,1433.57,6.12,22,1,0,0,0,0
1,2074.55,829.0,2.502,22,1,1,0,2,1
0,1174.61,1619.78,0.725,17,0,0,1,0,1
0,247.85,1233.43,0.201,19,0,0,0,1,0
0,2707.28,502.71,5.385,0,1,0,0,0,1
0,424.21,934.42,0.454,11,0,0,0,0,0
0,644.79,2204.99,0.292,10,0,0,0,0,0
0,384.53,1537.21,0.25,12,0,0,0,1,0
0,993.75,1375.06,0.723,22,1,0,0,0,0
1,1743.48,8464.58,0.206,3,1,0,0,1,1
0,2580.4,2858.16,0.903,5,1,0,0,0,0
0,828.27,3188.15,0.26,21,0,0,0,0,1
0,7259.52,1274.91,5.694,12,0,0,0,0,0
0,1379.3,1804.67,0.764,23,1,0,0,1,1
1,649.34,1004.26,0.647,21,0,0,0,2,0
1,2426.44,2980.35,0.814,12,0,0,1,1,1
0,23216.5,1340.29,17.322,5,1,0,0,1,1
0,2795.34,1808.3,1.546,21,0,0,0,0,0
1,1128.1,1710.52,0.66,3,1,0,0,2,1
0,248.22,1456.29,0.17,20,0,1,0,1,0
1,1359.35,20834.58,0.065,2,1,1,0,1,1
0,2453.83,812.44,3.02,14,0,0,0,1,0
1,1092.41,805.82,1.356,10,0,0,0,0,0
0,207.47,2764.7,0.075,1,1,0,0,0,1
0,598.4,866.4,0.691,22,1,1,0,1,1
1,11978.88,1138.8,10.519,16,0,0,1,0,1
0,11663.29,556.81,20.947,22,1,0,0,0,1
0,570.99,2304.0,0.248,1,1,0,0,0,0
0,4335.46,2330.48,1.86,20,0,0,1,0,0
0,390.67,1114.69,0.35,0,1,0,1,0,0
0,11221.77,2816.74,3.984,4,1,0,0,1,0
0,2486.94,278.02,8.945,19,0,0,0,1,1
0,6213.84,783.55,7.93,16,0,0,0,1,1
0,194.49,1270.31,0.153,0,1,0,0,1,0
1,4363.06,515.4,8.465,6,0,0,1,1,1
0,1790.09,306.79,5.835,2,1,0,0,0,0
0,5472.59,1122.03,4.877,15,0,0,1,0,0
0,5939.19,2764.51,2.148,15,0,0,0,0,0
0,1969.47,4693.33,0.42,11,0,1,0,0,0
0,827.92,904.55,0.915,8,0,0,0,2,0
0,4982.09,2863.77,1.74,13,0,0,0,0,0
0,1672.04,2625.14,0.637,11,0,0,0,0,1
0,581.37,4432.63,0.131,15,0,0,0,2,0
0,546.65,1080.12,0.506,16,0,0,0,1,0
0,264.99,293.35,0.903,11,0,1,0,0,0
0,931.34,1576.82,0.591,3,1,0,0,0,0
0,7581.75,594.42,12.755,16,0,1,0,0,1
0,2278.29,771.89,2.952,0,1,0,0,0,0
0,908.05,1128.79,0.804,20,0,0,0,0,0
1,5147.74,1091.13,4.718,16,0,0,1,0,1
0,612.64,1681.44,0.364,10,0,1,0,0,1
0,2046.64,2787.33,0.734,18,0,0,0,0,0
0,1431.5,1063.2,1.346,22,1,0,0,0,0
0,4978.43,2113.56,2.355,17,0,0,0,1,1
0,232.67,1500.17,0.155,19,0,0,0,0,0
0,598.69,3435.59,0.174,1,1,0,0,0,0
1,214.92,1249.21,0.172,8,0,0,0,0,1
0,1290.16,1378.8,0.936,8,0,0,0,0,0
1,8732.93,1056.84,8.263,11,0,0,0,0,1
0,937.22,1279.18,0.733,12,0,0,0,0,0
0,930.86,731.33,1.273,15,0,0,0,3,1
0,5615.25,668.92,8.395,12,0,0,0,1,0
0,7252.59,2975.56,2.437,22,1,0,0,0,0
0,1611.4,558.42,2.886,13,0,0,0,2,0
0,4403.39,1110.75,3.964,6,0,0,0,1,0
0,445.84,3691.58,0.121,1,1,0,0,0,0
1,10843.99,1077.68,10.062,11,0,1,0,0,1
1,29534.61,3120.87,9.464,23,1,0,0,0,1
0,3560.23,869.62,4.094,16,0,0,0,2,0
0,120.35,574.76,0.209,23,1,0,0,0,0
0,875.07,352.36,2.483,4,1,0,0,0,0
0,4010.51,4824.45,0.831,19,0,0,0,0,0
0,1045.31,532.09,1.965,9,0,0,0,0,0
0,9450.83,2900.01,3.259,17,0,0,0,0,1
0,3883.94,601.87,6.453,2,1,0,0,0,1
0,721.68,4844.72,0.149,12,0,0,0,1,0
1,1885.49,10787.08,0.175,12,0,1,1,0,1
0,565.67,324.45,1.743,9,0,0,0,0,0
1,1426.02,557.64,2.557,1,1,1,0,1,1
0,879.21,2968.52,0.296,15,0,0,0,1,0
0,8326.43,2348.99,3.545,3,1,0,0,1,1
0,28305.62,2978.66,9.503,18,0,0,1,1,0
0,281.31,883.26,0.318,4,1,0,0,1,0
0,148.39,8855.38,0.017,6,0,1,0,0,1
0,1314.58,1646.23,0.799,8,0,0,0,1,0
0,251.15,495.09,0.507,4,1,0,0,2,0
0,1919.99,1178.7,1.629,7,0,1,0,0,0
0,4786.8,501.09,9.553,1,1,0,0,1,1
0,12611.75,6197.17,2.035,21,0,0,0,0,0
0,2349.16,817.05,2.875,23,1,0,0,0,0
0,1406.55,2305.92,0.61,19,0,0,0,0,0
0,138.12,969.13,0.143,19,0,0,0,1,0
0,1870.65,850.78,2.199,6,0,0,0,0,0
1,1983.61,265.28,7.477,3,1,0,0,1,0
0,4149.09,2536.04,1.636,20,0,0,0,0,1
1,719.79,4766.0,0.151,14,0,0,0,0,0
0,1027.04,649.13,1.582,17,0,0,0,1,0
0,264.7,368.45,0.718,1,1,0,0,1,0
0,91.96,3050.27,0.03,13,0,0,0,0,0
0,427.93,336.43,1.272,9,0,0,1,0,0
0,234.76,4436.32,0.053,4,1,0,0,1,0
1,2800.98,655.92,4.27,11,0,1,1,0,1
0,921.89,548.42,1.681,9,0,0,0,0,0
0,898.11,1851.25,0.485,17,0,0,0,0,0
0,502.84,581.54,0.865,5,1,0,0,0,0
1,50.0,783.37,0.064,21,0,0,0,1,0
0,12846.21,2035.68,6.311,11,0,0,0,0,0
0,492.58,166.3,2.962,23,1,0,1,0,1
0,1057.7,6491.04,0.163,0,1,0,0,1,0
1,272.77,1539.6,0.177,6,0,0,0,0,0
1,6396.52,462.35,13.835,11,0,0,0,1,1
0,2178.64,592.58,3.677,6,0,0,0,1,1
1,617.53,3613.68,0.171,8,0,0,1,0,1
1,1085.83,2542.61,0.427,19,0,0,0,0,0
0,16020.65,5156.96,3.107,14,0,0,0,0,0
0,1644.41,800.74,2.054,22,1,0,0,1,0
0,1427.59,1933.19,0.738,11,0,0,0,0,1
1,531.77,2173.1,0.245,12,0,0,0,0,0
0,154.01,2767.61,0.056,21,0,0,0,2,0
1,1468.43,4082.86,0.36,3,1,0,1,0,1
0,2760.4,776.24,3.556,9,0,0,0,0,0
1,7551.19,1335.75,5.653,23,1,0,0,0,0
0,97.22,854.8,0.114,2,1,0,0,0,0
0,418.79,1411.84,0.297,23,1,0,0,1,1
1,849.83,2775.51,0.306,4,1,0,0,0,0
1,1799.88,334.08,5.388,3,1,1,0,0,1
1,1497.36,4017.58,0.373,18,0,0,1,0,0
0,1543.5,530.99,2.907,14,0,0,0,0,0
0,3073.35,1122.56,2.738,22,1,0,1,0,0
0,558.76,4534.85,0.123,6,0,0,1,0,0
0,6089.88,1988.64,3.062,21,0,0,0,0,0
0,3176.35,2009.37,1.581,2,1,0,0,0,0
0,1192.99,511.55,2.332,15,0,0,0,1,0
0,14489.51,578.43,25.05,14,0,0,0,0,1
1,13675.22,3453.46,3.96,17,0,1,0,0,1
0,6080.02,871.11,6.98,2,1,0,0,0,1
0,50.0,948.21,0.053,13,0,0,0,1,0
0,14081.66,3524.72,3.995,0,1,0,0,1,0
0,5080.61,575.41,8.83,6,0,0,0,0,0
0,24546.66,1886.19,13.014,1,1,1,0,0,1
1,9033.58,1538.58,5.871,9,0,1,1,0,1
1,14070.64,1476.73,9.528,23,1,0,0,0,1
1,5666.07,928.35,6.103,15,0,1,1,0,1
1,10438.97,878.42,11.884,11,0,1,0,1,1
0,24157.76,560.86,43.073,17,0,0,0,0,0
0,2395.92,2285.63,1.048,5,1,0,0,0,0
0,234.18,811.32,0.289,16,0,0,0,0,0
0,1212.33,3539.96,0.342,7,0,0,0,0,0
0,3001.69,1209.43,2.482,20,0,0,1,2,0
0,1992.92,571.0,3.49,8,0,0,0,0,0
0,357.62,1195.08,0.299,18,0,0,0,0,0
0,216.94,1022.73,0.212,1,1,0,0,2,0
0,689.86,3670.9,0.188,6,0,0,0,0,0
0,5167.07,1061.99,4.865,10,0,0,1,0,0
0,14107.22,1154.49,12.219,22,1,0,0,1,0
0,5952.33,5273.2,1.129,12,0,0,1,0,0
0,7148.48,2338.91,3.056,9,0,0,0,2,1
1,1627.73,6610.64,0.246,14,0,1,1,0,1
0,187.78,4596.91,0.041,20,0,0,0,1,0
0,1000.46,666.18,1.502,6,0,0,0,1,1
1,1291.56,3608.17,0.358,5,1,0,0,0,1
0,947.5,5841.68,0.162,11,0,0,0,0,0
0,1941.28,5881.29,0.33,2,1,0,0,0,0
0,3209.42,3602.15,0.891,15,0,0,0,1,0
0,5480.33,3536.07,1.55,19,0,0,0,0,0
1,1259.47,1127.33,1.117,8,0,0,1,0,1
1,152.19,696.7,0.218,9,0,0,1,0,0
0,965.13,1078.15,0.895,12,0,0,1,2,0
0,1913.76,330.86,5.784,7,0,1,0,0,1
0,8863.09,4956.8,1.788,5,1,0,0,0,0
0,864.24,1147.15,0.753,2,1,0,0,1,0
0,3520.32,4732.45,0.744,11,0,0,0,1,0
0,2636.25,488.65,5.395,8,0,0,0,0,0
0,1914.23,3922.02,0.488,8,0,0,0,1,0
0,6061.38,948.24,6.392,10,0,0,0,0,0
0,765.79,465.94,1.644,5,1,0,0,0,0
0,855.99,6402.26,0.134,1,1,0,0,0,0
0,1780.29,4010.14,0.444,6,0,0,0,0,0
1,786.67,1791.15,0.439,8,0,0,0,0,0
0,3499.64,1526.21,2.293,18,0,0,0,0,0
0,715.41,2198.56,0.325,17,0,0,0,0,0
1,2426.48,1763.69,1.376,11,0,1,1,0,1
0,1587.28,725.57,2.188,20,0,0,0,0,0
0,2390.85,1021.63,2.34,10,0,0,1,0,1
0,994.6,8644.22,0.115,9,0,0,0,2,0
0,1163.5,16398.43,0.071,22,1,0,0,0,0
0,2048.4,6041.46,0.339,2,1,0,0,0,0
0,2351.24,2276.52,1.033,11,0,0,0,1,0
0,1798.19,1092.28,1.646,3,1,0,0,0,1
1,16596.9,721.72,22.996,9,0,0,0,0,1
0,498.72,765.82,0.651,1,1,1,0,0,1
0,1663.26,899.7,1.849,11,0,0,0,0,0
1,233.76,10260.41,0.023,10,0,1,1,0,1
0,2932.78,7522.5,0.39,13,0,0,0,0,0
1,424.19,2897.64,0.146,14,0,0,0,1,1
0,1259.16,623.56,2.019,13,0,0,0,0,0
1,1114.67,3306.85,0.337,11,0,0,1,0,0
0,2604.92,1194.22,2.181,1,1,0,0,0,0
1,881.28,213.21,4.133,22,1,1,0,1,1
1,833.89,1916.76,0.435,1,1,0,0,0,1
0,11691.45,693.87,16.85,0,1,0,0,0,1
0,2617.4,715.34,3.659,19,0,0,0,0,0
0,871.86,1181.61,0.738,14,0,0,0,0,0
0,1304.95,945.31,1.38,21,0,0,0,0,0
0,15351.39,1435.36,10.695,9,0,0,0,0,1
0,1331.8,1374.58,0.969,19,0,0,0,2,0
0,738.0,273.63,2.697,0,1,0,0,1,1
0,742.12,5815.31,0.128,0,1,0,0,0,0
0,885.49,610.92,1.449,0,1,0,0,0,0
0,834.77,628.19,1.329,22,1,0,0,1,1
0,342.56,1101.36,0.311,10,0,0,0,0,0
0,419.28,1342.78,0.312,11,0,0,0,0,0
0,615.16,5503.18,0.112,14,0,0,1,0,0
0,3901.21,1886.5,2.068,13,0,0,0,1,0
0,1101.46,2464.68,0.447,22,1,0,0,0,0
0,1381.17,1895.21,0.729,0,1,0,0,1,0
0,9424.94,1823.14,5.17,0,1,0,1,1,1
1,9735.26,1956.2,4.977,5,1,0,0,0,1
0,1252.93,259.96,4.82,23,1,0,0,0,0
0,796.22,1182.13,0.674,22,1,0,0,0,0
0,587.71,4213.44,0.139,21,0,0,0,2,0
1,4449.77,51436.22,0.087,2,1,1,1,1,1
1,1385.59,500.76,2.767,13,0,1,0,0,0
0,1093.96,2166.29,0.505,22,1,0,0,1,0
0,627.81,885.42,0.709,5,1,0,0,0,0
1,664.77,9347.71,0.071,7,0,0,0,1,0
0,2740.99,437.73,6.262,19,0,0,0,0,0
0,326.99,2597.87,0.126,14,0,0,0,0,0
0,6590.14,417.18,15.797,16,0,1,0,0,1
0,903.25,1111.3,0.813,22,1,0,1,0,1
1,1488.42,1435.28,1.037,8,0,1,0,0,1
1,317.96,3876.63,0.082,15,0,0,1,0,1
1,1779.21,561.47,3.169,0,1,0,0,0,1
0,1179.9,2689.32,0.439,15,0,0,0,2,0
1,1694.08,1505.53,1.125,18,0,0,0,0,0
0,12249.27,1892.24,6.473,22,1,0,1,0,1
0,2277.9,3506.94,0.65,8,0,0,0,1,0
1,643.51,466.71,1.379,16,0,1,0,0,1
0,717.15,3070.32,0.234,5,1,0,0,0,0
0,3919.31,887.12,4.418,13,0,0,1,1,0
0,9782.02,3969.07,2.465,17,0,0,0,0,0
1,2608.4,2000.4,1.304,20,0,0,0,1,0
0,4426.33,1225.89,3.611,13,0,1,0,0,1
0,3994.44,870.42,4.589,22,1,0,0,1,0
0,11439.0,3105.61,3.683,6,0,0,0,0,0
1,143.38,4604.81,0.031,9,0,0,0,0,0
1,4304.36,916.38,4.697,15,0,0,0,1,1
0,6495.45,533.95,12.165,6,0,0,0,0,0
0,317.24,2764.98,0.115,19,0,0,0,1,0
0,571.71,401.95,1.422,5,1,0,1,3,1
1,598.23,457.16,1.309,5,1,0,0,0,0
0,701.05,568.82,1.232,6,0,0,0,0,0
1,966.58,1018.51,0.949,21,0,0,0,0,0
0,2478.44,444.66,5.574,16,0,0,0,3,0
1,5571.26,258.55,21.548,7,0,0,1,0,1
1,7373.97,532.78,13.841,1,1,0,0,0,1
0,608.4,2639.19,0.231,18,0,0,0,0,0
1,602.98,471.35,1.279,20,0,0,0,0,1
0,10002.28,1089.81,9.178,21,0,0,0,0,0
0,4191.3,8535.84,0.491,6,0,0,0,0,0
0,2013.69,1416.22,1.422,11,0,0,0,0,1
1,3345.39,2014.81,1.66,19,0,0,0,1,0
0,1739.33,631.79,2.753,2,1,0,0,0,1
0,3575.86,10374.72,0.345,3,1,0,0,0,0
0,1168.08,909.45,1.284,10,0,0,0,0,0
0,2564.31,1205.57,2.127,11,0,0,0,1,0
0,253.73,4843.31,0.052,18,0,0,1,0,0
0,739.43,1256.94,0.588,18,0,0,0,0,0
1,749.86,1545.5,0.485,10,0,1,0,2,1
0,1111.31,1148.81,0.967,12,0,0,0,1,0
0,542.14,1155.92,0.469,23,1,0,0,1,0
0,903.61,2066.17,0.437,0,1,0,0,0,0
0,252.46,2434.87,0.104,5,1,0,0,1,0
1,3689.74,829.71,4.447,21,0,0,0,1,0
1,1624.14,742.87,2.186,15,0,1,1,0,1
0,197.01,855.58,0.23,1,1,0,0,0,0
1,610.77,419.42,1.456,13,0,0,0,0,0
1,2800.58,353.76,7.917,23,1,0,0,1,1
1,892.54,1934.2,0.461,22,1,0,0,0,0
0,730.68,3445.2,0.212,17,0,0,0,0,0
1,1640.95,3241.98,0.506,16,0,0,0,2,1
0,2826.17,173.51,16.288,19,0,0,0,0,0
0,279.43,1187.31,0.235,17,0,0,0,0,0
0,3696.59,549.01,6.733,18,0,0,0,0,0
0,638.82,1684.74,0.379,14,0,0,0,0,0
0,1766.39,1016.34,1.738,1,1,0,0,1,0
0,1726.68,2521.78,0.685,3,1,0,0,0,0
0,911.25,1455.0,0.626,0,1,0,1,0,0
1,477.82,268.7,1.778,7,0,1,1,1,1
1,1247.14,619.94,2.012,19,0,0,1,0,1
0,14956.92,1488.03,10.051,13,0,0,0,0,1
1,307.91,1605.35,0.192,10,0,0,0,1,1
1,16317.72,417.75,39.061,23,1,1,0,0,1
1,1289.95,371.37,3.473,23,1,1,0,0,1
0,1893.12,1557.16,1.216,13,0,0,0,0,0
0,440.22,418.51,1.052,15,0,0,0,0,0
1,663.38,329.72,2.012,9,0,0,0,1,0
0,940.32,991.65,0.948,6,0,0,0,1,0
0,464.33,953.75,0.487,15,0,0,0,0,0
0,1378.03,671.45,2.052,3,1,0,0,0,0
0,1065.16,785.75,1.356,11,0,0,0,0,0
0,20050.62,1498.85,13.377,11,0,0,0,0,0
0,397.12,774.22,0.513,1,1,1,0,0,1
0,2066.26,1577.55,1.31,5,1,0,0,0,0
1,2495.39,1051.09,2.374,19,0,1,1,0,1
1,449.7,1721.39,0.261,14,0,1,0,1,1
0,4415.5,3262.94,1.353,14,0,0,0,2,0
1,1077.26,3150.52,0.342,21,0,1,0,1,1
0,70.8,4719.18,0.015,15,0,0,1,3,1
0,4263.32,3147.4,1.355,23,1,0,0,0,0
1,423.26,1834.82,0.231,2,1,1,1,1,1
1,463.08,1002.16,0.462,0,1,1,0,3,1
1,4421.67,1044.21,4.234,20,0,1,1,0,1
0,1151.35,671.83,1.714,11,0,0,1,0,1
1,5961.66,1486.35,4.011,14,0,1,0,1,1
0,8718.62,2772.9,3.144,18,0,0,0,0,0
1,781.8,770.39,1.015,5,1,0,1,0,1
1,5070.74,1431.54,3.542,18,0,1,1,0,0
0,677.16,804.62,0.842,16,0,0,0,0,0
0,32960.02,1787.22,18.442,8,0,0,0,0,0
1,734.47,902.85,0.814,20,0,1,1,0,1
0,6863.09,760.85,9.02,12,0,0,1,0,1
0,5414.99,802.74,6.746,14,0,0,0,0,0
1,2726.88,2328.54,1.171,15,0,0,0,2,0
0,756.19,1356.86,0.557,12,0,0,0,0,0
1,1485.02,1006.69,1.475,1,1,0,0,1,1
0,109.98,1872.94,0.059,1,1,0,0,0,0
0,2420.54,1019.37,2.375,10,0,0,0,0,0
1,2848.36,4080.06,0.698,15,0,0,0,0,0
0,2150.7,616.17,3.49,16,0,0,0,0,0
0,50.0,1251.03,0.04,2,1,0,0,1,1
1,348.86,418.1,0.834,22,1,0,0,0,1
0,683.67,1083.35,0.631,0,1,0,0,0,0
0,2641.64,326.47,8.092,17,0,0,0,0,0
0,2633.69,2897.74,0.909,13,0,0,0,0,0
1,1449.12,2950.86,0.491,21,0,0,0,0,1
1,4129.12,2998.16,1.377,8,0,0,0,1,0
1,476.22,1519.27,0.313,8,0,0,0,0,0
0,3997.02,670.56,5.961,11,0,0,0,0,1
1,3351.5,720.32,4.653,23,1,1,1,0,1
0,2953.72,5867.33,0.503,2,1,0,0,0,0
0,1427.03,5388.97,0.265,1,1,0,0,0,0
0,19535.08,1652.92,11.819,0,1,0,0,0,1
1,3432.88,930.69,3.689,8,0,1,1,0,1
1,513.46,5073.37,0.101,12,0,0,0,2,0
0,2496.88,792.31,3.151,20,0,0,0,1,0
0,4808.92,1818.86,2.644,15,0,0,0,0,0
1,841.73,4997.84,0.168,18,0,0,0,0,1
0,7450.63,697.36,10.684,9,0,0,0,0,0
1,2970.97,3122.23,0.952,4,1,0,1,1,1
0,86.04,2364.93,0.036,13,0,0,0,1,0
0,2669.31,1428.58,1.869,14,0,0,0,0,0
0,1066.53,605.41,1.762,2,1,0,0,2,0
0,3634.89,771.24,4.713,8,0,0,0,1,1
1,6170.16,1920.82,3.212,0,1,1,0,0,1
0,2330.2,411.17,5.667,0,1,1,0,1,1
1,15753.66,1665.15,9.461,18,0,0,0,0,0
0,1433.22,2408.95,0.595,5,1,0,0,0,0
0,4073.52,3592.84,1.134,10,0,0,0,0,0
0,5148.32,420.51,12.243,17,0,0,0,0,0
0,1593.12,4839.77,0.329,13,0,0,1,0,1
1,4976.12,6807.82,0.731,15,0,0,0,0,1
0,834.58,2141.23,0.39,0,1,0,0,0,0
0,1043.84,581.58,1.795,23,1,0,0,0,0
0,328.25,1101.8,0.298,9,0,0,0,0,0
0,2474.59,1418.23,1.745,9,0,0,0,0,0
0,2759.56,1888.27,1.461,12,0,0,0,0,0
1,8375.3,1509.88,5.547,0,1,0,1,1,1
0,5056.76,1906.55,2.652,2,1,0,0,0,0
0,1248.58,1364.21,0.915,13,0,0,0,1,0
0,390.87,1879.19,0.208,20,0,0,0,1,1
1,3173.87,978.02,3.245,15,0,0,0,0,1
0,7661.62,1091.85,7.017,22,1,0,0,0,1
0,4825.84,881.46,5.475,19,0,0,0,0,0
0,7404.33,8312.65,0.891,5,1,0,0,0,0
0,1372.71,5527.61,0.248,0,1,0,0,0,0
0,985.74,2440.03,0.404,19,0,0,0,1,0
0,693.69,4879.4,0.142,23,1,0,0,1,0
1,1681.32,3036.97,0.554,4,1,1,1,2,1
0,1632.44,1742.62,0.937,7,0,0,0,0,0
1,2365.35,381.83,6.195,11,0,0,0,0,0
0,1528.3,1169.17,1.307,0,1,0,0,0,0
0,1519.72,1094.95,1.388,12,0,0,0,1,0
0,658.72,533.91,1.234,8,0,0,0,1,0
0,6149.37,388.56,15.826,19,0,0,0,0,0
1,1997.14,2306.41,0.866,23,1,1,0,0,1
0,1441.19,1982.38,0.727,7,0,0,0,0,0
0,684.26,517.67,1.322,12,0,0,0,0,0
0,320.06,756.51,0.423,1,1,0,1,0,0
1,9900.63,4209.5,2.352,14,0,0,0,1,0
0,3718.33,671.88,5.534,13,0,1,0,0,0
1,218.96,1726.27,0.127,18,0,1,0,0,1
0,4876.02,1247.88,3.907,8,0,0,0,0,0
0,5998.26,2334.91,2.569,18,0,0,0,0,0
0,2125.34,685.06,3.102,13,0,0,0,0,0
0,14436.92,1605.31,8.993,7,0,0,0,0,0
0,2396.43,1723.05,1.391,4,1,0,0,0,0
0,286.61,1821.04,0.157,6,0,0,0,0,0
1,2906.54,1589.49,1.829,3,1,0,0,0,1
1,2485.84,2018.58,1.231,7,0,1,0,0,0
1,825.27,10642.31,0.078,3,1,0,0,1,1
0,3810.92,14841.28,0.257,20,0,0,0,0,0
0,206.86,832.73,0.248,0,1,1,0,0,0
0,6553.38,183.75,35.665,7,0,0,0,0,1
1,577.35,2529.93,0.228,6,0,0,0,0,0
1,502.49,1750.45,0.287,10,0,0,0,0,0
0,1559.36,3846.57,0.405,20,0,0,0,1,0
0,3174.37,1912.94,1.659,15,0,0,0,0,0
0,2237.47,1560.47,1.434,21,0,0,1,1,0
0,688.52,4088.84,0.168,16,0,0,0,2,0
0,936.44,4637.37,0.202,23,1,0,0,0,0
0,414.49,425.0,0.975,4,1,0,0,1,1
1,1350.08,709.85,1.902,6,0,0,0,0,0
0,7313.87,1346.1,5.433,9,0,0,0,1,0
0,1798.05,1617.43,1.112,12,0,0,0,0,0
1,5526.11,1207.87,4.575,19,0,0,1,0,0
0,11992.32,2188.09,5.481,14,0,0,0,1,0
0,841.83,3628.21,0.232,5,1,0,0,0,0
0,1418.64,6977.45,0.203,1,1,0,0,1,1
0,30410.73,2492.45,12.201,3,1,0,0,0,0
0,11821.16,687.39,17.197,20,0,0,0,0,0
1,205.59,1296.42,0.159,13,0,1,0,0,1
0,2990.79,1383.24,2.162,23,1,0,0,0,1
0,1809.36,2352.36,0.769,14,0,0,0,0,0
0,5294.32,2099.28,2.522,13,0,0,0,0,0
0,686.45,9370.83,0.073,3,1,0,0,1,1
1,606.99,977.15,0.621,5,1,0,1,0,1
1,750.78,2092.84,0.359,6,0,0,1,3,1
0,859.62,12323.22,0.07,12,0,1,0,0,1
1,5218.27,874.2,5.969,16,0,0,0,0,0
0,389.33,1686.88,0.231,16,0,0,0,0,0
1,804.81,632.45,1.273,3,1,0,0,0,0
0,176.67,1593.8,0.111,18,0,0,0,0,1
1,6695.92,733.48,9.129,19,0,0,0,0,1
1,9436.49,3797.59,2.485,12,0,1,0,1,1
0,1181.81,1690.17,0.699,8,0,0,0,0,0
0,1227.42,637.88,1.924,1,1,0,0,1,1
1,3259.04,3154.27,1.033,19,0,1,0,0,1
1,12293.51,1740.1,7.065,22,1,1,0,0,1
0,3075.41,3489.58,0.881,17,0,0,0,0,0
1,730.11,526.95,1.386,23,1,1,1,0,1
0,220.42,2063.05,0.107,19,0,0,0,0,0
0,424.26,2969.08,0.143,16,0,0,1,1,0
0,1988.6,1011.27,1.966,6,0,0,1,1,1
0,771.3,476.7,1.618,16,0,0,0,0,0
1,2329.61,1425.89,1.634,9,0,0,1,1,1
0,881.12,4470.72,0.197,13,0,0,1,0,0
1,456.87,4077.9,0.112,11,0,1,0,0,1
0,391.45,1006.68,0.389,11,0,0,0,0,0
0,13781.2,466.48,29.543,16,0,0,0,0,0
0,5742.7,1004.19,5.719,18,0,0,0,0,1
0,17148.63,971.04,17.66,22,1,0,0,0,1
0,3648.01,2212.33,1.649,13,0,0,0,0,0
0,1033.82,1346.82,0.768,16,0,0,0,1,0
0,10100.53,751.49,13.441,14,0,0,0,1,0
0,1731.96,3999.15,0.433,20,0,0,0,0,0
0,2409.31,1679.72,1.434,5,1,0,0,1,0
0,1710.14,2190.48,0.781,18,0,0,0,0,0
1,50.0,313.41,0.16,21,0,0,1,0,1
1,14561.78,167.03,87.181,19,0,1,0,0,1
0,3423.11,405.94,8.433,5,1,0,0,1,1
0,2776.01,960.55,2.89,5,1,0,0,1,1
0,1668.52,2486.72,0.671,3,1,0,1,0,1
1,2236.03,179.82,12.435,0,1,0,0,1,1
0,831.75,6207.83,0.134,18,0,0,0,0,0
0,4030.13,1725.91,2.335,10,0,0,0,1,0
0,330.55,5035.49,0.066,6,0,0,0,0,0
0,2302.82,666.89,3.453,1,1,0,0,0,1
0,3752.0,2329.65,1.611,3,1,0,0,0,0
1,1396.51,1598.27,0.874,5,1,0,0,0,0
0,2928.16,3089.97,0.948,4,1,0,0,0,0
0,498.33,1199.41,0.415,21,0,0,0,0,0
0,515.13,2266.28,0.227,20,0,0,0,0,0
0,2459.55,3991.71,0.616,8,0,0,0,2,0
1,4368.24,823.81,5.302,10,0,1,0,1,1
0,158.01,1840.92,0.086,17,0,0,0,0,0
1,3563.96,270.68,13.167,19,0,0,0,0,0
0,892.33,2785.7,0.32,16,0,0,0,0,0
0,1407.19,8597.24,0.164,12,0,0,0,1,0
1,316.91,483.0,0.656,22,1,0,0,1,1
0,597.59,1363.43,0.438,16,0,0,0,0,0
1,6348.43,3269.63,1.942,21,0,1,0,1,1
0,1886.96,1522.75,1.239,9,0,1,0,0,1
1,1099.26,1717.44,0.64,17,0,1,0,0,0
0,1553.97,1041.17,1.493,16,0,0,0,0,1
0,3415.15,1006.93,3.392,11,0,0,0,1,0
1,3205.56,1369.19,2.341,14,0,0,0,1,0
1,1640.02,1536.87,1.067,18,0,1,0,0,1
1,7486.43,511.17,14.646,21,0,1,0,0,1
1,6384.33,1394.9,4.577,14,0,0,0,2,1
1,3094.51,6073.44,0.51,12,0,0,0,1,0
0,1941.07,1015.14,1.912,6,0,0,0,0,0
0,4249.33,486.13,8.741,10,0,0,0,2,0
0,2720.44,1291.71,2.106,7,0,0,0,0,0
0,7179.9,778.09,9.228,19,0,1,0,1,1
0,5822.18,443.85,13.117,15,0,0,0,1,1
0,481.19,1677.82,0.287,23,1,0,1,0,1
0,440.65,781.13,0.564,22,1,0,0,0,0
0,726.6,843.67,0.861,10,0,0,1,0,1
0,6431.61,1699.49,3.784,23,1,1,0,0,1
0,232.94,372.46,0.625,4,1,0,0,0,0
0,3020.52,308.77,9.782,6,0,1,0,0,1
1,2896.64,2707.51,1.07,15,0,0,1,0,1
1,8196.34,260.41,31.475,15,0,0,0,0,1
0,2285.73,614.61,3.719,19,0,0,0,0,0
0,315.4,292.99,1.076,16,0,0,0,0,0
0,519.49,955.73,0.544,18,0,0,0,0,0
0,388.93,2176.02,0.179,14,0,0,0,0,0
0,898.45,1637.79,0.549,14,0,0,0,2,0
0,1425.43,12742.35,0.112,19,0,0,0,0,0
0,397.39,3937.2,0.101,20,0,0,0,0,0
0,12232.61,640.31,19.104,14,0,0,0,2,1
1,322.83,504.04,0.64,2,1,1,0,0,1
1,10403.88,16916.07,0.615,11,0,0,0,0,0
0,8439.78,3851.87,2.191,5,1,0,0,0,0
0,5812.66,2516.02,2.31,19,0,0,0,0,0
0,733.7,1583.46,0.463,4,1,0,0,0,1
0,2821.96,1893.48,1.49,10,0,0,0,0,0
1,343.58,390.0,0.881,22,1,1,0,0,1
0,5908.69,1705.03,3.465,11,0,0,0,1,1
1,1642.25,1578.31,1.041,6,0,0,0,0,0
0,1061.97,656.07,1.619,8,0,0,0,0,0
1,368.39,911.71,0.404,17,0,0,1,0,0
0,72.19,5788.68,0.012,13,0,0,0,1,0
1,468.67,1322.58,0.354,3,1,0,1,0,1
0,7682.02,9547.69,0.805,7,0,0,0,0,0
0,1070.97,309.01,3.466,15,0,0,0,0,0
0,1450.8,925.27,1.568,3,1,0,0,0,1
0,4239.58,367.77,11.528,18,0,0,0,0,0
1,18908.55,498.46,37.934,5,1,1,0,2,0
1,10122.4,702.48,14.41,18,0,1,0,0,1
1,510.79,1966.04,0.26,14,0,1,0,0,1
0,144.7,1882.1,0.077,11,0,0,1,1,1
1,38851.37,803.23,48.369,11,0,0,1,0,1
0,34533.64,199.33,173.249,1,1,0,0,0,0
0,2309.97,5596.65,0.413,8,0,0,0,2,0
0,346.67,1144.6,0.303,2,1,0,0,0,0
0,6324.55,542.04,11.668,0,1,0,0,1,1
0,1571.24,1895.88,0.829,13,0,1,0,0,0
0,1561.07,1779.35,0.877,12,0,0,1,0,0
0,5783.69,1107.2,5.224,4,1,0,0,0,1
1,2792.49,1692.02,1.65,6,0,1,1,0,1
0,387.01,523.47,0.739,13,0,0,0,0,0
0,1185.4,2933.41,0.404,15,0,0,0,1,0
0,4270.55,603.54,7.076,17,0,0,0,0,1
0,3509.85,858.33,4.089,13,0,0,0,0,0
0,2541.78,2654.26,0.958,0,1,1,0,0,1
0,6084.2,4374.57,1.391,5,1,0,0,0,0
0,1129.77,6168.41,0.183,20,0,0,0,0,0
0,2280.78,3828.46,0.596,9,0,0,0,1,0
0,50.0,1105.81,0.045,5,1,0,0,0,0
1,1007.73,369.84,2.725,1,1,1,0,0,1
0,4880.85,5242.48,0.931,6,0,0,1,2,1
0,1088.43,5082.84,0.214,16,0,0,0,0,0
1,986.24,808.53,1.22,23,1,0,0,0,1
0,466.9,3391.64,0.138,13,0,1,0,0,1
0,6663.34,1097.77,6.07,22,1,0,0,1,1
1,3688.6,5716.71,0.645,6,0,0,1,1,1
0,5287.17,931.34,5.677,21,0,1,0,1,0
0,191.7,8784.87,0.022,20,0,0,0,1,0
0,1467.65,3003.42,0.489,8,0,0,1,0,0
0,1256.21,7463.58,0.168,18,0,1,0,0,0
0,1255.46,975.14,1.287,20,0,0,1,0,1
0,811.73,2131.38,0.381,23,1,1,0,1,1
0,1152.93,618.72,1.863,10,0,0,0,0,0
0,5456.37,3163.99,1.725,2,1,0,0,0,0
0,150.4,3324.71,0.045,22,1,0,0,1,0
0,18223.79,12801.55,1.424,3,1,1,0,0,1
0,3391.38,2284.35,1.485,4,1,0,0,2,0
0,1711.23,2840.36,0.602,3,1,0,0,1,0
0,5877.49,968.99,6.066,12,0,0,0,0,0
1,273.86,2409.66,0.114,8,0,0,0,0,0
0,761.96,1051.63,0.725,22,1,0,0,0,0
0,1544.73,1642.99,0.94,13,0,0,0,0,0
0,10670.4,1732.06,6.161,15,0,0,0,0,0
0,1701.99,1078.07,1.579,21,0,0,0,0,0
1,3245.65,1566.58,2.072,5,1,1,1,0,1
0,840.12,1055.99,0.796,9,0,0,0,1,0
1,3404.64,1051.78,3.237,22,1,0,1,1,1
0,16001.08,3901.04,4.102,20,0,1,0,0,1
1,6595.78,1733.46,3.805,12,0,0,0,0,1
0,1626.37,2023.05,0.804,2,1,0,0,0,0
1,4350.9,398.79,10.91,10,0,1,0,0,1
0,3830.58,2167.03,1.768,2,1,1,0,0,1
0,3493.17,2386.02,1.464,6,0,0,0,0,0
0,7673.59,1034.32,7.419,9,0,0,0,0,0
0,7599.37,9667.52,0.786,0,1,0,0,0,1
1,1532.56,188.61,8.126,3,1,0,0,0,1
0,4164.88,2998.69,1.389,7,0,0,0,0,0
0,1098.8,2811.64,0.391,19,0,0,0,3,1
1,544.58,2410.1,0.226,16,0,0,0,0,1
0,1273.67,1734.7,0.734,4,1,0,0,0,0
1,1637.36,2429.91,0.674,16,0,0,0,0,0
1,208.5,3233.62,0.064,8,0,0,0,1,0
0,5532.71,770.24,7.183,7,0,0,0,0,1
1,50.0,1937.74,0.026,6,0,0,1,2,1
0,61652.07,1255.16,49.119,4,1,0,0,0,1
0,12739.25,553.14,23.031,3,1,0,0,0,0
0,1287.8,2822.71,0.456,22,1,0,0,0,0
0,1830.33,890.76,2.055,2,1,0,0,2,0
1,2680.78,384.49,6.972,7,0,0,0,0,0
1,840.58,911.23,0.922,4,1,0,0,2,1
0,2322.51,721.25,3.22,4,1,0,0,1,0
0,1499.37,3735.48,0.401,16,0,0,0,0,0
1,1599.5,1699.13,0.941,14,0,0,0,1,1
0,2289.07,5136.59,0.446,7,0,0,0,0,0
0,327.8,812.49,0.403,6,0,0,0,0,0
0,1903.48,3251.11,0.585,16,0,0,0,1,1
1,2236.09,19065.98,0.117,11,0,1,0,1,1
0,2137.74,2039.44,1.048,3,1,0,0,0,0
1,1365.7,3214.68,0.425,19,0,0,0,0,0
1,7936.4,2763.26,2.872,17,0,0,1,1,0
0,1141.67,411.63,2.774,3,1,1,0,1,0
0,2429.7,2507.99,0.969,9,0,0,0,1,0
1,9764.29,1950.44,5.006,2,1,1,1,0,1
0,1630.78,1171.72,1.392,4,1,0,0,0,0
1,2389.41,668.05,3.577,11,0,1,0,0,1
1,1595.11,2764.42,0.577,22,1,0,1,1,1
0,9032.47,616.98,14.64,4,1,0,0,0,1
1,1293.31,10099.9,0.128,4,1,1,1,1,1
1,9588.9,1640.49,5.845,3,1,1,0,0,1
1,1580.25,492.27,3.21,5,1,0,0,0,0
0,591.52,932.07,0.635,9,0,0,0,1,0
0,4372.92,1152.49,3.794,5,1,0,0,0,1
0,1216.74,12979.66,0.094,21,0,0,0,0,0
0,4050.73,667.72,6.067,21,0,0,0,2,0
0,52.03,1333.29,0.039,0,1,0,0,0,0
1,1820.32,912.29,1.995,15,0,0,1,2,1
0,994.77,2320.02,0.429,10,0,0,0,1,0
0,453.85,925.47,0.49,5,1,0,0,3,0
0,880.76,531.05,1.659,19,0,0,0,1,0
1,857.64,1241.7,0.691,17,0,1,0,1,1
0,1698.7,1130.65,1.502,5,1,0,0,0,0
0,305.66,868.68,0.352,16,0,0,0,0,0
0,2727.54,911.48,2.992,11,0,0,0,1,1
1,10679.48,4299.38,2.484,16,0,1,0,0,1
0,2605.05,1110.13,2.347,20,0,0,0,0,0
0,5175.47,533.41,9.703,21,0,0,0,1,1
1,7502.05,976.62,7.682,17,0,0,0,1,0
1,9022.14,1554.49,5.804,9,0,1,0,3,1
1,20561.6,444.68,46.239,23,1,1,0,0,0
0,944.86,6395.69,0.148,19,0,0,0,0,0
0,710.5,3231.89,0.22,11,0,0,0,0,0
1,5006.57,5362.34,0.934,3,1,1,0,1,0
0,4540.29,2106.78,2.155,9,0,0,0,0,1
1,4956.12,224.9,22.037,4,1,1,0,0,1
0,21079.73,5894.65,3.576,3,1,0,0,1,1
0,1834.97,680.47,2.697,15,0,0,0,0,0
0,3146.37,732.18,4.297,4,1,0,0,0,1
0,505.47,1703.93,0.297,18,0,0,0,0,0
0,29025.14,5117.43,5.672,23,1,0,0,0,0
0,1167.35,3819.82,0.306,5,1,1,0,0,0
1,1211.14,3346.44,0.362,23,1,0,1,0,0
0,1151.97,1118.07,1.03,20,0,0,0,0,0
0,781.83,1102.3,0.709,6,0,0,0,1,0
1,700.46,2021.0,0.347,9,0,0,1,0,0
0,915.24,1316.77,0.695,6,0,0,0,0,0
0,306.27,3295.74,0.093,21,0,0,1,1,0
1,651.38,3124.74,0.208,13,0,0,0,1,0
0,22780.31,2520.49,9.038,9,0,0,0,0,0
1,4704.86,152.42,30.868,19,0,1,0,0,1
1,6025.02,1661.02,3.627,21,0,1,0,1,1
1,8352.96,1342.15,6.224,10,0,0,1,0,1
0,19621.38,1721.97,11.395,13,0,0,0,2,0
0,180.76,750.78,0.241,11,0,0,0,0,0
0,365.46,449.3,0.813,3,1,0,0,0,0
0,635.97,2245.82,0.283,12,0,1,1,0,1
1,981.76,1074.2,0.914,21,0,0,0,1,0
0,1223.24,2483.0,0.493,21,0,0,0,2,0
0,1011.24,809.31,1.25,2,1,0,0,0,0
1,2404.51,5293.95,0.454,12,0,1,1,0,1
0,1892.94,3644.44,0.519,19,0,0,0,1,0
0,706.49,1933.61,0.365,18,0,0,0,2,0
0,106.89,1221.75,0.087,14,0,0,0,0,0
1,497.34,3188.06,0.156,18,0,0,0,0,0
0,885.36,2107.57,0.42,19,0,0,0,0,0
1,1311.33,1834.86,0.715,3,1,0,1,0,0
0,416.31,3784.16,0.11,5,1,0,0,0,0
1,955.23,5344.82,0.179,14,0,0,1,0,1
1,415.6,479.54,0.867,3,1,0,0,0,0
0,1535.23,575.16,2.669,5,1,0,0,0,1
0,448.08,733.45,0.611,1,1,0,0,1,0
0,599.7,382.92,1.566,3,1,0,0,0,1
1,329.87,1399.02,0.236,17,0,1,1,1,1
0,1480.96,2540.47,0.583,14,0,0,1,0,0
0,586.17,1452.04,0.404,11,0,0,0,1,0
0,5877.1,915.34,6.421,7,0,0,0,0,0
0,3064.39,4079.84,0.751,11,0,1,0,0,0
0,1651.09,1679.92,0.983,8,0,0,0,3,0
0,641.15,2015.63,0.318,6,0,0,0,0,0
0,2965.13,4183.11,0.709,21,0,0,0,1,0
1,4437.79,1324.89,3.35,7,0,1,0,2,1
0,2176.55,9453.99,0.23,19,0,0,0,1,0
0,14542.23,989.27,14.7,9,0,1,0,0,1
1,3286.34,8938.77,0.368,10,0,0,0,2,0
1,5929.47,615.69,9.631,1,1,1,0,0,1
1,2150.89,2358.39,0.912,3,1,1,1,0,1
0,4351.88,830.25,5.242,20,0,0,0,1,0
0,641.74,4054.61,0.158,20,0,0,0,0,0
0,996.33,962.55,1.035,8,0,0,0,0,0
1,2847.43,1923.27,1.481,7,0,0,0,0,0
0,2820.67,824.28,3.422,4,1,0,0,1,0
0,3497.82,3440.95,1.017,13,0,1,0,1,0
0,7559.13,820.43,9.214,1,1,0,0,0,1
0,283.59,6735.0,0.042,20,0,0,0,0,0
0,509.39,604.02,0.843,16,0,1,0,1,0
0,2436.81,440.95,5.526,7,0,0,0,1,0
0,705.09,3485.6,0.202,1,1,0,0,1,0
0,145961.58,869.15,167.936,22,1,0,1,0,1
1,3534.88,1470.69,2.404,14,0,0,0,0,0
1,1632.99,1107.64,1.474,1,1,0,1,0,1
1,925.09,454.25,2.037,10,0,0,1,0,0
1,968.54,1381.2,0.701,13,0,0,1,0,1
0,1880.29,4621.27,0.407,20,0,0,0,0,0
0,2091.37,3651.24,0.573,9,0,0,0,0,0
0,998.54,1823.68,0.548,6,0,0,0,0,0
0,1267.63,4028.07,0.315,21,0,0,0,2,0
0,10379.31,570.45,18.195,13,0,1,0,0,1
0,10936.45,1104.44,9.902,12,0,0,0,0,1
0,2509.01,2113.76,1.187,20,0,0,1,0,1
0,316.2,1316.36,0.24,21,0,0,0,1,0
0,3641.15,1185.43,3.072,1,1,0,0,0,0
0,13637.34,502.41,27.144,9,0,0,0,0,0
1,10729.11,227.42,47.178,0,1,0,1,0,1
0,4697.35,3090.47,1.52,0,1,0,0,0,0
0,11489.05,1842.54,6.235,23,1,0,0,0,1
0,1937.98,3333.57,0.581,2,1,0,0,1,0
0,4090.96,998.73,4.096,10,0,0,0,0,0
0,746.2,779.38,0.957,18,0,0,0,0,0
0,2643.73,1489.05,1.775,8,0,0,0,0,0
0,10182.18,3193.2,3.189,12,0,0,0,1,0
0,840.29,1201.94,0.699,21,0,0,0,0,0
1,590.0,3046.07,0.194,3,1,0,0,0,1
1,2052.34,598.44,3.429,19,0,1,1,1,1
0,1346.6,1280.11,1.052,22,1,0,0,0,0
0,4204.42,1389.78,3.025,5,1,0,0,0,1
1,1003.01,4463.78,0.225,1,1,0,0,0,0
0,16881.46,1784.45,9.46,8,0,0,0,0,1
0,338.13,7125.75,0.047,17,0,1,0,0,0
0,9226.69,440.14,20.963,23,1,0,1,2,1
1,668.94,1663.91,0.402,3,1,1,0,1,1
0,175.08,1739.68,0.101,0,1,0,0,0,0
0,2463.25,2586.56,0.952,0,1,0,0,0,0
1,1298.56,711.93,1.824,19,0,1,0,0,1
0,427.31,6741.26,0.063,16,0,0,1,0,0
0,203.2,1497.67,0.136,18,0,0,0,0,0
1,1788.5,556.48,3.214,2,1,1,0,0,1
0,6429.09,1459.1,4.406,22,1,0,0,1,0
0,3867.79,1116.72,3.464,21,0,0,0,3,1
0,1946.36,18122.54,0.107,23,1,1,0,0,1
0,3369.44,3808.34,0.885,22,1,0,0,1,0
0,1745.2,1547.96,1.127,16,0,0,0,1,0
0,281.85,1338.46,0.211,2,1,0,0,0,0
0,285.1,3484.05,0.082,3,1,0,0,1,0
1,1388.36,3637.22,0.382,12,0,1,1,0,1
0,1467.26,107.73,13.62,14,0,0,0,1,1
0,5465.86,2640.42,2.07,11,0,0,0,0,0
0,4839.16,1518.03,3.188,2,1,0,0,1,1
1,3970.6,454.85,8.729,20,0,0,1,0,1
0,1255.93,3268.85,0.384,7,0,0,0,1,0
0,300.41,11176.51,0.027,0,1,0,0,0,0
0,3089.28,2443.33,1.264,17,0,0,1,0,1
0,3578.58,3985.37,0.898,12,0,0,0,0,0
0,81.04,7507.87,0.011,6,0,0,0,0,0
1,611.16,701.18,0.872,12,0,0,0,0,0
0,736.29,278.16,2.647,16,0,0,0,0,0
0,2108.76,2673.6,0.789,12,0,0,0,0,0
0,636.28,1184.59,0.537,12,0,0,0,3,0
1,1720.59,429.77,4.004,10,0,0,1,1,1
0,1375.13,1379.74,0.997,13,0,0,0,0,0
0,1470.13,2849.2,0.516,20,0,0,0,0,0
0,712.43,1294.56,0.55,9,0,0,0,1,0
0,787.86,729.13,1.081,7,0,0,0,1,0
0,443.92,1210.57,0.367,5,1,0,0,0,0
0,2963.39,1454.58,2.037,18,0,1,0,1,1
0,3798.77,260.72,14.57,22,1,0,0,0,1
0,663.94,1301.8,0.51,18,0,0,0,1,0
0,13053.77,441.46,29.57,11,0,0,0,0,0
0,1201.13,2678.8,0.448,20,0,0,0,0,0
0,13216.76,363.24,36.386,6,0,0,0,1,0
1,784.65,3682.78,0.213,17,0,1,0,0,1
1,129.73,1024.29,0.127,19,0,0,0,1,1
1,3049.88,908.07,3.359,17,0,0,0,1,1
1,2497.66,1929.49,1.294,22,1,1,0,0,1
0,1890.72,678.96,2.785,2,1,0,0,0,0
1,784.54,1902.4,0.412,8,0,0,1,0,1
0,1728.58,765.94,2.257,5,1,0,0,0,0
0,930.17,896.9,1.037,0,1,0,0,0,0
0,1220.41,2132.01,0.572,9,0,0,0,0,0
0,5399.83,531.27,10.164,7,0,0,0,0,0
1,2297.28,474.42,4.842,22,1,1,1,0,1
0,3995.55,1850.85,2.159,16,0,0,0,0,0
0,1337.52,1444.89,0.926,2,1,0,0,1,0
1,1159.07,1723.0,0.673,2,1,1,1,0,1
0,403.62,1987.98,0.203,2,1,0,0,1,0
0,1117.62,1558.75,0.717,6,0,0,0,1,0
1,50.0,2558.77,0.02,21,0,0,0,1,1
0,839.42,1615.97,0.519,10,0,0,0,0,0
0,1625.49,243.09,6.687,17,0,0,0,1,0
0,3762.26,307.02,12.254,4,1,0,0,0,1
0,1275.02,8393.01,0.152,21,0,0,0,1,0
1,2841.18,1480.4,1.919,1,1,0,0,0,1
0,106.3,3481.5,0.031,13,0,0,0,1,0
0,1679.27,1084.49,1.548,0,1,0,0,0,0
0,203.7,1404.99,0.145,3,1,0,0,1,0
0,375.86,984.34,0.382,13,0,0,0,0,0
1,1417.55,13620.55,0.104,14,0,1,0,0,1
0,9500.91,1859.23,5.11,19,0,0,0,1,0
0,2929.45,914.73,3.203,19,0,0,0,1,0
0,1851.41,334.83,5.529,16,0,0,0,1,0
0,1762.71,8746.07,0.202,2,1,0,0,0,0
1,715.0,1278.0,0.559,22,1,0,1,1,0
0,891.43,2892.3,0.308,3,1,0,0,1,0
0,3151.36,3198.37,0.985,17,0,1,0,0,0
0,298.58,975.99,0.306,23,1,0,0,2,1
1,3908.74,2711.37,1.442,0,1,1,1,0,1
0,1091.1,859.44,1.27,4,1,0,0,0,0
1,5288.15,607.05,8.711,17,0,1,1,0,1
0,6307.04,4221.81,1.494,12,0,0,0,0,0
1,205.41,1283.86,0.16,13,0,1,0,1,1
0,848.9,2360.58,0.36,19,0,0,0,0,0
0,594.56,2142.71,0.277,2,1,0,0,0,0
0,171.31,2628.42,0.065,22,1,1,0,0,1
0,472.34,364.72,1.295,5,1,0,0,2,1
1,43201.59,874.14,49.422,10,0,1,0,0,1
1,3993.26,1105.41,3.612,8,0,0,0,0,0
0,21861.32,700.41,31.212,19,0,0,0,0,0
0,5312.55,2177.88,2.439,18,0,0,0,0,0
0,689.25,4307.89,0.16,6,0,0,0,0,0
1,1100.7,4967.47,0.222,21,0,1,1,1,1
0,3885.34,1090.85,3.562,20,0,0,0,1,0
0,3193.13,1925.17,1.659,9,0,0,0,0,0
0,853.59,2210.73,0.386,6,0,0,0,0,0
0,253.92,2589.27,0.098,4,1,1,0,0,0
0,129844.07,671.61,193.333,3,1,0,0,1,0
0,1504.94,7619.93,0.198,16,0,0,0,0,0
0,1183.86,3407.96,0.347,4,1,0,1,1,1
1,2095.05,3489.05,0.6,16,0,1,1,0,1
0,1318.77,4372.6,0.302,16,0,0,0,0,0
0,2120.8,2394.0,0.886,16,0,0,0,0,0
0,9633.79,587.23,16.405,0,1,0,0,0,0
1,1537.77,1306.26,1.177,23,1,1,1,0,1
0,398.81,334.97,1.191,1,1,0,0,1,0
0,1465.37,2150.74,0.681,22,1,0,0,1,0
0,988.59,1271.19,0.778,18,0,0,0,2,0
0,11511.12,1427.29,8.065,8,0,0,0,1,0
0,8287.1,4374.73,1.894,19,0,0,0,2,0
1,2079.29,981.13,2.119,22,1,0,0,0,0
1,342.97,1179.79,0.291,14,0,0,1,2,1
0,367.36,1509.87,0.243,18,0,0,0,1,0
0,1843.94,282.59,6.525,4,1,1,0,2,1
1,2799.57,1165.08,2.403,12,0,0,1,1,1
0,1110.97,158.03,7.03,3,1,0,0,0,0
1,968.53,873.96,1.108,12,0,0,1,0,1
0,836.61,3196.05,0.262,5,1,0,0,1,0
1,1753.88,2213.96,0.792,11,0,0,0,0,1
1,81.65,866.67,0.094,8,0,1,1,1,1
1,431.94,1535.66,0.281,14,0,0,0,1,0
0,800.18,562.57,1.422,20,0,0,0,2,1
0,8688.49,1477.18,5.882,14,0,0,0,0,0
1,627.69,20687.57,0.03,16,0,1,1,0,1
0,2286.11,7794.87,0.293,4,1,1,1,0,1
0,2427.23,1552.09,1.564,4,1,1,0,1,1
1,9772.15,1709.8,5.715,23,1,1,1,1,1
1,9333.36,613.02,15.225,4,1,0,0,1,1
1,1677.81,719.38,2.332,20,0,0,0,1,1
0,974.45,2050.76,0.475,13,0,0,0,0,0
1,762.82,922.97,0.826,1,1,1,1,0,1
1,1321.63,3340.03,0.396,8,0,0,0,0,0
0,1028.4,6079.74,0.169,13,0,0,0,2,0
0,3713.45,1996.91,1.86,14,0,0,0,2,0
0,3122.54,1622.24,1.925,3,1,0,0,0,0
0,3902.38,326.13,11.966,22,1,1,0,0,1
1,9293.48,2901.11,3.203,5,1,1,0,0,1
0,20368.19,528.85,38.514,13,0,0,0,1,1
1,2126.14,1016.17,2.092,4,1,0,0,1,0
1,7550.0,3510.87,2.15,10,0,0,1,1,0
0,1144.64,3739.78,0.306,20,0,1,0,0,1
1,8438.07,972.77,8.674,13,0,0,1,1,1
0,7186.52,1024.52,7.015,6,0,0,0,0,0
1,6707.23,788.88,8.502,13,0,0,0,0,1
0,2043.24,503.68,4.057,12,0,0,0,0,0
1,758.34,836.05,0.907,17,0,0,0,1,0
0,295.04,346.6,0.851,1,1,0,1,1,1
0,1716.34,2737.38,0.627,8,0,1,0,0,0
1,13265.42,2111.33,6.283,10,0,1,0,0,1
0,1208.58,2451.55,0.493,19,0,0,1,1,1
0,5017.39,627.06,8.001,10,0,0,0,0,1
0,5416.13,504.94,10.726,5,1,0,0,0,0
1,1250.39,1553.34,0.805,0,1,0,1,0,1
0,10009.08,1568.21,6.382,4,1,0,0,0,0
0,50.0,1296.54,0.039,21,0,0,0,0,0
0,368.86,1140.78,0.323,13,0,0,0,1,0
0,549.87,6902.91,0.08,15,0,0,0,0,0
0,622.89,2172.04,0.287,8,0,0,0,0,0
0,2799.35,8722.06,0.321,18,0,0,0,0,0
0,2636.08,4638.14,0.568,19,0,0,0,1,0
0,3017.51,6856.44,0.44,7,0,0,0,0,0
0,3924.15,562.83,6.972,7,0,0,0,0,0
1,525.77,2524.64,0.208,15,0,0,1,2,0
0,371.06,1003.66,0.37,17,0,0,0,1,0
0,3026.66,331.28,9.136,7,0,0,0,0,0
0,796.88,5689.64,0.14,22,1,0,0,0,0
0,234.72,1136.46,0.207,8,0,0,0,1,0
1,6391.65,572.73,11.16,4,1,0,0,0,1
0,11088.15,1019.32,10.878,1,1,0,0,0,1
0,13688.47,722.99,18.933,20,0,0,0,0,0
0,2305.63,792.88,2.908,13,0,0,0,1,0
0,4079.43,1212.64,3.364,17,0,0,0,1,0
0,10730.32,7028.54,1.527,12,0,0,0,0,0
0,785.37,812.66,0.966,11,0,0,0,0,0
0,7660.87,6590.23,1.162,14,0,0,0,0,0
1,2586.38,3177.83,0.814,20,0,0,0,0,1
0,5930.27,2114.65,2.804,14,0,0,0,0,0
0,2302.89,2902.44,0.793,22,1,0,0,1,0
1,9751.08,1498.61,6.507,22,1,0,1,1,1
1,2417.72,4710.01,0.513,0,1,0,0,1,1
0,262.65,2465.83,0.107,21,0,0,1,0,1
1,11938.27,330.89,36.079,6,0,1,1,0,1
1,527.53,1932.61,0.273,12,0,1,0,0,1
0,9218.57,2997.63,3.075,17,0,0,0,0,0
0,1607.9,1141.27,1.409,0,1,0,0,1,0
0,8339.96,1658.44,5.029,10,0,0,0,0,0
1,7904.59,852.72,9.27,12,0,1,0,1,1
0,3162.71,428.43,7.382,19,0,0,0,1,0
0,3502.02,366.74,9.549,8,0,0,1,0,1
1,3131.97,371.16,8.438,15,0,0,0,1,0
0,131.9,2703.06,0.049,10,0,0,0,1,0
0,2108.7,157.39,13.398,2,1,0,0,0,0
0,423.74,812.54,0.522,16,0,0,0,2,0
0,2258.7,743.16,3.039,1,1,0,0,0,0
1,409.19,1148.32,0.356,8,0,0,0,0,0
0,387.44,278.44,1.391,8,0,1,0,0,0
1,14565.56,2129.2,6.841,15,0,0,0,2,1
0,7261.06,470.67,15.427,0,1,0,0,1,0
0,1798.33,4101.73,0.438,16,0,0,0,0,0
1,2298.93,845.91,2.718,9,0,0,1,0,1
0,1309.9,1358.24,0.964,19,0,0,0,2,0
0,3792.72,1485.34,2.553,4,1,0,0,2,1
0,750.79,1844.23,0.407,7,0,0,1,0,0
1,6580.48,1530.44,4.3,12,0,1,0,0,1
0,1301.13,1007.88,1.291,20,0,0,0,0,0
0,1047.54,2015.74,0.52,4,1,0,0,0,0
0,1859.81,2251.91,0.826,3,1,0,0,0,0
0,838.41,743.51,1.128,7,0,0,0,1,0
1,2771.9,2172.71,1.276,22,1,0,0,1,1
0,899.13,4326.65,0.208,6,0,0,0,0,0
0,3324.52,2794.21,1.19,4,1,0,0,0,0
0,8785.07,3425.96,2.564,9,0,0,0,0,1
0,709.73,1728.02,0.411,16,0,0,0,0,0
1,1525.77,637.44,2.394,5,1,0,1,0,1
0,3293.58,714.31,4.611,9,0,0,0,2,0
1,1025.96,1974.16,0.52,15,0,0,0,0,0
0,3306.4,3458.14,0.956,21,0,0,0,1,0
0,3722.01,18166.25,0.205,9,0,0,0,0,0
1,7392.64,3581.87,2.064,3,1,0,1,0,1
0,822.39,516.26,1.593,1,1,0,1,0,1
1,530.8,742.08,0.715,0,1,1,1,1,1
1,1212.15,11506.48,0.105,2,1,1,0,0,1
0,513.85,1220.54,0.421,12,0,0,0,0,0
0,3766.3,1544.98,2.438,11,0,0,1,0,1
1,399.3,623.67,0.64,0,1,0,0,0,0
0,37530.96,6054.72,6.199,20,0,0,0,0,0
0,9746.92,2322.27,4.197,9,0,0,0,0,0
0,1837.84,737.2,2.493,5,1,0,0,0,1
0,5583.73,605.2,9.226,8,0,0,0,0,1
1,215.33,1951.75,0.11,0,1,0,0,0,0
0,48068.64,1540.38,31.206,11,0,0,0,0,1
0,839.43,3130.35,0.268,4,1,1,1,1,1
0,1545.89,2421.81,0.638,0,1,0,0,0,0
0,161.95,1166.74,0.139,1,1,0,1,0,1
0,3402.19,907.4,3.749,13,0,0,0,1,0
1,429.13,1281.84,0.335,1,1,0,1,0,1
0,2063.49,901.8,2.288,4,1,0,0,0,0
1,891.09,1316.62,0.677,9,0,1,1,0,1
1,445.38,1502.37,0.296,19,0,0,1,0,0
0,635.45,659.75,0.963,5,1,1,0,2,1
0,2424.85,2611.32,0.929,4,1,0,1,0,0
0,341.74,1060.63,0.322,1,1,0,0,0,0
0,683.03,693.88,0.984,8,0,0,0,0,0
1,4282.34,1078.74,3.97,9,0,1,0,0,1
1,53275.07,1840.94,28.939,7,0,0,1,0,1
0,3363.93,1595.17,2.109,5,1,0,0,0,0
0,548.7,2164.42,0.254,4,1,0,0,0,1
1,1121.87,3322.63,0.338,20,0,1,1,0,1
1,1883.84,4790.77,0.393,17,0,0,1,1,1
0,1147.97,1913.98,0.6,19,0,0,0,0,0
0,5848.71,565.4,10.344,17,0,0,0,0,0
0,2398.78,1161.89,2.065,1,1,0,0,0,0
1,5885.27,599.51,9.817,11,0,0,1,0,1
0,1201.38,6816.96,0.176,7,0,0,0,0,1
0,10128.92,8854.32,1.144,3,1,1,0,2,0
0,1456.18,2657.87,0.548,19,0,0,0,1,0
0,511.55,3205.47,0.16,22,1,0,1,0,0
0,30653.94,1855.39,16.522,3,1,0,0,0,1
1,168.6,2057.92,0.082,8,0,0,0,2,1
0,692.04,351.53,1.969,8,0,0,0,1,0
0,800.2,1385.01,0.578,11,0,0,0,1,1
0,47136.28,669.79,70.375,13,0,0,0,1,1
0,18937.83,1906.87,9.931,2,1,0,1,1,1
0,12608.25,1402.98,8.987,5,1,0,0,0,0
0,1176.32,8536.79,0.138,14,0,0,0,0,0
0,42363.03,3377.75,12.542,22,1,0,0,0,0
0,2918.59,1912.3,1.526,18,0,0,0,1,0
0,6441.02,1164.16,5.533,3,1,0,0,1,1
0,2283.82,6690.34,0.341,0,1,0,0,0,0
1,1695.43,1440.93,1.177,8,0,0,0,0,0
1,1303.34,1995.21,0.653,22,1,0,0,0,0
0,1376.73,1537.67,0.895,15,0,0,0,0,0
0,3987.98,1028.92,3.876,22,1,0,0,2,0
1,2914.23,1529.74,1.905,8,0,0,1,0,1
0,1735.56,253.21,6.854,11,0,0,0,1,0
1,12866.49,367.63,34.998,13,0,0,1,1,1
1,50.0,2027.72,0.025,14,0,0,1,2,1
0,3508.18,6071.61,0.578,21,0,0,0,0,0
0,4596.55,2025.15,2.27,23,1,0,0,0,0
1,8030.9,774.07,10.375,20,0,1,0,1,1
0,1661.82,404.01,4.113,15,0,0,0,0,0
0,2369.17,2999.12,0.79,7,0,0,0,0,0
0,6514.16,888.49,7.332,9,0,0,0,0,0
0,12563.06,2641.0,4.757,13,0,0,0,0,0
0,1223.29,2102.49,0.582,16,0,0,0,0,0
1,2558.22,2276.67,1.124,2,1,1,1,2,1
1,16028.86,1525.75,10.506,3,1,0,1,0,1
0,114.29,2090.75,0.055,15,0,0,0,1,0
0,737.29,1329.41,0.555,13,0,0,0,0,0
0,12156.1,835.66,14.547,23,1,0,0,0,1
0,7482.33,621.94,12.031,13,0,0,0,2,0
0,3565.93,173.03,20.609,15,0,0,0,0,1
1,1009.11,1257.65,0.802,7,0,1,0,1,1
1,574.58,5810.61,0.099,17,0,0,0,0,0
0,838.34,2855.7,0.294,6,0,0,0,0,0
0,13526.56,1816.99,7.444,2,1,0,0,0,1
0,798.73,764.63,1.045,5,1,0,0,0,1
0,2062.86,3632.24,0.568,19,0,0,0,1,0
0,678.7,1329.58,0.51,15,0,0,0,0,1
0,5407.85,6108.53,0.885,21,0,1,0,1,0
1,897.54,612.18,1.466,3,1,0,1,0,1
0,1592.61,753.72,2.113,18,0,0,0,0,0
0,202.67,690.53,0.293,1,1,0,0,0,0
1,221.99,389.98,0.569,3,1,0,0,0,0
0,1826.17,636.93,2.867,1,1,0,0,0,1
0,322.88,1624.4,0.199,6,0,0,0,0,0
0,27906.44,779.79,35.787,14,0,0,0,0,0
0,123.97,46.03,2.693,16,0,0,0,0,0
1,638.92,3892.65,0.164,13,0,0,0,0,0
0,1847.73,325.16,5.683,10,0,0,1,0,0
1,1124.76,2515.7,0.447,16,0,0,0,2,1
0,430.36,1522.48,0.283,4,1,0,0,0,0
0,520.45,9953.06,0.052,22,1,0,1,0,0
1,498.77,3630.99,0.137,13,0,0,1,2,1
0,1245.46,939.98,1.325,16,0,0,0,0,0
0,22868.32,786.93,29.06,19,0,0,0,2,0
0,2000.83,5724.18,0.35,20,0,0,0,0,0
0,8415.0,392.18,21.457,1,1,0,0,0,1
0,3494.93,1757.75,1.988,6,0,0,0,0,0
0,7692.65,1315.53,5.848,3,1,0,0,0,0
0,50.0,1086.91,0.046,7,0,0,0,0,0
0,1217.07,2034.82,0.598,0,1,0,0,1,0
1,9889.97,1755.67,5.633,9,0,0,0,0,0
0,859.84,2234.25,0.385,0,1,0,0,1,0
1,17876.01,1677.53,10.656,0,1,0,0,1,1
0,12444.79,2155.79,5.773,3,1,0,0,0,0
0,982.53,1610.06,0.61,16,0,0,0,0,1
1,940.01,817.72,1.15,4,1,0,0,0,0
0,484.11,1485.64,0.326,13,0,1,0,0,0
1,797.54,778.25,1.025,5,1,1,1,0,1
0,364.17,733.38,0.497,6,0,0,0,1,0
0,3157.24,1093.86,2.886,7,0,1,0,0,1
0,272.36,1329.45,0.205,23,1,0,0,1,0
0,3963.38,1527.98,2.594,17,0,1,0,0,1
1,4090.83,3376.99,1.211,3,1,1,0,0,1
0,208.6,945.19,0.221,22,1,0,1,1,1
1,13558.44,1767.23,7.672,2,1,1,0,0,1
1,3525.2,1646.2,2.141,22,1,1,0,1,1
0,4791.54,855.97,5.598,3,1,0,0,0,0
0,674.34,1581.88,0.426,22,1,0,0,0,0
1,4060.63,3649.88,1.113,15,0,0,0,0,0
1,7819.0,1750.85,4.466,12,0,1,0,0,1
0,1590.51,1815.15,0.876,21,0,0,1,1,0
0,24403.92,784.62,31.103,22,1,0,0,0,1
0,1914.64,8707.79,0.22,10,0,0,0,0,0
0,7966.67,825.9,9.646,23,1,0,0,0,0
0,2646.28,329.97,8.02,10,0,1,0,0,1
1,3870.65,3210.45,1.206,4,1,1,0,0,1
0,205.87,1334.97,0.154,19,0,0,0,0,0
0,2928.86,1126.94,2.599,0,1,1,0,1,0
0,695.43,905.97,0.768,13,0,0,0,0,0
0,601.65,7978.8,0.075,23,1,0,0,2,0
0,17454.17,2036.79,8.569,21,0,0,0,1,1
0,1369.36,2427.89,0.564,19,0,0,0,2,0
0,490.64,1713.6,0.286,18,0,0,0,0,0
0,1133.57,1887.57,0.601,4,1,0,0,1,0
0,333.42,5212.23,0.064,19,0,0,0,0,0
1,11661.52,1181.13,9.873,22,1,1,0,0,1
0,731.88,398.92,1.835,5,1,0,0,0,0
0,3597.84,3233.27,1.113,18,0,1,0,0,0
0,10540.06,2314.69,4.554,11,0,0,0,0,0
1,943.69,1631.38,0.578,13,0,1,1,0,1
0,3610.6,2261.26,1.597,16,0,0,0,0,0
0,473.85,1060.32,0.447,6,0,1,0,1,0
1,43455.84,1508.13,28.814,20,0,0,0,0,1
0,6107.63,1314.84,4.645,0,1,0,0,0,0
0,1407.56,869.28,1.619,16,0,0,0,0,0
0,662.03,4316.74,0.153,5,1,1,0,0,0
0,1559.01,415.29,3.754,3,1,0,0,0,0
0,1162.14,12391.85,0.094,13,0,1,0,0,0
1,22898.53,3260.47,7.023,7,0,1,0,1,1
0,367.53,298.81,1.23,17,0,0,0,0,0
1,2154.34,1209.85,1.781,19,0,1,1,0,1
0,1765.45,1271.95,1.388,12,0,0,0,0,0
1,1552.1,2106.32,0.737,7,0,0,0,0,0
0,1569.95,607.63,2.584,23,1,0,0,2,1
0,1554.81,1523.59,1.02,15,0,0,0,1,0
0,5625.05,1327.42,4.238,4,1,0,0,2,0
1,3990.53,762.15,5.236,2,1,0,1,1,1
0,3116.87,672.45,4.635,12,0,0,0,1,0
0,50.0,3384.37,0.015,14,0,0,0,2,1
0,2669.73,321.53,8.303,3,1,0,0,0,1
0,210.12,2275.81,0.092,2,1,0,0,0,1
0,4189.0,3034.37,1.381,1,1,0,0,0,0
0,12293.75,1215.97,10.11,3,1,0,1,0,1
0,542.34,1551.75,0.35,5,1,0,0,0,0
0,1286.51,4218.12,0.305,3,1,0,0,0,0
0,829.51,784.96,1.057,16,0,0,0,0,0
0,9009.74,861.36,10.46,6,0,0,0,0,1
1,2045.78,947.73,2.159,17,0,0,0,0,1
0,17099.91,4225.08,4.047,21,0,0,0,0,0
0,3096.04,4736.55,0.654,9,0,0,1,0,0
0,2477.95,421.45,5.88,16,0,0,0,1,0
1,1975.68,3661.46,0.54,22,1,0,0,1,0
1,5236.4,3093.37,1.693,3,1,0,1,0,1
1,188.86,5992.33,0.032,18,0,0,0,0,0
0,2020.19,2093.51,0.965,6,0,0,0,0,0
0,1650.68,1422.49,1.16,12,0,0,0,2,0
0,4642.67,4149.3,1.119,2,1,0,0,0,0
0,1416.56,2776.69,0.51,7,0,0,0,0,0
0,468.55,11163.54,0.042,10,0,0,0,0,0
1,1825.4,3508.13,0.52,15,0,0,1,1,1
1,442.44,1699.68,0.26,19,0,0,0,1,1
1,147.99,514.56,0.288,18,0,0,1,1,0
0,4652.96,877.59,5.302,22,1,0,0,0,1
0,3838.28,406.52,9.442,22,1,0,0,0,0
0,3318.33,1219.8,2.72,8,0,0,0,1,0
0,9836.03,3406.57,2.887,9,0,0,0,0,0
1,761.63,1475.42,0.516,22,1,0,1,2,1
0,281.34,3712.84,0.076,5,1,0,0,3,0
0,1650.71,2005.84,0.823,2,1,0,0,0,0
0,1150.84,1029.9,1.117,19,0,0,0,0,0
0,604.87,1601.77,0.378,7,0,0,1,0,0
1,1629.77,2264.0,0.72,5,1,0,1,2,1
0,816.41,1677.9,0.487,7,0,0,0,0,0
1,166.2,1695.3,0.098,13,0,1,0,0,1
0,1018.89,740.89,1.375,7,0,1,0,0,1
0,412.7,1002.57,0.412,10,0,0,0,0,0
1,2443.39,11300.64,0.216,9,0,0,0,0,0
0,770.59,4472.13,0.172,22,1,0,0,0,0
1,7670.38,392.9,19.522,9,0,0,0,1,1
0,14545.34,175.87,82.705,10,0,0,0,0,0
0,4372.96,1585.37,2.758,0,1,0,0,0,0
0,240.73,3308.09,0.073,14,0,0,0,0,0
1,12794.3,927.09,13.8,4,1,0,0,0,1
0,14022.75,3712.62,3.777,13,0,0,0,0,0
1,1852.75,1561.95,1.186,22,1,0,0,1,1
0,10095.09,1278.25,7.898,19,0,0,0,0,0
0,882.56,2923.4,0.302,7,0,0,0,0,0
0,159.79,917.19,0.174,16,0,1,0,0,0
0,672.92,1143.63,0.588,3,1,0,0,0,0
0,17121.51,2705.79,6.328,3,1,0,1,0,1
1,260.24,1439.06,0.181,17,0,0,0,0,0
0,1806.92,8249.42,0.219,18,0,0,0,0,0
0,1890.1,2764.02,0.684,2,1,0,0,0,1
0,928.09,2606.94,0.356,8,0,0,1,0,0
0,1015.79,1415.79,0.717,6,0,0,1,1,0
0,1986.09,3252.83,0.611,1,1,0,0,1,0
0,870.61,1107.27,0.786,8,0,0,0,1,0
0,284.67,1908.63,0.149,23,1,0,0,1,0
0,2391.18,648.94,3.685,5,1,0,0,0,0
0,7298.15,3772.52,1.935,5,1,1,0,0,1
0,5599.57,1922.81,2.912,15,0,0,0,0,0
0,631.02,8815.46,0.072,1,1,0,0,0,0
0,355.46,12747.22,0.028,15,0,1,1,0,1
0,1249.57,2942.42,0.425,2,1,0,0,0,0
1,13878.96,1574.33,8.816,21,0,1,0,0,1
1,4185.06,631.78,6.624,15,0,0,0,2,0
1,4514.97,3341.83,1.351,11,0,1,0,3,1
0,5749.19,1788.72,3.214,2,1,0,0,0,0
1,3124.4,2402.42,1.301,10,0,0,0,1,0
1,2114.96,7022.04,0.301,10,0,0,1,3,1
1,4276.97,704.87,6.068,22,1,1,1,0,1
0,888.9,644.28,1.38,15,0,0,0,1,0
0,287.49,1196.57,0.24,4,1,0,1,3,1
1,4628.07,3099.76,1.493,19,0,0,1,0,1
0,9036.79,2439.09,3.705,7,0,0,0,1,0
0,422.55,661.08,0.639,10,0,0,0,1,0
0,5263.22,2924.55,1.8,10,0,0,0,0,0
0,16074.6,502.15,32.012,17,0,0,0,1,1
0,1802.77,696.48,2.588,18,0,0,0,0,0
0,624.28,1334.2,0.468,9,0,0,0,0,0
0,2121.6,899.57,2.358,3,1,0,0,0,0
0,883.87,3297.35,0.268,9,0,0,0,0,0
0,810.99,1915.51,0.423,13,0,0,0,1,0
0,3175.24,7251.8,0.438,5,1,0,0,0,0
0,224.79,1185.04,0.19,4,1,0,0,1,1
0,276.69,1326.13,0.209,14,0,0,0,0,0
1,1853.96,4399.93,0.421,4,1,1,1,0,1
0,1756.36,1363.99,1.288,22,1,0,0,1,1
0,2826.01,5679.42,0.498,23,1,0,0,1,0
0,20698.01,2408.47,8.594,5,1,0,0,0,0
1,2071.17,178.13,11.627,18,0,0,0,0,0
0,3934.83,4271.9,0.921,19,0,0,0,0,0
0,508.67,3365.91,0.151,16,0,0,0,1,0
0,4906.51,3484.92,1.408,13,0,0,0,0,0
0,912.05,265.1,3.44,10,0,1,0,0,1
1,1983.95,815.1,2.434,13,0,1,1,1,1
1,1569.48,871.46,1.801,4,1,0,0,1,1
0,6924.81,694.36,9.973,12,0,0,0,0,0
0,329.32,7099.15,0.046,11,0,0,0,0,0
0,92.92,1464.7,0.063,23,1,0,0,0,0
0,1369.96,1432.38,0.956,18,0,0,0,0,0
0,3324.55,2432.82,1.367,9,0,0,0,0,0
0,2203.83,2470.98,0.892,12,0,0,0,0,0
0,8972.01,73.6,121.902,14,0,0,0,1,0
0,3192.58,827.39,3.859,19,0,1,0,0,0
1,868.7,415.09,2.093,12,0,0,0,0,1
0,87.97,2122.34,0.041,3,1,0,0,1,1
1,1328.09,1141.38,1.164,21,0,0,0,1,0
1,6879.81,1500.94,4.584,8,0,0,1,2,1
0,1086.09,228.0,4.764,18,0,0,0,0,0
1,1875.85,1120.05,1.675,19,0,0,0,1,1
0,3126.81,4038.45,0.774,21,0,0,0,1,0
0,483.05,5263.25,0.092,21,0,0,0,0,0
0,4065.15,2827.02,1.438,6,0,0,0,0,0
1,15187.96,445.0,34.13,14,0,1,0,0,1
0,1444.25,4598.39,0.314,16,0,0,0,1,0
0,416.64,2840.12,0.147,13,0,0,0,0,1
1,1658.09,1332.12,1.245,13,0,0,1,0,1
0,100.31,239.24,0.419,8,0,0,0,1,0
0,2801.68,3492.02,0.802,15,0,0,0,0,0
1,3255.03,868.75,3.747,1,1,0,1,0,1
1,15967.76,2021.41,7.899,13,0,1,0,0,1
1,1405.02,1574.28,0.892,3,1,1,0,0,1
1,3074.91,5910.91,0.52,2,1,0,1,1,0
0,590.12,1322.36,0.446,2,1,0,0,0,0
1,1137.56,1460.3,0.779,10,0,1,0,0,1
0,248.95,6128.8,0.041,4,1,0,0,0,1
0,1403.57,818.6,1.715,15,0,0,0,0,1
0,1215.73,3080.63,0.395,22,1,0,0,0,0
0,2667.67,1237.99,2.155,22,1,0,0,0,1
1,803.78,600.47,1.339,22,1,1,1,0,1
1,2014.95,1481.85,1.36,18,0,0,0,1,1
0,1172.16,2758.75,0.425,8,0,0,0,0,0
0,1175.03,5005.73,0.235,21,0,0,0,0,0
0,2007.15,5581.57,0.36,10,0,0,0,1,0
1,1905.84,1135.37,1.679,11,0,0,1,4,1
1,4863.56,608.79,7.989,7,0,1,0,0,1
0,1545.59,1111.13,1.391,13,0,0,0,0,0
0,1147.28,511.13,2.245,16,0,0,0,1,0
0,1429.31,1217.25,1.174,19,0,0,0,0,0
0,714.04,1088.44,0.656,14,0,0,0,1,0
1,1132.42,2849.05,0.397,14,0,0,1,1,0
0,25349.3,203.3,124.689,22,1,0,0,0,0
0,551.98,764.91,0.722,11,0,0,0,0,0
0,1258.59,770.5,1.633,8,0,0,0,0,0
0,1092.54,4308.8,0.254,11,0,0,0,1,0
1,1311.17,543.23,2.414,18,0,1,0,0,1
0,1175.43,1815.27,0.648,11,0,0,1,0,0
0,2599.34,1319.07,1.971,10,0,0,0,1,0
0,195.74,3784.76,0.052,5,1,0,0,0,0
0,6962.7,2530.69,2.751,7,0,0,0,0,0
0,4114.85,1650.97,2.492,10,0,0,0,0,0
1,359.34,898.57,0.4,2,1,1,0,0,1
0,94.65,279.47,0.339,15,0,0,0,1,0
0,507.66,1848.96,0.275,5,1,0,0,0,0
0,1318.87,2386.16,0.553,8,0,0,0,1,1
0,51760.34,358.75,144.28,8,0,0,0,0,1
0,3663.72,487.69,7.512,5,1,0,0,1,1
0,172.45,1857.7,0.093,4,1,0,0,0,0
1,737.63,2008.67,0.367,0,1,0,0,0,0
1,1687.2,606.93,2.78,2,1,0,0,0,1
0,2514.4,883.01,2.848,2,1,1,0,0,1
0,327.28,283.49,1.154,11,0,0,0,0,0
0,1517.03,5112.98,0.297,3,1,0,0,0,0
0,711.28,459.49,1.548,20,0,0,0,1,0
1,430.57,2411.57,0.179,15,0,0,0,0,1
0,2533.8,1434.45,1.766,10,0,0,0,0,0
0,4944.55,4725.05,1.046,7,0,0,0,0,0
1,5395.68,725.58,7.436,8,0,1,0,1,1
1,3815.02,1564.2,2.439,13,0,0,1,2,1
0,947.11,320.99,2.951,22,1,0,0,0,0
0,4577.53,258.61,17.701,21,0,0,0,1,0
0,2702.06,2531.84,1.067,14,0,0,0,0,0
0,2151.94,296.92,7.248,18,0,0,0,0,0
1,816.31,1205.45,0.677,8,0,1,1,0,1
1,947.72,3678.15,0.258,16,0,0,0,1,1
1,1990.32,2898.7,0.687,8,0,1,1,1,1
0,43124.08,813.93,52.983,2,1,0,0,0,1
1,2674.76,354.37,7.548,15,0,1,1,1,1
0,816.85,2341.5,0.349,12,0,0,0,0,0
0,612.71,4954.4,0.124,16,0,0,1,1,0
0,954.04,815.65,1.17,23,1,1,0,0,1
0,30652.87,718.39,42.669,21,0,0,0,1,0
1,1075.96,922.96,1.166,3,1,0,0,0,1
0,5877.76,2476.12,2.374,20,0,0,0,0,0
0,1109.09,4472.33,0.248,21,0,0,0,0,0
0,2539.04,485.1,5.234,8,0,0,0,2,0
0,5060.74,384.35,13.167,21,0,0,0,1,0
0,859.65,12161.09,0.071,8,0,0,1,1,0
0,785.68,1261.95,0.623,17,0,0,0,0,1
1,15623.49,1858.65,8.406,13,0,0,0,0,1
0,6502.69,794.14,8.188,19,0,0,0,1,0
0,5053.69,2300.69,2.197,2,1,0,0,2,1
0,5031.43,3512.4,1.432,3,1,0,0,0,0
1,3286.07,1938.78,1.695,0,1,0,1,0,1
0,24912.09,7092.35,3.513,17,0,0,0,1,0
0,1914.25,1103.16,1.735,3,1,1,0,0,1
0,3829.31,1168.42,3.277,9,0,0,0,0,0
0,274.19,1823.05,0.15,3,1,0,0,1,0
0,618.66,2249.51,0.275,20,0,0,0,0,0
1,379.53,1817.38,0.209,16,0,0,1,0,1
0,9473.77,465.93,20.333,7,0,0,0,1,1
0,65.48,1961.11,0.033,18,0,0,0,2,1
1,1071.7,1057.06,1.014,8,0,1,0,0,1
0,50.0,877.54,0.057,15,0,1,0,2,1
0,613.59,1524.21,0.403,23,1,0,0,0,0
0,955.05,623.05,1.533,23,1,1,0,0,0
0,10941.66,532.8,20.536,14,0,0,0,1,1
0,3027.87,140.62,21.532,19,0,0,0,0,0
0,612.11,7133.19,0.086,15,0,0,0,0,0
1,7228.25,2440.99,2.961,20,0,0,0,0,0
1,1850.45,1332.63,1.389,11,0,1,1,1,1
0,1898.53,812.0,2.338,22,1,0,0,0,0
0,378.62,111.23,3.404,17,0,0,0,0,0
0,499.19,768.41,0.65,6,0,0,0,1,0
1,618.55,2819.4,0.219,15,0,0,0,0,0
0,1920.61,3456.31,0.556,18,0,0,1,0,0
0,2000.7,2638.76,0.758,5,1,0,0,0,0
1,13457.89,1707.1,7.883,5,1,1,0,3,1
1,2982.66,4786.17,0.623,5,1,1,1,1,1
1,53.53,1101.38,0.049,14,0,0,0,0,0
0,2543.85,3931.08,0.647,1,1,0,0,0,0
1,274.51,1047.2,0.262,8,0,0,0,0,1
1,515.04,669.8,0.769,7,0,0,0,0,0
0,629.03,598.76,1.051,6,0,0,0,2,0
0,763.31,567.9,1.344,15,0,0,0,0,0
0,302.57,2678.9,0.113,14,0,0,0,1,0
1,2355.54,758.64,3.105,8,0,0,0,2,0
0,288.86,584.22,0.494,19,0,0,0,3,0
0,2874.6,2814.0,1.022,14,0,0,0,0,0
0,33125.62,1988.57,16.658,1,1,0,0,0,0
1,321.13,3520.41,0.091,19,0,0,0,0,1
0,1249.05,2348.05,0.532,13,0,0,0,2,0
0,68.0,751.6,0.09,10,0,0,0,1,0
0,1222.66,1585.24,0.771,2,1,0,0,0,0
1,4169.42,1656.76,2.517,1,1,1,0,0,1
0,4613.91,647.27,7.128,17,0,0,0,0,0
0,1999.34,547.76,3.65,13,0,0,0,1,0
1,5744.75,802.19,7.161,23,1,1,1,0,1
0,49507.08,9255.05,5.349,4,1,0,0,0,1
1,16747.36,1020.99,16.403,11,0,1,0,0,1
0,916.65,4489.87,0.204,13,0,0,0,1,0
0,274.12,970.88,0.282,5,1,0,0,0,0
0,1066.36,3294.32,0.324,7,0,0,0,1,0
0,527.91,3335.05,0.158,6,0,0,0,0,1
0,3251.11,3488.86,0.932,6,0,0,0,1,0
0,389.34,2098.64,0.186,11,0,0,0,1,0
1,1644.73,5113.45,0.322,6,0,1,0,0,1
0,5374.49,2080.82,2.583,11,0,0,0,0,0
0,1586.2,6920.04,0.229,15,0,0,0,0,0
0,528.37,344.49,1.534,6,0,1,0,0,1
1,8327.0,2025.27,4.112,7,0,0,1,0,1
0,157.17,1910.25,0.082,0,1,0,0,1,0
0,1180.7,637.23,1.853,12,0,1,0,1,0
0,1712.73,2493.96,0.687,18,0,0,1,0,1
0,1845.82,387.19,4.767,0,1,0,0,0,0
0,2286.2,821.58,2.783,23,1,0,0,0,1
1,3998.09,244.89,16.326,17,0,1,0,2,1
0,1726.71,6019.53,0.287,6,0,0,0,1,0
1,1120.49,1201.84,0.932,21,0,1,0,0,1
0,1064.37,10406.6,0.102,16,0,0,0,0,1
0,816.5,3049.26,0.268,14,0,0,0,0,0
1,5033.18,2215.62,2.272,21,0,0,1,1,1
0,780.17,873.4,0.893,18,0,0,0,0,0
1,5436.02,577.26,9.417,22,1,0,0,0,1
0,1853.25,2370.07,0.782,3,1,0,0,0,0
1,918.16,1388.03,0.661,16,0,1,1,1,1
0,4039.71,443.48,9.109,6,0,0,0,0,1
0,702.26,377.97,1.858,15,0,0,0,0,0
0,4144.92,624.63,6.636,16,0,0,0,0,0
0,2384.02,7622.58,0.313,19,0,0,0,0,0
0,832.79,10850.32,0.077,14,0,0,0,0,0
0,3594.73,1780.22,2.019,8,0,0,0,1,0
0,3679.63,1692.65,2.174,20,0,0,0,0,0
0,8141.87,1093.69,7.444,22,1,0,0,0,1
1,6348.61,638.4,9.945,12,0,0,1,0,1
0,3424.31,5103.39,0.671,6,0,0,0,0,0
0,417.44,7992.18,0.052,18,0,0,0,1,0
0,43615.29,662.44,65.84,10,0,0,0,0,1
0,291.58,1373.95,0.212,7,0,0,0,1,0
0,6210.78,987.44,6.29,16,0,0,0,0,0
0,3167.41,1014.13,3.123,3,1,0,0,1,0
1,392.92,4304.07,0.091,3,1,0,0,1,1
1,1538.26,454.52,3.384,17,0,0,0,0,0
0,1632.1,2252.56,0.725,21,0,0,0,1,0
0,9870.02,2850.97,3.462,16,0,0,0,0,0
0,715.3,1302.53,0.549,2,1,0,0,0,0
0,1286.23,3306.88,0.389,8,0,0,0,0,0
0,86.76,1690.68,0.051,5,1,0,0,0,0
0,17243.52,4426.73,3.895,1,1,0,0,0,1
0,449.61,376.16,1.195,11,0,1,0,0,0
0,2765.52,1081.5,2.557,14,0,0,0,0,1
0,1584.73,1387.65,1.142,8,0,0,0,0,0
1,1591.77,133.62,11.913,1,1,0,0,0,1
0,5181.35,557.04,9.302,11,0,0,1,1,0
1,15877.23,711.77,22.307,15,0,1,0,1,1
1,2507.25,3475.12,0.721,6,0,0,0,1,1
0,4236.96,783.55,5.407,0,1,0,0,0,0
0,2772.65,708.91,3.911,20,0,0,0,0,0
0,6787.18,3089.42,2.197,6,0,0,1,1,1
1,990.5,345.12,2.87,2,1,0,0,1,1
1,7317.38,229.49,31.885,19,0,0,0,0,1
0,7659.1,1069.09,7.164,4,1,0,0,0,0
0,7385.68,402.25,18.361,2,1,0,0,0,0
1,766.48,416.25,1.841,14,0,1,0,0,1
0,1452.67,2480.19,0.586,5,1,0,0,0,0
1,2468.35,3256.4,0.758,14,0,0,0,1,1
1,304.27,3010.85,0.101,2,1,0,0,0,0
0,14377.16,4015.43,3.58,23,1,0,0,1,0
0,1779.42,4523.41,0.393,22,1,0,0,1,0
0,2615.23,217.95,11.999,0,1,0,0,0,1
0,853.97,2220.24,0.385,1,1,0,0,0,0
0,322.16,919.06,0.351,3,1,0,1,0,1
1,824.49,755.45,1.091,20,0,1,1,0,1
1,2404.18,2451.3,0.981,13,0,0,0,1,0
1,4339.25,311.92,13.911,13,0,0,0,0,1
0,2231.28,306.13,7.289,9,0,0,0,1,0
1,2837.68,2618.13,1.084,10,0,0,0,0,0
1,1166.62,2296.19,0.508,3,1,1,0,0,1
0,3446.53,1674.15,2.059,14,0,0,0,1,0
0,12427.69,670.54,18.534,19,0,0,0,1,1
0,4519.81,2891.26,1.563,3,1,0,0,1,1
1,5179.19,2730.59,1.897,19,0,0,0,0,0
0,2649.75,1598.43,1.658,19,0,0,0,1,0
1,256.18,513.07,0.499,15,0,0,0,0,0
0,464.95,1009.57,0.461,1,1,0,0,1,0
1,3266.06,3146.51,1.038,12,0,0,0,0,0
0,1782.51,4887.68,0.365,7,0,1,0,0,1
0,3202.85,1103.36,2.903,12,0,0,0,0,1
0,15984.11,1182.39,13.518,19,0,0,0,0,0
0,4646.39,1279.83,3.63,20,0,0,0,0,0
1,9288.68,1895.81,4.9,7,0,1,1,1,1
0,2044.86,877.47,2.33,3,1,0,0,0,1
0,633.09,109.42,5.786,4,1,0,0,0,0
0,1677.02,4330.73,0.387,20,0,0,0,0,0
0,635.13,7444.42,0.085,5,1,0,0,0,0
0,13708.67,853.07,16.07,22,1,0,0,1,1
0,5051.84,566.8,8.913,18,0,0,0,1,1
1,3556.98,1308.46,2.718,9,0,0,0,1,0
0,9015.73,1250.43,7.21,2,1,0,0,1,1
1,130.83,3626.29,0.036,12,0,1,0,1,1
1,3883.84,1554.91,2.498,8,0,1,0,0,0
0,329.03,725.34,0.454,16,0,0,0,0,0
0,1791.07,451.89,3.964,9,0,0,0,0,0
0,1205.66,3226.23,0.374,11,0,0,0,0,0
1,4273.8,2539.09,1.683,12,0,0,0,0,1
1,2432.42,3844.9,0.633,23,1,0,1,1,1
0,10390.55,619.33,16.777,9,0,0,0,0,0
1,826.78,7743.38,0.107,18,0,0,0,1,0
0,4545.3,308.18,14.749,20,0,0,1,0,1
1,2232.53,2803.55,0.796,18,0,0,0,1,0
1,215.75,265.44,0.813,16,0,1,1,0,1
0,547.74,726.84,0.754,4,1,0,0,0,0
0,1487.96,6032.52,0.247,7,0,0,0,0,0
0,7676.97,3128.25,2.454,4,1,0,0,0,1
0,3303.84,905.42,3.649,14,0,0,1,0,0
1,396.33,928.01,0.427,3,1,0,0,0,1
0,1506.57,1620.61,0.93,12,0,0,0,0,0
0,24913.08,2351.31,10.595,16,0,0,1,1,1
0,2089.31,4566.13,0.458,4,1,0,0,1,0
1,1181.43,981.8,1.203,0,1,0,0,1,1
0,3426.39,347.02,9.874,21,0,0,0,0,0
0,4877.61,1704.92,2.861,14,0,0,0,0,0
0,999.23,980.74,1.019,9,0,0,0,0,0
1,3474.99,459.17,7.568,10,0,0,1,2,1
1,1179.03,1935.08,0.609,17,0,1,0,0,1
0,4606.05,1221.94,3.769,12,0,0,0,2,0
0,2254.31,1950.54,1.156,19,0,0,0,0,0
0,3383.14,661.82,5.112,23,1,0,0,0,0
0,673.89,2293.97,0.294,15,0,0,0,0,0
0,621.62,452.42,1.374,18,0,0,0,0,0
1,6180.45,702.78,8.794,22,1,0,1,0,1
0,1630.73,1189.61,1.371,11,0,0,0,0,0
1,2618.99,7098.48,0.369,22,1,1,1,1,1
0,1214.01,2999.93,0.405,13,0,0,0,2,0
1,5815.86,3902.89,1.49,1,1,1,0,0,1
1,820.45,5299.51,0.155,9,0,0,0,0,0
0,1515.83,37894.03,0.04,3,1,0,0,0,0
0,5023.04,1536.76,3.269,0,1,0,0,0,0
0,8307.03,5315.39,1.563,23,1,0,0,0,0
0,915.17,3682.59,0.249,16,0,1,0,0,0
0,23100.03,3627.97,6.367,10,0,0,0,0,0
0,2716.81,7308.66,0.372,6,0,0,1,0,1
1,466.0,1014.97,0.459,16,0,1,1,0,1
0,2921.25,945.0,3.091,16,0,0,0,2,0
1,1098.94,1973.94,0.557,8,0,1,0,1,1
0,3178.9,1255.85,2.531,9,0,0,0,1,0
1,1710.07,1971.7,0.867,5,1,0,1,0,1
0,1991.33,6041.9,0.33,16,0,0,0,1,0
1,552.76,962.63,0.574,15,0,1,0,0,1
0,6549.08,1125.28,5.82,6,0,0,0,0,1
0,402.23,1731.74,0.232,18,0,0,0,0,1
0,427.78,1205.34,0.355,3,1,0,0,0,1
0,2914.83,264.38,11.025,19,0,0,0,1,0
0,14526.03,878.21,16.54,23,1,0,0,0,0
0,1143.25,2748.02,0.416,16,0,0,0,1,0
0,4497.44,5398.04,0.833,23,1,0,0,0,0
1,7297.9,523.66,13.936,8,0,0,0,0,1
0,5213.93,521.47,9.999,10,0,0,0,0,0
0,1206.44,1521.13,0.793,22,1,0,0,1,0
1,437.75,228.6,1.915,0,1,0,1,1,1
0,102.53,991.81,0.103,6,0,0,0,0,0
0,1284.73,310.31,4.14,21,0,0,0,0,0
0,8362.51,5075.37,1.648,4,1,0,0,0,0
1,419.3,740.7,0.566,4,1,1,1,0,1
1,4492.99,6552.16,0.686,0,1,0,0,0,0
1,525.74,4032.61,0.13,5,1,0,0,2,1
0,2075.37,827.42,2.508,12,0,0,0,1,1
1,4537.49,564.1,8.044,14,0,0,0,0,1
0,767.13,1243.65,0.617,3,1,0,0,0,0
0,2256.64,1347.25,1.675,16,0,0,0,2,1
0,1054.04,2021.37,0.521,23,1,0,0,0,1
0,4521.93,735.91,6.145,23,1,0,0,1,0
0,2455.07,2897.94,0.847,12,0,0,0,0,1
0,1945.86,1879.56,1.035,10,0,0,1,1,1
0,13709.65,1089.69,12.581,3,1,0,0,0,1
0,4276.96,779.9,5.484,6,0,0,0,0,0
1,736.97,1253.39,0.588,18,0,0,0,0,0
0,1617.08,709.66,2.279,23,1,0,0,0,0
1,1638.16,1560.24,1.05,6,0,0,0,1,0
0,2007.04,1598.62,1.255,13,0,0,1,0,0
1,48139.68,1873.45,25.696,20,0,1,0,0,1
0,2928.1,7256.25,0.404,15,0,0,1,1,1
0,128.17,1313.96,0.098,20,0,0,0,0,0
0,892.8,3656.05,0.244,8,0,0,0,0,1
0,146.63,1820.07,0.081,21,0,0,0,1,0
1,1177.63,1194.62,0.986,21,0,0,1,0,1
0,136.52,1329.76,0.103,1,1,0,0,0,0
0,582.27,1403.97,0.415,15,0,1,0,1,0
1,250.4,1904.15,0.132,4,1,0,0,1,1
0,2979.19,624.29,4.772,11,0,0,0,0,0
0,1809.31,395.91,4.57,19,0,0,0,0,0
0,2680.75,2667.42,1.005,14,0,0,0,1,0
0,1578.27,3321.96,0.475,2,1,0,1,0,0
0,295.13,2895.96,0.102,8,0,0,0,0,0
0,3524.8,1701.86,2.071,6,0,0,0,1,0
1,22002.07,2952.78,7.451,3,1,0,0,0,1
0,3077.82,2813.22,1.094,8,0,0,0,0,0
0,1039.3,3007.51,0.346,14,0,0,0,0,0
0,282.45,682.94,0.414,22,1,0,0,0,0
1,555.3,551.56,1.007,20,0,1,0,0,1
1,3258.27,1043.45,3.123,6,0,0,0,0,1
0,7295.8,1457.32,5.006,10,0,0,1,0,1
1,2537.99,1190.67,2.132,18,0,0,1,1,1
0,5114.59,273.41,18.707,10,0,0,0,0,1
0,4536.82,6971.07,0.651,0,1,0,0,2,0
0,3492.92,1156.74,3.02,20,0,0,1,2,1
0,768.15,1729.23,0.444,12,0,0,0,0,0
0,2266.75,4537.33,0.5,12,0,0,0,1,0
1,600.11,179.38,3.345,1,1,1,0,0,1
0,1849.48,934.0,1.98,16,0,0,0,0,0
1,2779.77,1044.81,2.661,18,0,0,0,0,0
0,16033.23,1093.7,14.66,22,1,0,0,1,1
0,329.42,1266.31,0.26,14,0,0,1,1,0
0,3381.11,5444.83,0.621,18,0,0,0,0,0
0,12401.93,2713.82,4.57,9,0,0,0,0,0
0,4848.88,3506.0,1.383,9,0,0,0,0,0
0,5339.19,1544.43,3.457,8,0,1,0,1,1
0,3881.6,420.13,9.239,18,0,0,0,1,0
0,9777.46,227.76,42.929,10,0,0,0,0,0
1,439.78,373.73,1.177,5,1,1,0,0,1
0,298.36,2046.3,0.146,1,1,0,0,2,1
0,1793.22,1523.24,1.177,23,1,0,0,0,0
0,108.91,1225.19,0.089,9,0,0,0,0,0
1,8953.86,1062.39,8.428,14,0,1,0,1,1
1,8839.01,9050.27,0.977,4,1,0,0,1,1
0,1029.31,705.84,1.458,17,0,0,0,0,0
0,1116.55,3411.94,0.327,6,0,0,0,0,0
0,1645.74,1482.85,1.11,2,1,0,0,0,0
1,1934.54,1401.3,1.381,20,0,0,0,0,0
0,2133.09,4268.31,0.5,15,0,0,0,0,0
0,3735.74,5520.8,0.677,16,0,0,0,0,0
0,1444.6,1193.21,1.211,1,1,0,0,1,0
0,6161.97,3039.0,2.028,15,0,0,0,0,0
1,3228.37,2053.91,1.572,20,0,1,0,0,1
0,821.35,1490.24,0.551,19,0,0,0,0,0
0,10256.29,1779.04,5.765,0,1,0,0,0,0
0,309.29,796.95,0.388,13,0,0,0,0,1
1,1603.89,1123.84,1.427,15,0,0,0,0,0
1,6354.97,877.81,7.24,22,1,0,0,0,1
0,706.28,3331.7,0.212,8,0,0,0,0,0
0,2703.82,1358.75,1.99,16,0,0,0,1,0
1,3664.11,460.38,7.959,7,0,0,0,0,1
0,590.71,771.94,0.765,8,0,0,0,0,0
0,1645.47,83.15,19.789,1,1,0,0,1,1
0,1475.19,948.57,1.555,12,0,0,0,0,0
1,882.48,1531.31,0.576,0,1,1,0,0,1
0,36032.53,1309.6,27.514,21,0,0,0,0,0
1,670.46,8796.76,0.076,6,0,1,1,0,1
0,6676.9,2483.48,2.689,17,0,0,0,1,0
0,1085.03,2386.08,0.455,20,0,0,0,0,0
0,440.26,337.33,1.305,4,1,0,0,0,0
0,2066.6,1066.16,1.938,6,0,0,0,0,0
0,4204.12,955.28,4.401,11,0,0,0,0,0
0,5982.91,729.62,8.2,16,0,0,0,0,0
0,13779.6,720.62,19.122,23,1,0,0,1,1
1,83184.82,290.82,286.035,4,1,0,1,0,1
1,2504.06,469.53,5.333,11,0,0,0,0,0
0,763.55,3250.89,0.235,18,0,0,1,1,1
0,3257.57,1301.64,2.503,12,0,0,0,1,0
0,1279.11,938.46,1.363,15,0,0,0,0,0
0,6025.5,1473.11,4.09,18,0,0,0,0,0
1,334.85,4232.94,0.079,22,1,1,1,0,1
0,39294.31,1485.92,26.444,9,0,0,0,1,1
0,5501.98,2407.48,2.285,11,0,0,0,1,0
1,202.51,690.94,0.293,6,0,0,0,1,0
0,719.29,848.3,0.848,13,0,0,0,0,0
0,5223.41,2035.67,2.566,9,0,0,0,0,0
0,8343.58,8130.59,1.026,7,0,0,0,1,0
0,345.88,5360.42,0.065,14,0,0,0,1,0
0,4568.47,2501.25,1.826,15,0,0,0,1,0
1,143.8,1696.45,0.085,7,0,1,0,1,1
1,1609.8,5223.71,0.308,3,1,0,0,0,0
0,7674.52,3026.65,2.536,16,0,0,0,0,0
1,882.74,187.86,4.699,3,1,0,1,0,1
0,254.93,573.33,0.445,21,0,0,0,0,0
1,2186.55,2006.86,1.09,10,0,1,0,0,0
0,823.75,296.41,2.779,12,0,0,0,0,0
1,4098.7,659.95,6.211,5,1,1,1,0,1
1,571.96,788.53,0.725,21,0,0,1,2,1
0,662.2,1175.5,0.563,13,0,1,0,0,1
1,130.67,1142.89,0.114,6,0,0,0,1,1
1,2255.05,1141.15,1.976,11,0,0,0,0,1
1,1466.78,3111.24,0.471,0,1,1,1,1,1
0,385.72,1165.96,0.331,9,0,0,1,1,1
1,2326.08,1047.16,2.221,0,1,0,0,0,1
1,6871.87,439.55,15.634,15,0,1,0,0,1
0,1366.16,3721.61,0.367,6,0,0,0,0,0
1,2562.19,808.88,3.168,19,0,0,1,1,0
0,2579.38,556.5,4.635,5,1,0,0,0,0
0,377.8,1793.24,0.211,21,0,0,0,1,0
0,26201.23,742.3,35.297,17,0,0,0,0,0
0,980.34,922.09,1.063,19,0,0,0,0,0
0,4242.68,1867.98,2.271,3,1,0,0,0,0
0,4914.67,1103.42,4.454,22,1,0,0,0,1
1,1507.98,11854.33,0.127,15,0,1,0,2,1
0,3979.19,1383.89,2.875,0,1,0,0,0,0
0,2488.82,2581.32,0.964,20,0,0,0,1,0
0,286.31,257.88,1.11,19,0,0,0,0,0
0,1173.85,682.26,1.721,1,1,0,0,0,0
1,815.4,556.56,1.465,15,0,1,1,1,0
0,992.01,627.07,1.582,20,0,0,0,0,0
1,331.89,2151.64,0.154,8,0,1,0,1,1
0,7819.41,3759.38,2.08,14,0,0,0,2,0
0,14509.96,2018.62,7.188,23,1,0,1,1,1
0,6447.22,1207.15,5.341,15,0,0,0,0,0
0,9430.35,839.02,11.24,8,0,0,0,0,0
0,1155.14,4032.9,0.286,6,0,0,0,0,0
0,790.66,9548.41,0.083,9,0,0,0,0,0
0,657.1,1671.62,0.393,6,0,0,0,1,0
1,4176.73,3447.58,1.211,12,0,0,1,1,0
0,2428.87,2016.33,1.205,1,1,0,0,1,0
0,1635.35,2921.8,0.56,11,0,0,0,2,0
0,9737.05,519.0,18.761,12,0,0,1,0,1
0,3060.78,954.01,3.208,2,1,0,0,1,0
1,607.74,2113.12,0.288,10,0,0,0,1,1
0,746.07,4408.29,0.169,7,0,0,0,0,0
0,4387.84,708.87,6.19,10,0,0,0,0,0
1,7004.11,237.47,29.495,17,0,1,0,0,1
0,3704.06,945.36,3.918,6,0,0,0,1,0
0,21289.2,3674.3,5.794,11,0,0,0,0,0
0,15146.27,355.84,42.565,5,1,0,0,0,0
0,3207.82,513.25,6.25,9,0,0,0,0,0
1,607.8,1703.31,0.357,19,0,0,0,0,0
1,329.32,1333.58,0.247,14,0,1,1,0,1
1,1092.7,2527.59,0.432,19,0,0,0,1,0
0,4813.49,489.87,9.826,14,0,0,1,0,1
0,19431.31,1104.91,17.586,18,0,0,0,0,0
1,3110.94,4340.16,0.717,5,1,1,0,0,1
0,8261.32,505.93,16.329,18,0,0,0,1,1
0,1314.35,5592.72,0.235,14,0,0,0,1,0
0,4062.69,566.41,7.173,19,0,0,0,1,0
0,5273.05,3179.39,1.659,19,0,1,0,0,0
0,137.9,1058.21,0.13,17,0,0,0,2,0
1,1056.3,528.26,2.0,1,1,1,1,0,1
1,6214.31,946.52,6.565,6,0,0,0,0,1
0,2583.26,2417.37,1.069,4,1,0,0,0,1
0,381.66,1471.2,0.259,2,1,0,0,1,0
0,76.77,4050.61,0.019,5,1,0,0,2,0
1,1123.82,5389.27,0.209,5,1,1,1,1,1
0,1647.38,510.44,3.227,0,1,0,0,0,1
1,573.01,477.88,1.199,18,0,0,0,0,1
0,2177.67,457.46,4.76,11,0,0,0,1,1
0,3492.25,659.0,5.299,4,1,0,0,1,1
0,4323.81,3998.97,1.081,6,0,0,0,2,0
1,84.55,2451.18,0.034,19,0,0,1,1,1
0,327.48,906.39,0.361,7,0,0,0,0,0
0,1216.81,1465.58,0.83,18,0,0,0,2,0
0,3804.06,5238.94,0.726,5,1,0,0,0,0
1,3415.24,8243.74,0.414,14,0,0,0,1,0
1,3339.01,1869.54,1.786,5,1,1,1,0,1
0,1098.34,135.19,8.124,8,0,0,0,0,0
1,1180.95,1934.41,0.61,3,1,0,1,0,1
0,701.47,3433.29,0.204,15,0,0,0,0,0
0,4908.15,1811.97,2.709,22,1,0,0,0,0
0,546.41,2846.55,0.192,9,0,0,0,2,0
0,5459.14,2041.33,2.674,0,1,0,0,0,0
1,2368.97,487.27,4.862,10,0,0,0,0,1
1,1705.21,666.73,2.558,16,0,0,0,0,1
0,769.91,1108.72,0.694,17,0,0,0,0,0
0,310.38,3861.74,0.08,19,0,0,1,0,0
1,779.03,743.01,1.048,21,0,0,1,0,0
1,1177.31,2231.24,0.528,19,0,1,0,1,1
0,83.12,1945.6,0.043,14,0,0,0,0,0
1,1398.9,6170.76,0.227,5,1,0,0,1,0
0,6012.91,1425.8,4.217,15,0,0,0,1,0
0,3779.64,305.12,12.387,1,1,0,0,0,0
1,948.55,2649.65,0.358,2,1,0,0,0,0
0,1921.8,10140.07,0.19,22,1,0,0,0,0
0,877.42,2810.58,0.312,16,0,0,0,3,0
0,2193.8,728.59,3.011,7,0,0,0,0,0
1,13388.35,559.06,23.948,19,0,1,0,0,0
1,6368.05,627.87,10.142,14,0,0,0,0,0
0,3558.28,8982.03,0.396,12,0,0,0,0,0
0,952.65,1102.58,0.864,20,0,0,0,0,1
0,4793.04,815.35,5.879,22,1,0,0,0,1
0,201.76,1283.58,0.157,18,0,0,0,1,0
0,1302.37,1112.97,1.17,23,1,0,0,0,1
1,3861.55,6068.61,0.636,0,1,0,0,0,0
0,4734.1,594.05,7.969,11,0,0,0,2,1
0,4319.31,4283.73,1.008,17,0,0,0,1,0
0,2652.56,1652.23,1.605,17,0,1,0,2,1
0,1401.86,4386.66,0.32,2,1,0,0,0,0
1,3638.65,6150.92,0.592,17,0,1,1,0,1
0,523.89,1597.7,0.328,16,0,0,1,0,0
0,603.0,1114.81,0.541,10,0,0,0,0,0
0,1959.13,1571.15,1.247,4,1,0,0,0,0
0,2264.61,1359.27,1.666,21,0,0,0,0,0
0,168.46,333.2,0.506,6,0,0,0,0,0
0,3267.21,5986.32,0.546,22,1,0,0,0,0
0,4937.17,1846.79,2.673,17,0,0,0,0,1
0,1635.21,519.68,3.147,6,0,0,0,3,0
0,39608.78,230.26,172.018,17,0,0,0,2,1
0,744.11,182.21,4.084,1,1,0,0,0,0
1,1130.69,2961.44,0.382,5,1,1,1,1,1
0,1081.83,848.03,1.276,21,0,0,0,0,0
0,1637.55,982.98,1.666,7,0,0,0,0,0
0,1179.28,2296.95,0.513,20,0,0,0,0,0
0,290.37,930.35,0.312,20,0,0,0,1,1
1,888.46,2420.85,0.367,16,0,0,1,1,0
0,1592.55,1612.82,0.987,3,1,0,0,0,1
1,8929.75,1372.35,6.507,16,0,0,1,0,1
0,31663.39,359.43,88.093,15,0,0,0,0,0
0,10261.11,707.86,14.496,20,0,0,1,0,1
1,659.85,2546.01,0.259,14,0,1,0,0,1
0,731.76,801.26,0.913,14,0,0,0,0,0
0,1469.79,4380.13,0.336,7,0,0,0,1,0
0,18396.7,12231.39,1.504,16,0,0,0,0,1
1,1458.19,2672.44,0.546,18,0,0,0,0,1
0,321.9,5673.43,0.057,0,1,0,0,0,0
1,942.44,2831.76,0.333,12,0,0,0,0,0
0,4837.59,915.22,5.286,5,1,0,0,1,1
1,4433.4,1772.48,2.501,9,0,1,1,1,1
0,1393.7,9063.3,0.154,0,1,0,0,0,0
1,4395.95,924.08,4.757,11,0,0,0,1,1
0,94.15,580.92,0.162,18,0,0,0,0,0
1,2069.33,533.38,3.88,14,0,1,0,3,0
0,5535.24,1217.1,4.548,20,0,0,0,0,0
0,612.33,599.97,1.021,4,1,0,0,0,0
0,609.57,6678.29,0.091,1,1,0,0,1,1
0,159.75,1798.52,0.089,18,0,0,0,1,0
0,14283.56,3549.47,4.024,13,0,0,0,0,0
1,708.96,1131.39,0.627,8,0,0,0,0,0
1,2473.42,530.5,4.662,0,1,0,1,0,1
0,3964.33,455.57,8.702,12,0,0,0,0,0
1,12909.11,653.8,19.745,16,0,1,0,0,1
0,1480.2,2023.88,0.731,1,1,0,0,1,1
0,896.72,2363.49,0.379,23,1,0,0,1,0
1,2264.23,2547.52,0.889,21,0,1,0,0,1
0,9597.95,387.69,24.757,13,0,0,0,0,0
1,1449.21,1479.75,0.979,19,0,0,1,0,1
0,522.52,587.89,0.889,22,1,0,0,1,0
0,243.96,2124.56,0.115,5,1,0,1,2,0
0,369.56,2278.26,0.162,5,1,0,0,0,0
0,5561.98,515.45,10.791,17,0,0,1,1,1
0,1191.76,3537.68,0.337,18,0,0,0,0,0
1,820.75,12148.25,0.068,8,0,1,0,0,0
1,712.83,3138.04,0.227,14,0,0,0,0,0
1,2019.41,1278.51,1.58,6,0,0,1,1,1
0,1324.39,1113.33,1.19,5,1,0,0,0,0
0,1267.66,1226.41,1.034,4,1,0,0,1,0
0,10447.53,746.46,13.996,18,0,0,0,2,1
0,13352.0,1857.82,7.187,19,0,1,0,0,0
0,222.96,531.33,0.42,0,1,0,0,0,0
1,2767.97,270.23,10.243,20,0,1,0,0,1
0,658.58,1803.78,0.365,6,0,0,0,0,0
0,1309.33,1508.86,0.868,17,0,0,0,2,0
0,2702.85,885.32,3.053,7,0,1,0,1,0
0,1371.23,466.65,2.938,11,0,0,0,0,1
0,2439.62,1921.32,1.27,9,0,0,0,0,0
1,4336.67,607.19,7.142,5,1,1,0,1,1
0,2651.68,1306.29,2.03,15,0,0,0,1,0
1,779.86,7247.96,0.108,18,0,0,1,0,0
0,797.95,2659.97,0.3,17,0,0,0,0,0
0,278.21,431.72,0.644,23,1,0,0,0,1
0,595.8,469.95,1.268,12,0,0,0,0,0
1,23171.74,1697.03,13.654,19,0,1,0,1,1
1,645.74,429.32,1.504,6,0,0,0,0,0
0,383.22,244.31,1.569,6,0,0,0,1,0
0,2740.53,2390.21,1.147,15,0,0,0,0,0
0,1566.39,1976.02,0.793,9,0,0,0,0,0
0,1402.1,2220.61,0.631,14,0,0,0,0,0
1,11290.98,1875.69,6.02,13,0,0,0,0,0
0,3691.78,1395.8,2.645,23,1,0,0,2,1
0,907.79,815.69,1.113,11,0,0,0,1,0
0,1041.25,2355.53,0.442,14,0,0,0,1,0
0,940.71,5865.81,0.16,7,0,0,0,0,1
0,5637.31,942.84,5.979,6,0,0,0,1,0
0,1211.25,590.72,2.05,20,0,0,0,2,0
1,175.72,532.93,0.33,8,0,1,1,0,0
1,1697.96,678.54,2.502,13,0,0,0,0,0
0,245.15,1776.39,0.138,6,0,0,0,1,1
1,30930.55,215.8,143.33,11,0,0,1,0,1
0,515.24,2197.89,0.234,13,0,0,0,0,0
0,1464.95,2642.61,0.554,10,0,0,0,1,0
0,2529.21,293.46,8.619,18,0,0,0,1,0
0,1242.33,613.23,2.026,5,1,0,0,0,0
0,1240.12,1590.36,0.78,2,1,1,0,0,0
0,3128.71,1300.99,2.405,5,1,0,0,1,0
0,13148.73,2362.97,5.564,23,1,0,0,0,0
1,4903.78,1303.72,3.761,8,0,0,0,0,1
0,12358.11,4620.66,2.675,1,1,0,0,0,0
0,463.77,1108.7,0.418,5,1,0,0,0,1
0,2731.41,611.11,4.47,13,0,0,0,1,0
0,2212.37,568.44,3.892,18,0,0,0,0,0
0,2853.83,2869.58,0.995,22,1,0,0,1,0
1,10819.46,1520.29,7.117,3,1,1,1,0,1
0,1356.92,2618.47,0.518,13,0,1,0,0,1
0,1067.26,2570.38,0.415,20,0,0,0,0,0
0,3619.8,240.36,15.06,9,0,0,0,1,0
0,179.17,530.56,0.338,5,1,0,0,0,0
0,1328.88,590.78,2.249,10,0,0,0,0,0
0,1518.6,710.2,2.138,12,0,0,0,0,0
0,546.5,1014.02,0.539,23,1,0,1,1,0
0,7145.06,3638.16,1.964,17,0,0,0,0,0
0,454.45,4353.06,0.104,19,0,0,0,0,0
1,1515.29,1137.28,1.332,13,0,0,0,0,1
0,2646.79,1180.68,2.242,19,0,0,0,1,1
1,10503.74,784.55,13.388,21,0,0,0,0,1
1,1783.4,1604.02,1.112,19,0,0,0,0,1
0,6105.83,1776.27,3.437,10,0,0,0,1,1
0,4495.24,3058.95,1.47,20,0,0,0,0,0
0,2122.81,3036.91,0.699,4,1,0,0,0,0
0,438.62,186.44,2.353,7,0,0,0,0,0
0,280.07,1290.4,0.217,3,1,0,0,0,0
1,2076.54,5144.53,0.404,11,0,0,0,0,0
1,892.92,997.94,0.895,5,1,0,1,0,0
0,5973.21,4127.05,1.447,22,1,0,0,0,1
0,4767.67,1123.49,4.244,23,1,0,0,0,0
0,1422.26,1732.69,0.821,7,0,0,0,2,0
1,401.41,532.08,0.754,3,1,1,0,0,1
0,3512.05,550.42,6.381,19,0,0,0,0,1
0,481.38,2843.93,0.169,9,0,0,1,2,1
1,674.52,3273.57,0.206,10,0,1,0,0,0
0,506.11,1515.93,0.334,14,0,0,0,0,0
1,1510.13,490.4,3.079,4,1,0,1,0,0
0,8277.12,1539.83,5.375,2,1,0,0,0,1
0,1796.23,4589.43,0.391,14,0,0,0,0,0
1,1016.19,7105.18,0.143,1,1,1,0,1,1
0,248.81,1113.17,0.224,1,1,0,0,2,0
0,3706.2,332.33,11.152,7,0,0,0,0,1
0,655.55,3153.69,0.208,21,0,0,0,0,0
0,2106.48,1154.74,1.824,13,0,1,0,0,0
0,1140.84,3459.01,0.33,8,0,0,0,1,0
0,5375.63,1906.39,2.82,4,1,0,0,2,1
0,1473.79,668.41,2.205,11,0,0,0,0,0
0,1674.71,1559.97,1.074,9,0,0,0,1,0
1,3399.8,4805.44,0.707,0,1,0,0,1,1
1,27973.76,1294.35,21.612,23,1,0,0,0,1
0,5738.66,583.28,9.839,18,0,0,0,0,0
0,1611.32,354.33,4.548,10,0,0,0,0,1
0,1815.57,738.82,2.457,16,0,0,0,0,0
0,913.86,1023.39,0.893,2,1,1,0,0,1
1,525.84,3096.41,0.17,0,1,0,0,0,0
1,881.32,539.82,1.633,16,0,1,0,0,1
0,662.62,5993.18,0.111,5,1,0,0,0,0
0,4227.55,444.33,9.514,12,0,0,0,0,0
0,449.19,12068.3,0.037,19,0,0,0,1,0
0,10230.96,6995.11,1.463,3,1,0,0,0,0
0,4806.19,1680.84,2.859,4,1,0,0,0,0
1,1856.88,335.99,5.527,14,0,0,0,1,1
1,1808.79,1408.27,1.284,13,0,0,0,0,1
0,876.15,1045.07,0.838,18,0,0,0,0,0
0,2568.58,470.19,5.463,14,0,0,1,1,1
1,7439.21,1923.51,3.868,11,0,0,1,1,1
0,724.8,705.37,1.028,17,0,0,0,0,0
0,246.31,777.89,0.317,13,0,0,0,0,0
0,4510.59,1232.36,3.66,9,0,0,1,1,1
1,2756.39,882.34,3.124,7,0,1,1,0,1
0,421.47,9607.9,0.044,22,1,0,0,0,1
0,696.86,914.02,0.762,3,1,0,0,0,0
1,591.8,2201.28,0.269,17,0,0,1,0,0
1,704.94,1687.44,0.418,7,0,0,1,1,1
1,1187.03,2033.42,0.584,3,1,1,1,0,1
0,1278.56,2178.04,0.587,10,0,0,0,0,0
0,775.86,3272.22,0.237,4,1,0,1,0,0
1,674.78,1881.46,0.359,9,0,1,0,1,1
1,1342.89,1812.4,0.741,5,1,0,1,1,1
0,2248.46,1560.29,1.441,3,1,1,0,2,1
0,1198.49,1306.91,0.917,17,0,0,0,0,0
1,8154.03,651.57,12.514,20,0,1,0,0,1
1,3499.99,1401.39,2.498,16,0,1,0,0,1
0,228.58,1839.3,0.124,6,0,0,0,0,0
0,3571.88,2125.89,1.68,8,0,0,0,0,0
0,3972.72,1741.07,2.282,2,1,0,0,2,1
0,1027.46,1200.32,0.856,21,0,0,0,0,0
0,258.85,1406.17,0.184,8,0,0,1,0,0
0,1827.1,899.39,2.031,3,1,0,0,0,0
0,1790.01,1962.36,0.912,21,0,0,0,0,0
0,420.67,1213.16,0.347,18,0,0,0,0,0
0,274.08,1741.5,0.157,8,0,0,1,1,0
1,1613.53,3643.58,0.443,22,1,0,0,0,0
0,1335.42,781.78,1.708,22,1,0,0,0,0
0,1051.06,2532.66,0.415,19,0,0,0,0,0
1,1622.24,1525.21,1.064,5,1,0,0,0,0
0,431.12,9127.75,0.047,10,0,0,0,0,0
1,1027.35,1218.44,0.843,23,1,0,1,1,1
1,3616.72,2767.36,1.307,14,0,1,0,0,1
0,1147.15,1500.9,0.764,21,0,0,0,1,1
1,205.7,424.34,0.485,5,1,0,0,1,1
0,977.99,926.47,1.056,19,0,0,0,0,0
0,449.8,3269.6,0.138,23,1,0,0,1,0
0,2558.76,1002.82,2.552,9,0,1,0,2,1
0,2736.65,200.69,13.636,23,1,0,0,0,0
1,209.26,1439.05,0.145,21,0,0,0,1,1
0,4849.92,553.85,8.757,17,0,0,0,0,1
0,425.88,1666.76,0.256,15,0,1,0,1,1
0,13724.49,5979.14,2.295,3,1,0,0,1,0
0,1696.96,2958.72,0.574,19,0,0,0,0,0
0,357.7,5901.67,0.061,12,0,0,0,0,0
0,409.7,893.05,0.459,23,1,0,0,1,0
1,2842.74,1301.34,2.184,4,1,1,0,0,0
0,1087.14,578.25,1.88,19,0,0,0,1,0
1,1594.55,799.8,1.994,23,1,1,0,4,1
0,14714.88,642.78,22.893,18,0,0,0,0,0
1,728.5,456.66,1.595,17,0,0,1,1,0
1,1954.62,5060.76,0.386,19,0,0,0,0,1
0,11450.6,225.26,50.833,16,0,0,1,0,1
0,2570.02,5080.3,0.506,15,0,0,0,0,1
1,223.95,4543.5,0.049,0,1,1,0,1,0
0,3487.73,2321.14,1.503,20,0,0,0,0,0
1,398.65,542.91,0.734,0,1,0,0,0,1
0,11258.17,356.4,31.589,19,0,0,0,0,0
0,620.34,903.65,0.686,23,1,0,0,0,0
0,85850.47,2598.29,33.041,13,0,0,0,1,0
1,12180.47,1484.39,8.206,23,1,1,1,0,1
0,641.88,578.74,1.109,1,1,1,0,0,0
1,1855.7,4160.47,0.446,14,0,0,0,1,1
1,4816.19,6740.87,0.714,2,1,1,1,0,1
0,5007.83,1207.2,4.148,12,0,0,0,1,0
0,3213.25,1633.37,1.967,18,0,0,0,0,0
1,9207.8,380.71,24.186,0,1,0,0,0,1
0,1540.93,1019.48,1.511,12,0,0,0,0,0
1,1122.45,2343.49,0.479,14,0,0,0,1,0
0,1151.79,2037.28,0.565,15,0,0,0,1,0
0,5518.63,937.39,5.887,10,0,0,0,0,1
1,2906.59,1156.53,2.513,2,1,1,0,0,1
0,2640.36,989.81,2.668,7,0,0,0,0,0
0,5083.75,1152.15,4.412,5,1,0,0,1,0
0,125.67,2166.59,0.058,4,1,0,0,0,0
0,2705.63,251.95,10.739,14,0,0,0,1,0
0,2402.2,1384.49,1.735,8,0,0,0,0,0
1,15826.65,2028.35,7.803,22,1,0,1,1,1
0,247.85,885.86,0.28,21,0,0,0,0,0
0,13688.93,961.6,14.236,4,1,0,0,1,0
0,1994.27,986.98,2.021,20,0,0,0,0,0
0,3414.16,961.85,3.55,9,0,0,0,0,0
0,15973.63,1488.16,10.734,5,1,0,1,0,1
1,3748.04,1662.54,2.254,10,0,0,1,0,0
1,3042.63,223.53,13.612,3,1,0,0,0,1
0,2477.43,2664.02,0.93,19,0,0,0,1,1
0,964.37,1140.25,0.846,11,0,0,0,1,0
0,1742.3,8430.97,0.207,19,0,1,0,0,0
0,713.25,506.5,1.408,5,1,0,0,0,0
0,1706.27,678.18,2.516,0,1,0,0,1,0
0,86.77,1233.22,0.07,17,0,0,0,2,0
0,3158.18,2147.16,1.471,1,1,0,0,0,0
0,1543.4,255.78,6.034,4,1,0,0,1,1
0,1167.87,701.91,1.664,15,0,0,1,1,0
1,2405.91,2520.44,0.955,11,0,1,1,1,1
0,280.44,630.61,0.445,11,0,0,0,2,0
0,22204.52,5079.78,4.371,10,0,0,0,0,0
0,1581.93,983.88,1.608,19,0,0,0,0,0
0,1495.78,658.89,2.27,18,0,0,0,0,0
1,515.42,2563.73,0.201,20,0,1,1,0,1
0,1865.21,6290.88,0.296,6,0,1,1,0,1
0,10971.41,2153.3,5.095,1,1,1,0,2,1
0,6951.35,4602.65,1.51,5,1,0,0,0,1
1,5490.47,6694.03,0.82,3,1,1,0,1,1
0,3678.71,645.69,5.697,1,1,0,0,1,0
0,1134.44,3444.56,0.329,16,0,0,0,1,0
0,274.46,375.73,0.73,7,0,0,0,0,0
0,1392.21,2169.85,0.642,4,1,0,0,0,0
0,1330.58,1388.27,0.958,9,0,0,0,0,0
0,7068.71,4530.81,1.56,15,0,0,1,1,1
0,2703.24,4251.5,0.636,1,1,0,0,0,0
1,14705.91,2472.05,5.949,23,1,1,0,0,1
0,8576.1,1936.4,4.429,18,0,0,0,0,0
0,998.8,2339.12,0.427,6,0,0,0,2,0
0,175.27,1564.93,0.112,1,1,0,0,1,0
1,10951.68,1400.98,7.817,12,0,0,0,1,1
0,10585.08,5422.54,1.952,22,1,0,0,1,0
1,306.1,6042.67,0.051,3,1,1,0,1,1
0,12861.74,1303.11,9.87,15,0,0,0,0,0
0,2971.29,1833.3,1.621,9,0,0,0,1,0
0,2228.07,1593.18,1.399,16,0,0,0,1,1
0,14753.24,347.05,42.51,20,0,0,0,0,1
1,10384.72,1093.58,9.496,13,0,0,0,0,0
1,4216.37,6246.23,0.675,11,0,0,0,0,0
0,3344.87,753.86,4.437,12,0,0,0,1,1
0,4029.16,9927.75,0.406,19,0,0,0,1,0
1,1074.84,4251.02,0.253,7,0,1,1,0,1
0,1683.06,2124.62,0.792,16,0,0,0,2,0
0,559.47,2452.24,0.228,17,0,0,0,0,0
0,1172.68,648.4,1.809,20,0,0,0,0,0
0,1122.57,1165.95,0.963,9,0,0,0,1,0
0,791.64,5416.79,0.146,12,0,0,0,0,0
0,2159.8,851.44,2.537,1,1,0,0,0,1
0,1186.57,3846.88,0.308,16,0,0,0,0,0
0,3473.46,428.66,8.103,5,1,0,0,0,1
0,219.42,503.54,0.436,11,0,0,0,1,0
0,1560.31,8194.73,0.19,12,0,0,0,1,0
1,2145.26,1464.61,1.465,3,1,0,0,0,1
0,1207.35,911.74,1.324,14,0,0,0,0,0
0,1445.04,5046.58,0.286,15,0,0,0,0,0
1,230.25,4542.53,0.051,20,0,0,0,0,0
1,2873.89,3390.32,0.848,18,0,0,1,0,1
0,4196.0,886.33,4.734,14,0,0,0,1,1
0,3434.4,1143.41,3.004,5,1,0,0,1,1
1,6976.8,1959.54,3.56,19,0,1,1,0,1
1,2349.57,2765.45,0.85,5,1,0,1,2,1
1,3368.71,936.7,3.596,4,1,0,0,0,1
1,2214.8,1726.18,1.283,1,1,1,0,0,1
0,4419.65,1883.06,2.347,19,0,1,0,0,0
0,232.67,4713.06,0.049,1,1,0,0,0,0
0,565.86,2919.07,0.194,4,1,0,0,0,1
0,14228.03,381.41,37.304,2,1,0,0,0,1
0,73.81,1221.38,0.06,5,1,0,0,0,1
0,1506.84,641.68,2.348,10,0,0,0,1,0
0,8299.56,2468.28,3.362,4,1,0,0,0,0
1,1601.6,3397.65,0.471,17,0,1,1,0,1
0,1067.94,1621.98,0.658,13,0,0,0,0,0
0,2139.33,1162.92,1.84,9,0,0,0,2,0
0,1142.47,1575.38,0.725,23,1,0,0,0,0
0,1882.03,1786.52,1.053,21,0,0,0,1,0
1,743.68,832.06,0.894,2,1,0,0,0,0
0,7640.95,494.31,15.458,15,0,0,1,0,1
1,11501.63,233.9,49.173,15,0,1,1,0,1
0,1520.19,4630.7,0.328,10,0,0,0,0,1
0,298.14,2313.99,0.129,3,1,0,0,0,0
0,915.07,2051.36,0.446,10,0,0,0,0,0
0,1423.42,4622.44,0.308,7,0,0,0,0,0
1,3488.41,478.22,7.295,15,0,0,0,1,1
0,487.64,310.42,1.571,22,1,0,0,0,0
1,665.2,2091.86,0.318,7,0,0,0,0,0
0,3511.78,1927.43,1.822,8,0,0,0,1,0
1,6127.74,311.63,19.664,13,0,1,1,0,1
0,805.87,2045.85,0.394,7,0,0,0,0,1
1,319.52,1032.56,0.309,23,1,0,0,1,0
0,129230.6,715.96,180.5,15,0,0,0,0,0
0,5005.51,1096.54,4.565,21,0,0,1,0,0
0,1277.8,164.45,7.77,1,1,0,0,0,0
1,5595.63,869.37,6.436,22,1,1,0,0,1
0,1537.95,785.35,1.958,19,0,0,0,0,1
0,5582.01,2444.0,2.284,18,0,0,0,0,0
1,2224.33,1283.82,1.733,19,0,1,0,0,1
0,2035.82,2630.64,0.774,19,0,0,0,0,1
0,1559.85,149.22,10.453,18,0,0,0,1,0
0,275.45,695.63,0.396,18,0,1,0,0,1
0,22460.72,2441.57,9.199,17,0,0,0,0,0
1,531.66,1121.05,0.474,12,0,1,0,0,1
1,308.58,3168.19,0.097,16,0,0,1,0,1
0,1370.98,291.74,4.699,0,1,0,0,1,1
1,518.06,2858.35,0.181,20,0,0,0,2,0
0,1690.49,832.78,2.03,4,1,0,0,1,1
0,4420.88,763.13,5.793,19,0,0,0,0,0
0,6593.86,3611.73,1.826,20,0,0,0,1,0
0,5214.25,4212.08,1.238,12,0,0,0,0,0
0,1215.22,3756.45,0.324,5,1,0,0,0,0
1,1928.45,9272.22,0.208,9,0,0,0,0,1
1,3072.49,4629.13,0.664,22,1,0,0,1,1
0,183.99,723.5,0.254,8,0,0,0,0,0
0,3796.22,1681.56,2.258,5,1,0,0,0,1
1,271.92,1070.44,0.254,0,1,0,0,0,0
1,25653.89,9192.85,2.791,23,1,1,1,0,1
1,1068.63,4001.33,0.267,17,0,1,0,1,1
0,1421.78,1248.89,1.138,22,1,0,0,1,0
1,664.73,3262.08,0.204,6,0,1,0,0,0
0,797.15,488.34,1.632,9,0,0,1,1,1
0,34763.44,1854.25,18.748,11,0,0,0,0,0
0,6139.39,636.43,9.647,20,0,0,0,0,1
0,241.3,323.85,0.745,23,1,0,0,0,0
0,12777.96,2999.15,4.261,14,0,0,0,0,0
0,8528.89,3353.41,2.543,16,0,1,0,0,1
0,1254.41,2233.87,0.562,2,1,0,0,0,0
1,2693.79,1255.55,2.146,14,0,0,1,0,1
0,1773.26,473.56,3.745,0,1,1,0,0,1
0,23490.56,520.5,45.131,10,0,0,0,1,0
0,642.15,618.72,1.038,23,1,0,0,1,0
1,2185.97,1199.54,1.822,5,1,1,1,1,1
0,1036.3,3899.33,0.266,15,0,1,0,0,1
0,280.63,3844.37,0.073,20,0,1,0,0,1
0,31229.85,335.72,93.024,11,0,0,0,0,0
1,389.15,793.21,0.491,21,0,0,0,0,0
1,2407.08,774.22,3.109,20,0,1,1,0,1
0,188.12,151.65,1.24,14,0,0,0,0,0
0,1076.22,2463.92,0.437,17,0,0,0,0,0
1,3129.28,1186.14,2.638,9,0,1,0,0,1
0,618.84,1336.98,0.463,21,0,0,1,0,0
0,3877.1,4970.54,0.78,11,0,0,0,0,0
0,1274.42,1602.75,0.795,19,0,0,1,0,1
0,8169.04,1004.6,8.132,18,0,0,0,0,0
0,10617.82,2477.16,4.286,4,1,0,0,1,1
0,843.22,3839.07,0.22,17,0,0,0,1,0
0,1997.7,1932.99,1.033,18,0,0,0,0,0
1,2295.01,2752.52,0.834,22,1,1,1,0,1
0,4044.67,1298.53,3.115,11,0,0,1,0,1
1,1842.16,1375.16,1.34,0,1,1,1,1,1
0,2315.25,1638.8,1.413,1,1,0,0,0,0
0,1317.61,751.59,1.753,2,1,0,0,0,0
0,2100.25,887.8,2.366,11,0,0,0,0,0
1,9772.45,5115.81,1.91,13,0,1,1,0,1
1,4187.71,9019.65,0.464,6,0,0,0,1,0
0,4499.1,6204.18,0.725,3,1,0,0,0,0
1,4628.52,449.92,10.287,11,0,0,0,1,1
0,1480.37,412.46,3.589,23,1,0,0,1,0
1,2736.61,506.92,5.399,7,0,1,1,0,1
1,441.1,1670.62,0.264,0,1,0,0,1,0
1,9409.26,118.17,79.625,4,1,1,1,1,1
0,50.0,871.38,0.057,0,1,0,1,1,0
0,1614.38,5252.13,0.307,14,0,0,0,2,1
0,7967.81,3583.86,2.223,12,0,0,0,0,0
0,307.04,936.19,0.328,22,1,0,0,0,0
0,3040.31,1002.23,3.034,12,0,0,0,0,0
0,746.21,2466.41,0.303,3,1,0,1,1,0
0,1119.41,3434.9,0.326,14,0,0,0,0,0
0,6184.02,916.15,6.75,11,0,0,0,1,1
0,2338.99,1198.79,1.951,7,0,0,0,0,0
0,128.42,889.44,0.144,15,0,0,0,0,0
1,508.08,446.65,1.138,11,0,0,1,0,1
0,6424.9,1214.67,5.289,23,1,0,0,0,0
0,3240.96,1134.18,2.858,5,1,0,0,1,0
1,17545.91,476.0,36.861,22,1,0,1,1,1
0,16113.97,2647.77,6.086,14,0,0,0,0,0
0,1158.73,2286.98,0.507,6,0,0,0,0,0
0,46826.71,2768.74,16.913,4,1,0,0,0,1
0,1866.51,741.55,2.517,22,1,0,0,0,1
1,517.25,248.34,2.083,14,0,0,0,1,0
0,793.35,2254.31,0.352,11,0,0,0,0,0
0,96.18,814.28,0.118,10,0,0,0,0,0
0,14605.08,664.08,21.993,3,1,0,0,0,1
0,14374.21,477.54,30.101,12,0,0,0,0,0
1,482.91,1155.41,0.418,17,0,0,1,0,1
0,1344.46,6121.7,0.22,7,0,0,0,1,0
0,2047.33,939.26,2.18,6,0,1,0,0,0
0,518.81,555.12,0.935,21,0,1,0,1,1
0,184.63,2661.75,0.069,22,1,0,0,0,0
0,1375.45,1729.4,0.795,15,0,0,0,0,1
1,1191.06,219.78,5.419,2,1,1,0,0,1
1,1091.24,2686.81,0.406,21,0,1,0,1,1
1,2415.18,10052.95,0.24,15,0,0,0,0,0
1,11595.54,142.53,81.355,15,0,0,0,0,1
0,1219.24,486.81,2.505,6,0,0,0,0,0
0,2256.51,114.01,19.792,22,1,1,0,1,1
1,4651.44,1383.3,3.363,12,0,1,0,0,1
1,3715.94,3609.58,1.029,12,0,0,0,0,0
1,813.42,1627.74,0.5,20,0,1,1,0,1
0,2049.38,5181.22,0.396,18,0,0,0,2,0
0,3684.17,3125.96,1.179,17,0,0,0,1,0
1,417.02,6849.51,0.061,6,0,1,0,1,1
1,9345.04,4205.67,2.222,19,0,1,1,0,1
1,11626.77,1030.04,11.288,17,0,1,0,0,1
0,706.54,1571.92,0.449,23,1,0,0,0,0
0,2325.69,677.35,3.434,17,0,0,0,0,0
0,4167.04,1202.8,3.464,21,0,1,0,2,1
1,889.54,1565.01,0.568,3,1,0,0,0,0
0,3381.58,1371.39,2.466,8,0,0,0,1,0
0,2235.53,4954.38,0.451,20,0,0,1,0,0
1,268.19,1099.76,0.244,15,0,0,0,1,0
0,3284.3,639.78,5.133,3,1,0,0,1,0
1,432.6,676.78,0.639,7,0,0,0,0,0
0,6130.08,2669.35,2.296,2,1,0,0,0,0
1,755.53,418.71,1.804,8,0,1,1,1,1
0,1466.05,1235.13,1.187,7,0,0,0,1,0
1,10764.0,4889.03,2.202,11,0,1,0,0,1
1,3447.13,1926.27,1.79,13,0,0,0,0,1
0,444.38,1384.17,0.321,23,1,0,0,0,0
0,483.29,1433.22,0.337,9,0,0,0,0,0
0,829.57,586.04,1.416,20,0,0,0,0,0
0,3020.08,684.42,4.413,16,0,0,0,1,0
1,2880.7,1241.82,2.32,10,0,1,0,0,1
0,604.24,1889.65,0.32,9,0,0,0,0,0
0,396.48,3474.95,0.114,12,0,0,0,0,0
0,2607.27,1608.9,1.621,1,1,0,0,0,0
1,1427.36,5001.52,0.285,0,1,0,1,0,1
1,29863.15,6277.19,4.757,21,0,0,0,0,1
0,1896.16,3028.25,0.626,0,1,0,0,0,0
0,19120.74,4458.12,4.289,15,0,0,0,2,0
0,394.85,606.9,0.651,9,0,0,0,0,0
0,233.88,526.22,0.444,9,0,0,0,1,0
0,421.53,2359.43,0.179,6,0,0,1,0,0
0,8483.42,442.71,19.162,6,0,0,0,0,1
0,17728.56,1139.87,15.553,0,1,0,0,0,1
0,654.04,2963.34,0.221,12,0,0,0,0,0
0,993.53,5281.87,0.188,4,1,0,0,0,0
0,395.57,1177.57,0.336,2,1,0,0,2,0
0,171.55,824.73,0.208,12,0,0,0,0,0
1,4600.57,1975.18,2.329,11,0,1,1,0,1
1,2416.14,563.3,4.289,17,0,0,0,0,0
0,1832.86,1266.55,1.447,4,1,0,1,0,0
0,292.93,1469.68,0.199,4,1,0,0,0,0
1,15244.04,1443.48,10.561,1,1,0,1,0,1
1,939.77,1603.03,0.586,5,1,0,0,0,0
0,3618.14,698.5,5.18,6,0,0,1,0,1
0,272.89,769.47,0.355,0,1,0,0,0,0
0,1411.37,755.66,1.868,2,1,0,0,1,1
0,2640.67,344.44,7.667,19,0,0,0,0,0
0,2766.11,2013.54,1.374,1,1,1,0,0,1
0,2210.65,3311.62,0.668,9,0,0,0,0,0
0,3438.8,3031.09,1.135,10,0,0,0,0,1
0,415.85,1168.82,0.356,20,0,0,0,0,0
0,2336.91,713.44,3.276,12,0,0,0,0,0
0,2096.21,2892.52,0.725,15,0,0,0,0,0
0,2443.47,2630.77,0.929,19,0,0,0,1,1
0,1986.34,1800.25,1.103,10,0,0,0,1,0
0,345.44,7114.43,0.049,17,0,0,0,0,0
1,325.99,1445.51,0.226,10,0,0,1,0,1
0,101.64,1174.74,0.087,0,1,0,0,0,0
1,5233.29,1032.94,5.066,23,1,0,1,1,1
1,5302.61,363.29,14.596,17,0,0,1,0,1
0,5413.31,2684.38,2.017,19,0,0,1,0,1
0,2694.12,1346.23,2.001,4,1,0,0,0,0
0,112.95,2342.42,0.048,1,1,0,1,1,1
1,475.93,7767.4,0.061,17,0,1,1,0,1
1,2256.43,1041.4,2.167,21,0,1,0,2,1
1,2156.35,180.51,11.946,6,0,0,0,2,1
0,1353.47,2282.36,0.593,21,0,0,0,1,0
0,2920.74,1720.16,1.698,10,0,0,0,2,0
0,1835.64,765.7,2.397,10,0,0,0,0,1
0,2115.41,2116.54,0.999,12,0,0,0,0,0
0,787.78,3003.36,0.262,3,1,0,0,1,0
0,6480.9,631.47,10.263,0,1,0,0,1,0
1,1032.77,1128.68,0.915,17,0,0,0,2,0
0,320.59,5591.92,0.057,11,0,0,0,0,0
0,663.61,773.2,0.858,9,0,0,0,1,1
0,1149.4,1571.84,0.731,21,0,1,0,0,1
1,6582.72,139.5,47.188,7,0,0,1,1,1
1,1711.37,390.08,4.387,2,1,1,1,0,1
0,1419.43,1705.76,0.832,6,0,0,0,1,0
0,356.64,4470.2,0.08,19,0,0,0,1,0
0,5019.71,434.49,11.553,10,0,0,0,0,0
1,774.69,1583.05,0.489,6,0,0,0,1,0
0,1587.58,1055.59,1.504,6,0,0,0,0,0
0,12384.96,3490.43,3.548,8,0,0,0,1,0
0,3503.06,494.71,7.081,2,1,0,0,0,0
0,217.73,2179.98,0.1,10,0,0,0,3,0
1,181.21,821.95,0.22,16,0,1,0,0,1
0,1663.03,1809.37,0.919,7,0,0,0,0,0
0,373.69,1575.04,0.237,19,0,0,0,0,0
0,4201.14,1180.15,3.56,1,1,0,0,0,0
0,1910.16,2275.67,0.839,20,0,0,0,1,0
1,2241.72,1539.61,1.456,19,0,0,0,1,1
0,721.43,1313.53,0.549,0,1,0,1,0,0
1,17392.58,1074.09,16.193,15,0,1,0,0,1
1,72792.76,1587.38,45.857,22,1,1,0,0,1
0,1258.71,1807.75,0.696,3,1,0,0,0,0
0,2861.07,607.76,4.708,23,1,1,0,1,1
0,2052.15,1080.82,1.899,8,0,0,0,0,0
1,1290.01,572.68,2.253,7,0,1,1,1,1
0,612.97,1428.16,0.429,0,1,0,0,1,0
0,441.22,868.62,0.508,7,0,0,0,0,0
0,413.11,2962.25,0.139,4,1,0,0,1,0
1,3061.96,2712.03,1.129,0,1,1,0,0,1
0,920.05,645.18,1.426,6,0,0,0,0,0
0,63.32,1477.23,0.043,14,0,0,0,0,0
0,3223.8,2629.8,1.226,6,0,0,0,0,0
0,1720.31,1264.24,1.361,0,1,0,0,0,0
1,10411.59,768.63,13.546,8,0,0,0,0,1
0,2936.75,553.82,5.303,0,1,0,0,1,1
1,264.47,3193.4,0.083,11,0,1,0,0,1
0,99.63,3335.71,0.03,6,0,0,0,1,0
0,709.59,1227.64,0.578,8,0,0,0,0,0
0,802.2,2949.89,0.272,4,1,0,0,0,1
0,6161.69,102.65,60.026,11,0,0,0,1,1
0,1787.31,4889.27,0.366,21,0,0,0,0,0
0,7893.5,1285.3,6.141,1,1,0,0,1,1
0,323.02,1681.76,0.192,17,0,0,1,0,0
0,6341.33,1109.36,5.716,8,0,0,0,1,0
0,4616.01,5198.56,0.888,0,1,0,0,1,0
1,131.14,569.83,0.23,9,0,0,0,0,0
0,10091.04,5580.39,1.808,13,0,0,0,1,0
0,2041.61,2114.65,0.965,20,0,0,0,0,0
0,3009.89,2592.55,1.161,13,0,1,0,1,1
1,587.36,1100.72,0.534,6,0,1,0,0,1
1,9488.36,456.05,20.806,11,0,0,0,0,1
0,386.99,3420.22,0.113,21,0,0,0,1,0
1,5333.27,1959.15,2.722,21,0,0,0,1,1
0,5254.24,5041.51,1.042,5,1,0,0,0,1
0,509.58,1243.4,0.41,12,0,0,0,4,1
1,23822.5,1015.05,23.469,7,0,1,0,0,1
1,2443.01,5163.03,0.473,22,1,1,1,0,1
0,4230.44,8272.61,0.511,20,0,0,0,2,0
1,248.33,1492.81,0.166,1,1,1,1,0,1
0,28368.91,751.84,37.733,9,0,0,0,1,0
1,368.0,3070.14,0.12,5,1,1,1,1,1
0,6852.39,1177.77,5.818,15,0,0,0,0,0
0,496.11,2538.52,0.195,9,0,0,0,0,0
0,808.61,1172.22,0.69,14,0,0,0,0,0
0,5041.1,6048.78,0.833,20,0,0,0,0,0
0,6876.18,788.76,8.718,19,0,0,0,0,0
0,346.31,2281.25,0.152,9,0,0,0,0,0
0,7462.26,953.53,7.826,10,0,0,0,0,1
0,7033.75,1149.0,6.122,20,0,0,0,0,0
0,534.14,1021.63,0.523,1,1,0,0,0,0
0,14447.0,2877.7,5.02,21,0,0,0,0,0
0,272.08,3383.03,0.08,9,0,0,0,0,0
1,802.55,2445.4,0.328,20,0,0,0,0,0
1,3370.12,1343.21,2.509,11,0,0,0,0,0
1,596.07,1679.35,0.355,10,0,1,0,0,1
0,2547.75,3320.76,0.767,21,0,0,0,0,0
1,2473.52,3416.53,0.724,14,0,1,0,0,0
0,1417.72,131.47,10.784,3,1,0,1,0,1
0,5335.41,1158.64,4.605,4,1,0,0,0,1
0,1343.63,1209.75,1.111,23,1,0,0,0,0
1,2443.05,2703.57,0.904,0,1,1,0,0,0
0,8025.77,1393.96,5.758,0,1,0,0,1,0
0,5053.78,2827.83,1.787,9,0,0,0,1,0
0,5023.2,560.71,8.959,3,1,0,0,0,1
1,405.88,1870.66,0.217,12,0,0,1,0,1
0,3576.82,3328.19,1.075,13,0,0,0,0,0
0,577.06,392.7,1.469,18,0,0,0,0,0
0,341.78,14218.21,0.024,4,1,0,0,0,0
0,1647.12,4323.4,0.381,10,0,0,0,0,1
0,558.03,1482.1,0.377,7,0,0,0,0,0
0,5053.33,702.35,7.195,0,1,0,0,1,0
1,5212.92,1264.49,4.123,4,1,1,1,0,1
0,152.41,1596.27,0.095,20,0,0,0,0,0
0,615.98,2200.84,0.28,17,0,0,1,1,0
0,271.04,5713.54,0.047,12,0,0,0,0,0
0,990.87,964.41,1.027,4,1,0,0,0,0
0,3267.33,2456.37,1.33,23,1,0,1,0,1
0,1319.52,462.58,2.853,6,0,0,0,0,0
0,839.93,1020.21,0.823,11,0,0,0,2,1
1,9800.9,2077.76,4.717,1,1,0,1,3,1
0,90.35,2757.66,0.033,12,0,0,0,0,0
0,9026.62,751.51,12.011,13,0,0,0,0,0
1,891.07,995.54,0.895,5,1,0,1,1,1
0,1633.46,5511.0,0.296,15,0,0,0,0,0
1,910.9,4212.1,0.216,9,0,0,1,0,1
0,13436.83,1785.78,7.524,10,0,0,0,0,1
0,364.94,197.75,1.845,0,1,0,0,0,0
1,1835.84,14186.12,0.129,14,0,0,1,0,1
0,3589.15,1453.98,2.469,15,0,0,0,1,0
0,222.67,1117.32,0.199,9,0,0,0,0,0
1,546.83,925.08,0.591,9,0,0,1,0,1
0,1491.25,2077.1,0.718,2,1,0,0,0,0
0,570.97,2096.29,0.272,10,0,0,0,0,0
0,626.24,3482.71,0.18,10,0,0,0,0,0
1,1147.31,643.26,1.784,15,0,0,0,0,0
1,4206.79,1117.39,3.765,5,1,1,1,0,1
0,1158.02,9204.9,0.126,8,0,0,0,0,0
0,7346.31,1811.9,4.054,0,1,0,0,0,1
1,494.19,1267.41,0.39,5,1,1,1,1,1
0,355.14,634.31,0.56,17,0,0,0,1,0
0,22120.26,2334.0,9.477,12,0,0,0,0,0
1,768.66,3744.02,0.205,1,1,0,0,1,1
1,328.92,3252.34,0.101,18,0,1,0,0,1
1,187.79,1172.72,0.16,1,1,0,1,0,1
0,7314.65,2049.04,3.57,3,1,0,0,0,0
0,1160.15,6664.12,0.174,3,1,0,0,0,0
0,1300.08,3880.79,0.335,9,0,0,0,0,0
0,1470.03,730.88,2.011,16,0,0,0,0,0
0,6746.81,149.69,45.072,23,1,0,0,2,1
1,1431.69,1933.52,0.74,15,0,0,1,0,1
0,38073.35,3037.26,12.535,20,0,0,0,0,1
1,2151.43,555.41,3.874,7,0,1,0,0,0
0,7189.09,1468.64,4.895,5,1,0,0,0,0
0,5150.31,1167.56,4.411,1,1,0,0,1,1
0,1724.37,1625.97,1.061,22,1,0,0,0,1
0,842.98,906.67,0.93,14,0,0,0,0,0
0,2783.75,4728.96,0.589,22,1,0,0,0,0
1,3509.15,1691.16,2.075,10,0,0,0,1,0
1,858.89,671.08,1.28,20,0,1,1,0,1
0,2244.51,3380.29,0.664,15,0,1,0,0,1
0,9018.8,474.49,19.007,3,1,0,0,0,0
1,26660.33,4703.42,5.668,10,0,0,0,0,1
0,5489.98,3611.77,1.52,13,0,0,0,0,0
0,20365.3,5170.88,3.938,7,0,0,0,0,0
0,797.76,1283.8,0.621,5,1,0,0,0,0
1,4502.76,947.19,4.754,20,0,0,0,0,1
0,10301.81,1596.58,6.452,22,1,0,0,0,1
0,563.84,1371.98,0.411,18,0,0,0,0,0
1,961.73,822.66,1.169,3,1,0,1,2,1
0,17314.1,899.41,19.251,3,1,0,1,0,1
0,508.96,1064.5,0.478,23,1,0,0,0,0
0,316.25,516.46,0.612,5,1,0,0,1,0
1,13178.95,2724.85,4.837,10,0,0,1,1,1
0,8568.02,1412.24,6.067,0,1,0,0,0,0
1,3170.85,1121.54,2.827,1,1,0,1,0,1
0,1703.73,544.94,3.126,8,0,0,0,0,0
0,1022.41,520.96,1.963,15,0,0,0,0,1
1,2608.51,8453.39,0.309,5,1,0,0,1,1
0,14097.45,841.74,16.748,22,1,0,0,0,1
0,2465.47,2564.39,0.961,8,0,1,0,0,1
0,30243.82,1713.63,17.649,18,0,0,0,1,1
0,562.66,121.79,4.62,4,1,0,0,1,0
0,1762.37,7429.44,0.237,20,0,0,0,1,0
0,1113.23,2739.9,0.406,9,0,0,0,0,0
0,441.12,741.81,0.595,6,0,0,0,1,0
1,1481.77,1442.99,1.027,1,1,1,1,0,1
0,3110.47,526.23,5.911,19,0,0,0,1,0
1,3574.21,7658.71,0.467,3,1,0,0,1,1
0,30381.46,654.0,46.455,7,0,0,0,0,0
0,3307.04,924.47,3.577,2,1,0,0,0,0
0,8064.1,767.7,10.504,1,1,0,0,0,0
0,1970.26,1591.36,1.238,8,0,0,0,1,0
0,16018.06,5081.11,3.152,10,0,0,1,0,0
1,40863.15,7408.9,5.515,3,1,1,0,1,1
1,3606.2,1033.7,3.489,8,0,0,0,0,1
1,497.47,2080.64,0.239,5,1,0,1,1,1
0,885.86,1593.54,0.556,0,1,0,0,0,0
1,2608.46,611.89,4.263,2,1,0,1,0,1
0,3272.95,13099.12,0.25,6,0,0,0,0,1
0,4482.57,5046.67,0.888,8,0,0,0,0,0
1,3288.73,1754.97,1.874,7,0,1,0,1,1
0,1824.53,6146.81,0.297,20,0,0,0,0,0
0,790.72,4406.76,0.179,12,0,0,0,0,0
0,3045.68,1593.48,1.911,23,1,0,0,0,0
0,20160.56,1984.99,10.157,17,0,0,0,0,0
1,6808.36,5772.81,1.179,18,0,0,1,0,0
0,3623.21,631.73,5.735,23,1,1,0,0,1
1,6894.21,6676.32,1.033,8,0,1,0,0,1
0,1116.12,1208.82,0.923,23,1,0,0,0,0
0,933.79,5838.38,0.16,19,0,0,0,2,0
0,683.95,1473.35,0.464,5,1,0,0,0,0
0,1536.29,2005.89,0.766,20,0,0,1,1,0
0,1044.6,1435.29,0.728,11,0,0,0,0,0
1,8697.21,917.21,9.482,3,1,0,0,1,1
1,974.65,1160.9,0.84,8,0,0,0,0,0
1,636.8,5121.49,0.124,9,0,1,0,1,1
1,22591.98,184.43,122.496,2,1,0,1,0,1
1,1005.47,485.38,2.072,16,0,1,0,1,1
0,2207.44,770.53,2.865,6,0,1,1,1,1
1,3251.01,560.87,5.796,7,0,0,0,0,0
0,412.53,5761.66,0.072,10,0,0,0,0,0
0,9010.35,4591.26,1.963,12,0,1,0,0,0
0,4139.19,2522.05,1.641,2,1,0,0,0,0
0,13710.25,833.79,16.443,18,0,0,0,0,0
0,747.71,4922.38,0.152,13,0,0,0,1,0
1,2056.71,354.49,5.802,21,0,0,0,1,1
0,1902.95,10175.97,0.187,15,0,0,0,0,0
0,2547.98,799.38,3.187,14,0,0,0,1,0
0,272.87,1169.31,0.233,1,1,0,0,0,1
0,2088.26,1005.85,2.076,5,1,0,0,1,1
0,283.04,563.52,0.502,20,0,0,0,1,0
0,2880.83,8371.61,0.344,6,0,0,0,1,0
0,113.61,3010.93,0.038,8,0,0,0,1,0
0,162.87,4420.13,0.037,8,0,0,0,0,0
1,5240.19,492.11,10.648,16,0,0,0,0,1
1,888.12,1742.1,0.51,22,1,1,0,0,1
0,500.59,2365.93,0.212,2,1,0,0,0,0
0,9434.22,1888.77,4.995,3,1,1,0,0,1
0,2768.09,520.96,5.313,1,1,0,0,0,1
1,5617.92,3896.95,1.442,0,1,1,1,1,1
0,1456.64,1651.43,0.882,9,0,0,0,0,0
0,58895.34,626.74,93.971,2,1,0,0,1,0
1,823.97,278.74,2.956,9,0,0,0,1,1
0,17463.08,2555.49,6.834,8,0,0,0,1,1
0,1669.41,13432.2,0.124,16,0,0,0,1,0
0,210.43,593.64,0.354,14,0,0,0,2,0
1,3387.01,1725.72,1.963,2,1,0,1,1,1
1,2722.19,4021.65,0.677,20,0,1,0,0,1
1,460.95,472.16,0.976,2,1,0,1,0,1
0,545.18,961.06,0.567,3,1,0,0,0,0
0,1750.91,682.56,2.565,3,1,0,1,0,1
1,2848.85,3591.08,0.793,16,0,0,0,0,0
1,72.83,4880.34,0.015,5,1,0,0,0,0
0,7108.58,1708.09,4.162,10,0,0,0,1,0
1,950.66,693.98,1.37,11,0,1,0,0,1
0,320.13,993.75,0.322,22,1,0,0,0,0
0,6144.95,839.29,7.322,6,0,0,0,0,1
0,1753.37,614.28,2.854,12,0,0,0,1,0
0,8786.88,1350.41,6.507,5,1,0,0,1,1
1,3194.99,2483.3,1.287,22,1,0,0,2,0
0,1804.49,2301.31,0.784,2,1,0,0,1,0
0,1482.45,1469.37,1.009,20,0,0,0,0,0
1,3386.41,1558.3,2.173,13,0,0,0,1,1
1,1056.18,1375.54,0.768,13,0,0,0,0,0
0,596.84,460.59,1.296,22,1,0,0,0,0
0,3995.33,1709.78,2.337,9,0,0,0,0,0
0,1498.42,875.45,1.712,4,1,0,0,1,1
0,1888.69,440.27,4.29,1,1,0,0,0,0
1,7451.67,2066.55,3.606,5,1,1,0,0,1
1,1559.25,853.58,1.827,22,1,1,0,1,1
0,1843.73,1817.07,1.015,10,0,0,0,0,0
0,829.2,3174.4,0.261,17,0,0,0,0,0
0,3165.17,629.41,5.029,23,1,0,1,1,1
1,2849.15,1608.26,1.772,20,0,1,0,0,1
0,5831.37,290.21,20.094,10,0,0,0,1,0
0,851.61,5879.81,0.145,23,1,0,0,1,0
0,997.09,435.65,2.289,14,0,0,0,1,0
0,5063.32,931.38,5.436,2,1,0,0,0,1
0,2509.6,4937.14,0.508,1,1,0,0,0,0
0,556.64,1198.62,0.464,6,0,0,0,0,0
1,9882.49,503.88,19.613,4,1,0,0,0,1
1,198.74,2812.32,0.071,20,0,1,0,0,1
1,5011.9,2755.84,1.819,12,0,1,1,1,1
0,349.05,837.26,0.417,7,0,0,1,1,0
0,20984.2,922.94,22.736,8,0,0,0,1,0
0,242.75,1000.38,0.243,7,0,0,0,1,0
0,8086.29,1228.66,6.581,9,0,0,0,0,0
1,1626.0,269.43,6.035,1,1,0,0,0,0
0,1122.62,1257.3,0.893,9,0,0,0,0,0
0,2300.81,7372.58,0.312,10,0,0,0,0,0
1,4111.2,660.92,6.22,22,1,0,0,0,1
1,557.96,875.55,0.637,10,0,0,0,0,0
0,626.08,510.17,1.227,4,1,0,1,1,1
0,4206.92,2568.16,1.638,13,0,0,0,0,0
0,196.46,4371.57,0.045,22,1,1,0,1,1
0,845.99,4282.47,0.198,2,1,1,0,0,1
0,94173.4,481.44,195.608,19,0,0,0,0,0
0,513.67,2321.14,0.221,22,1,1,0,0,0
1,8039.67,5379.63,1.494,1,1,0,0,0,1
0,844.09,2341.85,0.36,17,0,0,0,2,0
0,3504.34,2276.9,1.539,0,1,0,0,0,0
0,4232.98,968.28,4.372,0,1,0,0,0,0
0,7845.09,1804.61,4.347,16,0,0,0,0,0
1,1393.63,4503.84,0.309,5,1,0,0,0,0
0,23993.78,1989.0,12.063,12,0,0,0,0,0
0,840.39,481.33,1.746,20,0,0,0,0,0
0,2451.58,981.97,2.497,23,1,0,0,0,0
1,2487.07,4395.57,0.566,20,0,0,0,0,0
0,420.5,1982.81,0.212,0,1,0,0,0,0
1,1246.84,1647.73,0.757,23,1,1,0,0,1
0,2230.47,899.09,2.481,5,1,0,0,0,0
0,1030.96,4314.51,0.239,7,0,0,0,0,0
0,43182.96,6608.89,6.534,12,0,0,0,1,0
1,607.77,4614.09,0.132,1,1,1,0,2,1
1,8377.06,5422.61,1.545,7,0,0,0,1,0
0,5504.92,1071.87,5.136,21,0,0,0,0,0
0,1775.75,943.74,1.882,0,1,0,0,1,0
0,587.12,1286.0,0.457,12,0,0,1,0,1
0,665.99,1532.59,0.435,0,1,0,0,0,0
0,922.09,5366.43,0.172,9,0,0,0,0,0
1,177.42,4227.21,0.042,4,1,1,0,0,1
1,490.53,2403.36,0.204,22,1,0,1,0,1
0,263.16,408.27,0.645,19,0,0,0,0,0
0,10400.79,324.01,32.1,12,0,0,0,1,0
1,4040.0,1837.97,2.198,4,1,0,1,0,1
1,5022.92,3268.99,1.537,9,0,0,1,0,1
0,3887.34,1378.0,2.821,2,1,1,1,0,1
0,2246.34,8295.05,0.271,1,1,1,1,0,1
0,12074.9,558.81,21.608,1,1,0,0,0,0
0,817.3,498.94,1.638,4,1,0,0,1,1
0,2076.98,814.15,2.551,3,1,0,0,1,0
0,4775.13,786.77,6.069,1,1,0,0,0,1
0,324.55,2377.15,0.137,20,0,0,0,0,0
0,101272.03,1012.79,99.993,8,0,0,0,0,1
0,1876.45,367.58,5.105,23,1,0,0,1,0
0,2174.57,3302.45,0.658,8,0,0,0,0,0
1,9264.47,303.7,30.505,8,0,1,1,0,1
1,5939.87,564.48,10.523,23,1,1,1,1,1
0,1899.8,343.63,5.529,3,1,1,0,1,1
0,2141.3,1783.64,1.201,7,0,1,0,1,0
1,255.85,1750.13,0.146,17,0,0,1,0,1
0,877.08,8306.63,0.106,8,0,0,0,1,0
0,3541.74,3369.25,1.051,2,1,0,0,0,0
0,3219.76,5418.0,0.594,5,1,0,0,0,0
0,8844.19,1919.36,4.608,22,1,0,0,0,1
0,1545.88,614.47,2.516,18,0,0,0,0,1
1,297.83,1661.2,0.179,4,1,1,0,0,1
0,7142.01,2522.94,2.831,16,0,0,1,0,1
0,11694.99,2788.97,4.193,18,0,0,0,1,0
1,5812.22,967.61,6.007,23,1,0,0,0,1
0,1461.58,2298.26,0.636,2,1,0,0,0,0
0,7028.31,639.24,10.995,7,0,0,0,0,1
0,155995.68,578.85,269.492,8,0,0,0,0,0
0,2100.01,542.29,3.872,21,0,0,0,0,0
0,328.57,1513.47,0.217,22,1,0,0,0,0
0,843.73,512.83,1.645,21,0,0,1,1,1
0,4077.01,1010.02,4.037,7,0,0,0,0,0
0,224.47,3336.32,0.067,13,0,0,0,0,0
0,2253.46,586.27,3.844,22,1,0,0,0,0
0,2964.42,940.22,3.153,9,0,0,0,0,0
0,13301.85,1578.88,8.425,16,0,0,0,1,0
0,9929.38,1848.63,5.371,2,1,0,0,1,1
0,5563.38,944.48,5.89,2,1,0,0,0,0
1,108.69,3005.42,0.036,2,1,0,0,0,1
0,5987.14,2518.47,2.377,3,1,1,0,0,1
0,4524.07,4129.33,1.096,16,0,0,1,0,1
1,2521.8,1375.48,1.833,13,0,1,1,0,1
0,190.7,933.05,0.204,1,1,0,0,0,0
0,658.65,800.82,0.822,11,0,0,0,0,0
1,396.68,1951.44,0.203,4,1,0,0,0,1
1,131.7,1054.22,0.125,21,0,0,0,0,0
0,1801.2,886.91,2.031,1,1,0,0,0,0
0,640.87,988.85,0.648,11,0,0,0,1,0
0,54879.62,800.05,68.595,8,0,0,0,1,1
1,1451.85,1770.68,0.82,22,1,0,1,1,1
0,9719.4,415.16,23.411,8,0,1,0,0,1
0,235.14,1944.41,0.121,19,0,0,0,0,0
1,907.67,2721.38,0.334,22,1,1,0,0,1
0,2050.76,877.62,2.337,0,1,0,0,0,0
1,555.24,8348.47,0.067,23,1,0,0,0,0
0,1044.34,1503.96,0.694,6,0,1,0,1,0
0,1361.94,363.14,3.75,22,1,0,0,1,0
0,1333.98,1149.27,1.161,17,0,0,0,0,0
1,20164.0,1566.17,12.875,9,0,0,1,0,1
0,2956.3,2217.36,1.333,14,0,0,0,1,0
0,3372.35,1174.16,2.872,8,0,1,0,0,1
0,3646.6,595.61,6.122,10,0,0,0,0,0
1,4009.47,552.54,7.256,23,1,0,0,1,1
1,1623.35,822.02,1.975,0,1,0,0,0,1
0,1191.57,896.06,1.33,10,0,0,0,1,0
0,2245.9,533.0,4.214,0,1,0,1,1,1
1,8134.3,765.45,10.627,4,1,0,1,0,1
0,7817.42,2679.84,2.917,17,0,0,0,0,0
0,1322.77,6526.14,0.203,0,1,0,0,0,0
0,4905.91,2921.68,1.679,9,0,0,0,1,1
1,1403.94,4794.74,0.293,12,0,0,0,1,1
0,1889.43,3557.12,0.531,7,0,0,0,1,0
0,976.93,3133.22,0.312,12,0,0,0,0,0
0,1427.76,1092.24,1.307,19,0,0,0,0,0
0,10339.52,1680.45,6.153,1,1,0,0,0,1
0,2038.86,1013.78,2.011,20,0,0,0,2,1
0,2155.69,1215.37,1.774,11,0,0,0,0,0
0,275.51,1573.96,0.175,12,0,0,0,1,0
0,1209.52,2813.57,0.43,21,0,0,0,0,0
0,1321.19,2166.77,0.61,7,0,0,0,1,0
1,615.3,1279.67,0.481,14,0,1,0,0,1
1,1859.69,1556.17,1.195,6,0,0,0,0,0
1,1034.9,2186.63,0.473,6,0,0,0,1,1
0,2006.19,2699.05,0.743,16,0,0,1,0,0
0,2117.42,377.25,5.613,18,0,0,1,0,0
0,521.92,561.35,0.93,2,1,0,0,0,0
1,1076.73,4010.13,0.269,6,0,0,0,0,1
1,1999.37,1401.39,1.427,11,0,1,1,1,1
1,8430.31,1010.63,8.342,13,0,1,0,1,1
0,2524.34,1167.77,2.162,1,1,0,0,0,0
0,764.7,1167.55,0.655,6,0,1,0,0,1
0,3037.25,2445.84,1.242,15,0,0,0,0,0
0,16644.14,546.09,30.479,8,0,0,0,1,0
0,5953.4,1513.68,3.933,0,1,0,0,0,1
1,3684.11,1847.35,1.994,11,0,0,0,0,0
0,4643.7,2114.64,2.196,1,1,0,0,0,1
0,11753.9,1809.09,6.497,21,0,0,0,0,0
0,7319.63,2355.05,3.108,17,0,0,0,0,1
1,3777.39,884.1,4.273,13,0,0,0,0,0
0,7253.47,634.21,11.437,11,0,0,0,0,0
0,443.13,13511.6,0.033,17,0,0,0,1,0
1,256.48,1128.75,0.227,4,1,1,1,0,1
0,2217.71,1253.87,1.769,6,0,1,0,0,0
0,1976.9,2724.54,0.726,3,1,0,0,1,0
0,891.51,6225.94,0.143,12,0,0,0,0,0
0,5290.18,906.8,5.834,15,0,0,0,2,0
1,160.5,602.49,0.266,21,0,0,0,0,0
1,902.16,483.99,1.864,15,0,0,0,1,0
0,962.52,6209.25,0.155,18,0,1,0,0,1
0,215.47,581.55,0.371,3,1,0,0,0,0
0,12621.42,1444.04,8.74,19,0,0,0,0,0
0,308.91,614.28,0.503,19,0,0,0,0,0
0,841.48,402.01,2.093,0,1,0,0,0,0
0,5886.25,1137.81,5.173,12,0,0,0,0,1
0,4187.5,636.5,6.579,19,0,0,1,1,0
1,428.11,794.36,0.539,19,0,0,0,0,0
0,4390.66,9004.63,0.488,21,0,0,0,0,0
0,2635.21,2169.84,1.214,8,0,0,0,0,0
0,37531.89,3423.17,10.964,9,0,0,1,0,0
1,3056.8,3109.43,0.983,5,1,0,0,1,0
0,1504.76,1351.84,1.113,21,0,0,0,3,0
0,593.8,996.5,0.596,6,0,0,0,0,0
0,687.1,1852.04,0.371,22,1,0,1,2,0
1,618.01,1722.63,0.359,15,0,1,0,0,1
0,10747.5,887.2,12.114,16,0,0,0,0,1
1,1850.78,1663.81,1.112,23,1,0,1,0,1
1,3769.97,783.92,4.809,0,1,1,0,0,1
1,12945.74,1268.62,10.205,8,0,0,1,0,0
0,84.27,1094.71,0.077,13,0,0,0,1,0
0,9533.2,472.49,20.177,14,0,0,0,0,1
0,1943.05,178.39,10.892,3,1,0,0,0,0
1,3182.95,635.77,5.006,7,0,0,0,0,0
0,615.89,7507.77,0.082,14,0,0,0,1,0
0,677.45,1120.23,0.605,21,0,0,0,1,1
0,3413.52,2976.11,1.147,3,1,0,0,0,1
0,40133.92,218.77,183.453,18,0,0,0,0,0
0,6662.88,597.37,11.154,2,1,1,0,0,1
0,9369.17,437.45,21.418,7,0,0,0,2,0
0,1408.67,1233.89,1.142,1,1,0,0,2,1
1,828.6,13092.04,0.063,21,0,1,1,1,1
0,655.21,2239.96,0.293,7,0,1,0,0,1
0,958.38,6809.35,0.141,7,0,0,0,0,0
0,125.38,1177.33,0.106,16,0,0,0,0,0
0,704.58,5056.26,0.139,15,0,0,0,0,1
1,872.66,9565.62,0.091,15,0,0,0,0,0
0,1439.48,1341.53,1.073,15,0,0,0,1,0
0,2145.82,911.11,2.355,6,0,0,0,0,0
0,2896.29,452.13,6.406,14,0,0,0,2,1
1,1773.3,1120.85,1.582,16,0,1,0,0,1
0,849.06,1593.53,0.533,2,1,0,0,1,0
1,140.84,9208.28,0.015,0,1,0,1,0,1
0,855.85,461.52,1.854,7,0,1,0,0,0
0,510.72,1561.96,0.327,6,0,0,0,0,0
0,3313.92,289.2,11.459,17,0,0,0,1,0
1,5896.26,1008.19,5.848,22,1,0,1,0,1
0,6125.05,1959.13,3.126,4,1,0,0,2,1
1,4836.94,2348.01,2.06,14,0,0,1,0,1
0,1519.93,2515.23,0.604,6,0,0,0,0,0
0,917.32,2116.81,0.433,9,0,0,0,0,0
0,684.55,2495.84,0.274,15,0,0,0,1,0
1,254.74,1542.51,0.165,22,1,0,0,0,1
0,6564.36,576.47,11.387,1,1,0,0,1,1
1,1440.69,279.64,5.152,17,0,1,1,1,1
1,357.72,905.04,0.395,14,0,1,0,0,0
1,617.43,1311.39,0.471,22,1,0,0,0,0
0,585.77,4575.81,0.128,18,0,0,0,0,0
0,1912.05,1352.16,1.414,19,0,0,0,1,0
1,7242.4,1240.27,5.839,13,0,1,1,2,1
0,1150.11,2094.3,0.549,22,1,0,0,0,0
0,96.71,1160.94,0.083,1,1,0,0,0,0
0,1413.84,3070.17,0.461,17,0,0,0,0,0
0,1475.79,8790.27,0.168,8,0,0,0,1,0
0,1349.65,10632.89,0.127,0,1,0,0,0,0
0,799.75,1615.4,0.495,15,0,0,0,0,0
0,2398.67,2004.61,1.197,11,0,0,0,2,0
0,1970.38,6130.13,0.321,11,0,0,0,1,1
0,1750.61,1293.41,1.353,18,0,0,0,1,0
0,3091.57,2727.86,1.133,9,0,0,0,0,0
0,1034.03,532.91,1.94,19,0,0,0,1,0
0,960.49,1119.06,0.858,4,1,0,1,0,1
0,10874.33,4190.2,2.595,2,1,0,0,4,1
0,3741.2,775.59,4.824,8,0,0,0,0,1
0,5297.71,1319.16,4.016,20,0,0,0,1,1
1,8901.15,358.96,24.797,22,1,1,0,0,1
0,3582.18,9001.9,0.398,14,0,0,0,0,0
1,6044.51,4613.42,1.31,13,0,0,1,0,1
0,232.03,1753.36,0.132,10,0,0,0,1,0
0,2357.6,2337.32,1.009,12,0,0,0,1,0
0,1425.77,2113.94,0.674,6,0,0,0,1,0
0,16010.33,5145.51,3.112,1,1,0,0,0,0
0,6038.67,928.04,6.507,2,1,0,0,0,1
0,796.65,2861.33,0.278,19,0,0,0,1,0
0,2935.5,3903.68,0.752,7,0,0,0,1,0
0,2248.43,4419.55,0.509,0,1,0,1,0,0
0,3263.75,193.75,16.845,20,0,0,0,0,0
1,480.83,863.21,0.557,3,1,0,0,0,0
0,2887.14,591.55,4.881,12,0,0,0,1,0
0,1344.0,1693.63,0.794,23,1,1,0,1,0
0,2610.21,241.19,10.822,13,0,0,1,0,1
0,705.07,234.85,3.002,8,0,0,0,1,0
1,845.07,10436.72,0.081,2,1,0,0,1,0
0,8316.48,2580.97,3.222,13,0,0,0,0,0
0,460.81,1650.62,0.279,3,1,0,0,0,1
1,507.21,2053.51,0.247,16,0,1,0,0,1
0,1690.78,1688.69,1.001,14,0,0,0,0,0
0,662.85,3632.28,0.182,11,0,1,0,3,1
1,572.19,837.82,0.683,13,0,1,1,1,1
0,2072.68,1751.02,1.184,18,0,0,0,0,0
0,255.55,1816.52,0.141,9,0,0,0,0,0
0,487.67,576.99,0.845,4,1,0,0,0,0
0,26116.54,4671.73,5.59,23,1,0,0,0,1
0,3285.64,991.17,3.315,16,0,0,0,0,0
1,685.03,3698.49,0.185,16,0,0,0,0,0
0,3114.05,1641.59,1.897,2,1,0,0,0,0
1,3780.19,6439.63,0.587,15,0,0,1,1,1
1,6586.25,579.84,11.359,8,0,0,0,0,0
0,1532.56,557.64,2.748,16,0,0,0,0,0
0,6434.61,655.16,9.821,19,0,0,0,0,1
0,127.74,1668.98,0.077,11,0,0,0,0,0
1,457.97,5927.29,0.077,23,1,1,0,2,1
1,2237.32,6209.18,0.36,1,1,1,1,0,1
0,2775.33,185.12,14.992,19,0,0,0,0,0
0,552.63,1853.32,0.298,15,0,0,0,0,0
0,2533.22,82.13,30.844,22,1,0,0,1,1
1,803.52,3027.61,0.265,22,1,0,0,1,1
0,1261.37,4049.52,0.311,20,0,0,0,0,0
0,6851.38,1427.64,4.799,22,1,0,0,2,1
1,5893.58,1596.52,3.692,5,1,0,0,0,1
0,494.64,1581.73,0.313,1,1,0,0,0,0
0,457.41,730.7,0.626,8,0,0,0,0,0
0,1059.42,2183.17,0.485,4,1,0,0,0,0
0,1746.26,1201.99,1.453,17,0,0,0,0,0
0,768.72,3419.54,0.225,21,0,0,0,0,0
1,6994.19,1336.4,5.234,20,0,0,0,1,1
0,2840.13,682.03,4.164,17,0,0,0,0,0
0,3065.33,371.56,8.25,9,0,0,0,0,0
0,348.45,276.54,1.26,9,0,0,0,0,0
0,8245.95,4823.52,1.71,22,1,0,0,1,0
0,50.0,980.43,0.051,9,0,0,0,0,0
1,5346.9,2007.64,2.663,17,0,0,0,1,1
1,6091.23,7368.04,0.827,15,0,1,1,0,1
0,1030.58,892.01,1.155,22,1,0,1,0,1
0,9459.58,841.57,11.24,5,1,0,0,0,1
0,1665.65,1314.29,1.267,11,0,0,0,0,0
1,1960.9,1520.04,1.29,3,1,0,1,0,1
0,2811.26,8093.34,0.347,19,0,0,0,1,0
1,113839.79,6058.63,18.79,15,0,1,0,0,1
0,10381.33,2588.38,4.011,21,0,0,0,0,0
1,4498.37,5456.01,0.824,21,0,0,0,0,0
1,551.89,1260.93,0.438,21,0,1,1,1,1
1,2179.1,1937.68,1.125,10,0,1,0,0,1
0,628.25,1128.49,0.557,0,1,0,0,0,0
0,5264.51,463.44,11.36,4,1,0,0,1,0
0,2170.27,4374.24,0.496,16,0,0,0,1,0
1,419.11,2388.76,0.175,10,0,0,0,1,0
0,2009.14,1504.58,1.335,13,0,0,0,1,0
1,599.3,1477.02,0.406,8,0,0,0,2,1
1,2200.81,381.61,5.767,9,0,1,1,1,1
0,591.82,614.17,0.964,3,1,0,0,0,0
1,1873.82,2003.27,0.935,1,1,0,0,0,0
0,4796.35,919.47,5.216,5,1,0,0,0,0
0,1687.55,1216.9,1.387,2,1,0,0,0,0
0,1087.73,1347.23,0.807,12,0,0,0,1,0
0,2354.91,800.93,2.94,11,0,0,0,2,0
1,4475.34,619.48,7.224,17,0,0,0,1,1
0,428.66,346.85,1.236,5,1,0,0,0,0
0,2537.29,1297.42,1.956,9,0,0,0,0,0
0,10024.66,2583.11,3.881,5,1,0,0,0,1
1,3811.41,337.22,11.302,4,1,0,0,0,1
0,1949.02,1448.61,1.345,14,0,0,0,0,0
1,4153.3,1906.51,2.178,14,0,0,1,0,1
0,3255.97,607.52,5.359,11,0,0,0,1,0
0,4815.92,5323.72,0.905,8,0,0,0,2,0
0,130.18,1046.13,0.124,12,0,0,0,0,0
0,239.97,1351.36,0.178,15,0,0,1,1,0
1,6676.02,1280.31,5.214,20,0,1,0,1,1
0,255.48,300.76,0.849,1,1,1,0,0,0
1,3047.27,3669.74,0.83,16,0,0,0,0,0
0,1144.06,626.43,1.826,8,0,0,0,1,0
0,495.2,1196.47,0.414,22,1,0,0,0,0
1,2848.49,2534.86,1.124,18,0,0,0,0,0
1,2348.06,5512.72,0.426,5,1,1,1,0,1
0,28097.77,560.07,50.168,3,1,0,0,0,0
0,802.51,990.46,0.81,14,0,0,0,1,0
0,11756.28,5136.75,2.289,17,0,0,0,1,0
0,2858.78,2246.98,1.272,11,0,0,0,0,0
1,765.61,2708.24,0.283,11,0,1,0,1,1
1,5110.34,574.78,8.891,19,0,1,1,0,1
0,3772.38,1052.28,3.585,16,0,0,0,0,0
1,1894.28,1272.77,1.488,6,0,0,1,0,1
0,2555.96,683.96,3.737,19,0,0,0,0,0
0,832.07,327.96,2.537,4,1,0,0,0,1
0,617.99,935.0,0.661,11,0,0,0,0,0
0,4852.62,5008.34,0.969,16,0,0,0,0,0
0,1351.38,1561.27,0.866,1,1,0,0,1,0
0,1629.28,5099.32,0.32,3,1,0,0,1,0
0,2601.3,1739.09,1.496,1,1,1,0,2,1
0,2552.62,743.79,3.432,13,0,0,0,2,0
1,281.99,4674.4,0.06,13,0,1,0,0,1
0,9625.08,1792.01,5.371,12,0,0,0,1,0
0,2116.54,3518.02,0.602,16,0,0,0,0,0
1,1389.29,565.95,2.455,16,0,0,0,0,0
1,3165.61,3770.19,0.84,21,0,1,0,0,1
1,2458.99,3873.84,0.635,17,0,0,1,0,0
0,4900.94,1921.36,2.551,2,1,0,1,0,0
0,3638.69,716.06,5.082,20,0,0,0,1,0
0,4597.19,1420.26,3.237,15,0,0,0,0,0
0,10470.24,2566.15,4.08,18,0,0,0,2,1
1,5702.8,1828.25,3.119,5,1,0,1,0,1
0,1467.58,2542.68,0.577,22,1,1,0,1,1
0,419.99,3681.3,0.114,5,1,0,0,2,0
0,15805.88,825.84,19.139,17,0,1,0,0,1
0,1327.38,523.44,2.536,8,0,1,0,0,1
1,977.46,1431.12,0.683,17,0,0,1,1,0
0,189.1,1100.18,0.172,5,1,0,0,0,1
0,2807.4,3002.68,0.935,8,0,0,0,0,0
0,2194.16,562.82,3.899,17,0,0,0,0,1
0,252.23,3708.36,0.068,15,0,0,0,0,0
0,3259.26,5005.29,0.651,23,1,0,0,0,1
0,946.1,1480.71,0.639,22,1,0,0,0,1
0,59719.24,1563.47,38.197,12,0,0,0,1,1
1,862.5,741.9,1.163,10,0,1,0,1,1
1,1026.85,908.33,1.13,7,0,0,0,0,0
1,579.86,1025.05,0.566,23,1,0,0,0,0
1,9520.85,5424.31,1.755,16,0,1,1,1,1
0,1113.64,1387.58,0.803,8,0,0,0,1,0
0,704.59,450.36,1.565,5,1,0,0,1,0
0,4532.56,1862.77,2.433,0,1,0,0,0,0
1,300.53,3113.99,0.097,0,1,1,0,0,1
1,4075.07,1446.83,2.817,12,0,0,0,2,1
1,18321.3,5554.1,3.299,6,0,0,0,0,0
0,3776.64,2980.24,1.267,9,0,0,0,0,0
1,4143.38,575.81,7.196,17,0,0,0,0,0
0,5603.12,901.18,6.218,5,1,0,0,1,0
0,16690.92,1814.57,9.198,12,0,0,0,0,0
0,8715.53,330.44,26.376,4,1,0,0,0,0
0,3202.13,2003.64,1.598,20,0,0,0,0,0
0,5855.04,303.26,19.307,14,0,0,0,0,1
0,571.51,3718.55,0.154,11,0,0,0,1,0
0,4960.1,3349.43,1.481,21,0,0,0,0,1
0,489.2,2331.58,0.21,10,0,0,0,0,0
1,1122.0,805.7,1.393,7,0,0,1,0,1
0,50.0,1725.35,0.029,4,1,0,0,1,1
0,3046.83,932.58,3.267,7,0,0,0,0,0
1,782.87,585.38,1.337,4,1,0,1,0,1
1,7665.53,1091.31,7.024,9,0,0,0,1,1
0,3002.65,2775.09,1.082,14,0,0,0,0,0
0,7795.68,1539.84,5.063,5,1,0,0,0,0
0,442.01,5462.37,0.081,23,1,0,0,1,0
0,6973.7,2948.94,2.365,17,0,1,0,0,1
0,27934.37,2677.99,10.431,22,1,0,0,0,0
1,4882.47,347.92,14.033,2,1,0,1,0,1
0,5051.57,1145.23,4.411,8,0,1,0,1,1
1,2254.03,567.97,3.969,9,0,0,0,0,0
1,914.09,1255.51,0.728,6,0,0,0,1,1
1,4863.68,793.18,6.132,18,0,0,1,0,0
0,255.21,1053.8,0.242,23,1,0,0,0,0
1,1050.39,3846.99,0.273,1,1,1,1,1,1
0,180.84,2270.43,0.08,7,0,0,0,0,0
0,724.33,3664.34,0.198,6,0,0,0,0,0
0,4165.78,350.51,11.885,4,1,0,0,0,0
0,3487.75,1559.59,2.236,3,1,0,0,1,0
1,1931.76,3533.47,0.547,10,0,1,0,0,1
0,2256.39,5742.59,0.393,9,0,0,0,3,0
0,155.77,367.5,0.424,0,1,0,0,1,0
0,1113.95,1078.86,1.033,3,1,1,0,0,1
0,745.64,3754.85,0.199,21,0,0,0,0,0
0,767.56,1245.07,0.616,5,1,0,0,0,0
1,3942.03,652.38,6.043,17,0,1,0,0,1
0,590.72,366.87,1.61,12,0,0,0,2,0
0,823.79,630.28,1.307,12,0,0,0,1,0
0,119.92,323.76,0.37,0,1,0,0,2,0
0,1233.54,1560.27,0.791,3,1,0,0,0,0
0,439.58,3316.55,0.133,3,1,1,0,3,1
0,2004.13,475.86,4.212,17,0,0,0,1,1
1,525.08,1866.75,0.281,23,1,0,0,0,1
0,2071.24,3167.65,0.654,17,0,0,0,0,0
0,1498.03,1476.7,1.014,17,0,0,0,0,0
0,15893.32,347.36,45.755,14,0,0,0,0,0
1,3450.88,2095.59,1.647,17,0,1,0,0,1
0,165.42,1409.26,0.117,14,0,0,0,1,0
0,349.2,1285.81,0.272,16,0,0,0,1,0
1,1942.58,904.92,2.147,4,1,0,1,1,1
0,539.8,1600.56,0.337,10,0,0,0,1,1
0,50.0,2342.18,0.021,15,0,0,0,0,0
0,10450.55,12728.3,0.821,19,0,0,0,1,1
0,4611.42,1637.78,2.816,1,1,0,0,0,0
0,3559.12,5767.69,0.617,16,0,0,0,0,0
0,820.96,2042.6,0.402,0,1,0,0,1,0
0,3152.59,1353.47,2.329,17,0,0,0,0,0
0,723.67,1692.04,0.428,16,0,0,0,0,0
0,2359.76,492.96,4.787,17,0,1,0,0,0
1,546.34,1949.39,0.28,18,0,0,0,1,1
1,12980.13,246.45,52.668,4,1,0,0,0,1
1,234.79,681.03,0.345,12,0,1,0,1,1
0,8972.94,1634.12,5.491,23,1,1,0,0,1
0,1901.87,4335.46,0.439,22,1,0,0,1,0
0,956.89,5364.52,0.178,5,1,0,0,2,1
0,2246.44,1196.44,1.878,12,0,0,0,0,0
1,4690.77,1703.0,2.754,17,0,0,0,1,0
0,10686.87,3590.07,2.977,3,1,0,0,0,0
0,2716.46,447.4,6.072,8,0,0,0,1,0
0,567.99,2130.84,0.267,22,1,1,0,1,1
0,1943.64,702.68,2.766,2,1,0,0,0,0
0,19183.99,1268.2,15.127,21,0,0,0,1,0
0,10425.2,979.34,10.645,23,1,0,0,0,1
0,5892.25,2190.36,2.69,23,1,0,0,0,0
1,5086.74,2429.09,2.094,7,0,1,0,0,1
0,4488.55,3300.97,1.36,12,0,0,0,0,0
1,8154.96,2025.11,4.027,23,1,0,0,1,1
1,998.63,1727.6,0.578,21,0,0,1,0,1
0,310.56,7852.77,0.04,10,0,0,0,0,0
1,1977.73,375.43,5.268,9,0,0,0,0,0
0,624.62,6809.33,0.092,10,0,0,0,2,0
1,458.74,1140.43,0.402,2,1,1,0,0,1
0,708.85,2474.52,0.286,13,0,0,0,0,0
0,45748.22,1104.23,41.43,13,0,0,0,1,1
0,2158.05,786.59,2.744,18,0,1,0,0,0
0,2894.25,2289.57,1.264,3,1,0,0,0,0
1,369.05,3781.65,0.098,0,1,0,0,0,1
0,164.53,2265.85,0.073,1,1,0,0,0,0
0,623.43,908.77,0.686,5,1,0,0,0,1
0,11727.06,38185.65,0.307,12,0,0,0,0,0
1,2792.12,4353.42,0.641,13,0,1,0,1,1
0,3937.0,3428.95,1.148,0,1,0,0,0,0
0,4722.7,1077.43,4.383,7,0,0,0,0,0
0,838.19,843.32,0.994,17,0,0,0,1,0
1,10985.76,1150.72,9.547,13,0,0,1,0,1
0,794.21,3917.72,0.203,1,1,0,0,0,1
0,11249.76,606.96,18.535,23,1,0,1,0,1
0,3213.1,566.01,5.677,11,0,0,0,0,0
1,176.66,2405.69,0.073,23,1,1,0,1,1
0,683.75,1972.93,0.347,0,1,0,1,0,0
0,177.61,740.05,0.24,20,0,0,0,0,0
0,8203.09,554.42,14.796,14,0,0,0,0,0
1,1750.83,5399.75,0.324,10,0,0,0,0,0
1,99.8,2041.22,0.049,17,0,0,1,0,1
0,2946.79,433.9,6.791,16,0,0,0,0,0
0,899.36,462.08,1.946,2,1,0,0,0,0
0,262.71,1069.17,0.246,14,0,0,0,0,0
0,16016.19,2862.81,5.595,12,0,0,0,3,1
0,2078.65,2528.82,0.822,2,1,0,0,0,0
0,1234.65,4099.05,0.301,12,0,0,0,0,0
0,1075.72,387.1,2.779,8,0,0,0,1,0
1,252.83,1810.69,0.14,9,0,0,0,0,0
0,331.65,5341.81,0.062,0,1,1,0,2,0
0,9608.39,4912.42,1.956,1,1,0,0,0,0
0,976.48,2044.73,0.478,13,0,0,1,0,1
0,1860.66,12249.21,0.152,4,1,0,0,0,0
0,126.77,2561.52,0.049,21,0,0,0,2,0
0,325.86,3783.75,0.086,9,0,0,1,0,0
0,3994.83,1540.72,2.593,18,0,0,0,1,0
1,2954.32,732.98,4.031,7,0,1,1,0,1
1,17665.83,673.38,26.235,12,0,0,0,1,1
0,10361.41,1743.16,5.944,8,0,0,0,1,1
0,1339.53,1223.72,1.095,17,0,0,0,0,0
0,3343.72,301.35,11.096,3,1,0,0,1,1
0,1198.01,588.03,2.037,7,0,1,0,0,1
0,26140.8,1111.47,23.519,4,1,0,0,0,0
1,8052.35,2848.51,2.827,5,1,1,0,1,1
1,2254.29,1459.04,1.545,19,0,0,0,0,1
1,2346.11,1387.34,1.691,4,1,0,1,0,0
0,11828.95,608.98,19.424,0,1,0,0,0,1
1,3840.86,1511.49,2.541,18,0,0,0,0,1
1,13714.6,4852.22,2.826,3,1,1,0,2,1
0,104.4,1702.78,0.061,0,1,0,0,1,0
0,3293.14,381.24,8.638,18,0,0,0,0,0
1,925.13,479.92,1.928,3,1,1,0,1,1
0,17734.93,2514.7,7.053,13,0,0,0,0,0
0,13498.29,1209.69,11.158,13,0,1,0,0,1
0,1886.89,1384.2,1.363,8,0,0,0,1,0
0,13310.66,852.81,15.608,18,0,1,1,0,1
0,18362.19,2328.71,7.885,10,0,0,0,0,0
1,1991.67,1129.1,1.764,15,0,0,0,0,1
0,44959.34,1251.44,35.926,18,0,0,0,0,0
0,1735.86,688.08,2.523,3,1,0,0,1,0
0,1368.02,3393.18,0.403,8,0,0,0,0,0
0,5572.7,1213.16,4.594,16,0,0,0,0,0
0,1141.47,2558.28,0.446,14,0,0,0,1,0
0,2020.18,505.61,3.996,7,0,0,0,0,1
0,11296.69,7047.97,1.603,12,0,0,0,0,0
0,1853.78,4673.37,0.397,0,1,0,0,0,0
0,199.63,265.39,0.752,1,1,0,0,1,0
0,2914.68,719.28,4.052,9,0,0,0,1,0
0,731.3,2275.31,0.321,20,0,0,0,0,0
0,5568.34,451.35,12.337,12,0,1,1,0,1
1,4469.57,1314.96,3.399,10,0,1,1,0,1
0,12244.36,2173.23,5.634,13,0,1,1,0,1
0,5882.82,1253.56,4.693,15,0,0,0,0,0
0,7460.05,2404.16,3.103,5,1,0,0,1,0
0,757.61,793.14,0.955,1,1,0,0,0,0
1,5141.92,196.42,26.178,4,1,0,0,0,1
0,23364.82,3582.81,6.521,18,0,0,0,0,0
0,738.6,3562.55,0.207,6,0,0,0,2,0
0,18763.33,14090.74,1.332,16,0,0,0,0,0
0,885.23,203.07,4.359,4,1,0,0,0,1
1,597.31,2909.54,0.205,11,0,0,1,1,0
0,2657.29,251.69,10.558,18,0,0,0,0,0
0,4585.63,7192.86,0.638,17,0,0,0,0,0
0,5915.17,2296.36,2.576,11,0,0,0,0,0
0,517.86,628.45,0.824,2,1,0,0,1,0
1,3180.84,2987.52,1.065,3,1,1,0,1,1
0,741.58,899.88,0.824,14,0,0,0,1,0
0,260.97,1939.87,0.135,14,0,0,0,1,0
0,540.58,1781.77,0.303,10,0,1,0,0,1
0,681.18,7113.51,0.096,1,1,0,0,0,0
0,3561.99,7581.25,0.47,17,0,0,0,0,0
0,8085.91,864.77,9.35,2,1,0,0,0,1
0,266.36,3836.42,0.069,17,0,0,0,0,0
0,2857.06,2037.25,1.402,13,0,0,0,0,0
0,391.62,415.13,0.943,5,1,0,0,1,0
1,4096.18,791.08,5.178,1,1,0,0,0,1
0,804.68,12119.02,0.066,0,1,0,0,1,1
0,460.94,2042.78,0.226,7,0,0,0,1,0
0,5113.11,3640.23,1.405,9,0,0,0,0,0
0,843.03,1223.12,0.689,19,0,0,0,1,0
0,1199.0,910.55,1.317,17,0,0,0,0,0
1,100.89,1517.07,0.067,19,0,0,1,0,0
0,6188.93,1165.03,5.312,10,0,0,0,2,1
0,5256.29,386.09,13.614,17,0,0,0,0,0
0,1820.92,600.05,3.035,15,0,0,0,0,1
0,248.18,2799.22,0.089,4,1,0,0,0,0
0,8709.59,1050.87,8.288,6,0,0,0,0,0
1,760.41,1514.94,0.502,21,0,0,1,1,1
0,1002.89,1828.83,0.548,1,1,0,0,0,0
0,36521.53,1962.05,18.614,10,0,0,0,0,1
0,724.35,4154.39,0.174,12,0,0,0,0,0
0,4745.12,550.69,8.617,19,0,0,0,0,0
0,3754.54,2473.1,1.518,23,1,0,1,0,1
0,3002.57,2920.54,1.028,15,0,0,0,1,0
0,2608.68,3594.88,0.726,13,0,0,0,0,0
0,2949.25,415.04,7.106,6,0,0,0,0,0
0,2574.79,1861.87,1.383,6,0,0,0,1,0
0,1690.04,6935.92,0.244,11,0,0,0,0,0
0,12895.94,1353.96,9.525,11,0,0,0,0,0
0,328.17,2287.34,0.143,19,0,0,0,0,0
0,6821.92,2987.99,2.283,0,1,0,0,0,0
0,5266.1,588.21,8.953,22,1,0,0,0,1
0,4482.42,7711.3,0.581,5,1,0,0,0,0
1,7723.89,2320.53,3.329,7,0,0,0,0,0
0,1602.98,2362.68,0.678,12,0,0,0,0,1
0,159.23,331.68,0.48,4,1,0,0,0,0
0,1645.86,3026.28,0.544,23,1,0,1,1,1
0,498.42,2335.0,0.213,9,0,0,0,1,0
0,698.25,6385.42,0.109,13,0,0,0,1,1
0,359.55,1118.63,0.321,23,1,1,0,1,1
0,972.09,608.57,1.597,8,0,0,0,0,0
0,832.46,801.1,1.039,16,0,0,0,0,0
0,82.2,939.66,0.087,2,1,0,0,1,0
1,4493.06,540.79,8.308,11,0,0,0,0,1
0,32416.36,4727.46,6.857,11,0,1,0,0,1
0,3976.31,4889.9,0.813,10,0,0,0,0,0
0,1388.8,1241.14,1.119,21,0,0,0,0,0
0,1683.84,1039.52,1.62,3,1,0,0,1,1
0,1045.99,288.9,3.621,7,0,0,0,0,0
0,2032.57,2769.34,0.734,9,0,0,0,1,0
0,1723.12,6555.74,0.263,13,0,0,0,0,0
0,605.85,834.24,0.726,0,1,0,0,0,0
1,16119.01,1332.61,12.096,11,0,0,0,1,1
1,261.57,2188.26,0.12,4,1,1,0,1,1
0,4600.09,6988.19,0.658,13,0,0,0,0,0
0,1585.16,1771.88,0.895,3,1,0,0,0,0
0,21398.61,1764.97,12.124,16,0,0,0,0,1
0,2816.14,1739.56,1.619,21,0,0,0,0,0
0,1132.43,410.54,2.758,12,0,0,0,0,0
0,1310.26,402.58,3.255,2,1,0,0,1,0
1,1904.32,715.37,2.662,10,0,0,0,0,0
0,409.27,3683.44,0.111,10,0,0,0,0,1
0,667.19,1094.64,0.61,4,1,0,0,1,1
0,177.61,919.06,0.193,5,1,0,0,0,0
1,544.64,904.65,0.602,3,1,0,0,2,1
0,2042.8,1307.81,1.562,9,0,0,0,0,1
0,2671.05,6849.27,0.39,9,0,0,0,1,0
0,137.95,1291.97,0.107,11,0,0,0,0,0
1,1512.66,729.48,2.074,21,0,0,0,0,0
0,3760.97,1514.32,2.484,22,1,0,1,1,1
1,1462.96,7183.74,0.204,17,0,0,1,0,0
0,793.2,941.48,0.843,14,0,0,0,0,0
0,1058.06,511.37,2.069,22,1,0,0,0,0
0,895.16,943.04,0.949,22,1,0,0,0,1
0,790.17,1662.18,0.475,17,0,0,0,0,0
0,2266.45,2750.17,0.824,2,1,0,0,1,0
1,36315.31,3663.58,9.913,2,1,1,0,0,1
0,687.59,577.58,1.19,0,1,0,0,0,0
0,1195.61,629.07,1.901,16,0,0,0,1,0
0,1690.52,1106.62,1.528,9,0,0,0,0,0
0,739.84,2740.91,0.27,5,1,0,0,0,0
0,7537.96,476.27,15.827,10,0,0,0,0,0
0,82.92,856.97,0.097,13,0,0,0,0,0
0,906.53,868.29,1.044,16,0,0,0,1,0
0,5238.59,3454.99,1.516,6,0,0,1,2,1
1,1233.58,2381.38,0.518,21,0,0,1,0,1
0,621.98,3338.73,0.186,3,1,0,0,1,0
1,3206.66,4938.47,0.649,10,0,1,0,0,1
0,5873.74,1124.3,5.224,18,0,0,0,1,0
0,2377.55,508.43,4.676,8,0,0,0,0,0
0,638.05,511.39,1.248,20,0,0,0,1,1
0,3271.7,283.07,11.558,7,0,0,0,0,1
1,1072.06,979.57,1.094,19,0,0,0,0,0
0,4763.52,1047.54,4.547,3,1,0,0,0,0
0,12434.58,3007.3,4.135,15,0,0,0,1,0
1,61.11,1503.01,0.041,5,1,0,0,2,1
0,2088.89,952.13,2.194,5,1,0,0,0,0
0,189.34,1333.55,0.142,18,0,0,0,0,0
0,43231.52,581.1,74.396,1,1,0,1,0,1
1,983.82,3725.16,0.264,10,0,1,0,1,1
0,4770.88,729.73,6.538,17,0,0,0,2,1
0,1726.91,530.63,3.254,8,0,0,0,2,0
0,636.5,3090.52,0.206,15,0,0,0,0,0
1,545.3,2481.82,0.22,10,0,0,0,0,1
0,14205.48,313.78,45.272,13,0,0,0,0,1
0,6264.91,3195.51,1.961,7,0,0,0,0,0
0,22621.57,759.43,29.788,12,0,0,0,0,0
1,1943.2,1057.12,1.838,9,0,0,1,0,1
1,2628.83,1751.66,1.501,22,1,0,0,0,1
1,1277.49,2509.81,0.509,11,0,0,0,0,0
0,1244.88,2210.41,0.563,20,0,0,0,0,1
0,466.63,1415.39,0.33,2,1,0,0,0,1
0,2016.69,1010.12,1.996,1,1,0,0,1,0
1,648.06,2145.22,0.302,10,0,0,0,0,0
0,3211.46,1330.69,2.413,23,1,0,0,0,0
0,2255.24,7516.22,0.3,17,0,0,0,1,0
1,2628.02,2509.32,1.047,23,1,0,0,0,1
0,15957.26,644.79,24.748,20,0,0,0,0,0
0,1721.53,963.1,1.787,3,1,0,1,0,0
0,4835.53,1545.92,3.128,7,0,0,0,0,0
0,26028.89,4767.07,5.46,10,0,0,0,0,1
1,9883.3,5271.1,1.875,14,0,1,0,0,1
0,8095.96,1036.37,7.812,22,1,0,0,0,0
0,1213.55,638.89,1.899,23,1,0,0,1,0
0,2437.03,569.44,4.28,20,0,0,0,0,0
0,325.79,1857.87,0.175,1,1,0,1,0,1
0,3458.49,11771.14,0.294,22,1,0,0,0,0
0,2583.24,2404.71,1.074,18,0,0,0,0,0
0,1863.85,352.65,5.285,14,0,0,0,0,0
0,6872.98,770.16,8.924,12,0,0,0,1,1
0,376.11,844.27,0.445,1,1,0,0,1,0
0,15143.42,706.41,21.437,2,1,0,1,1,0
1,5838.88,1044.08,5.592,13,0,0,0,3,1
1,1649.41,2064.11,0.799,19,0,1,0,0,1
1,1490.18,2734.72,0.545,12,0,0,1,0,1
0,3377.17,3954.41,0.854,22,1,0,0,1,0
0,13057.35,2372.7,5.503,15,0,0,0,0,0
0,2063.36,255.0,8.092,11,0,0,0,0,1
0,2180.35,571.59,3.815,0,1,0,0,0,1
0,1851.13,1283.97,1.442,5,1,0,0,0,0
0,18336.18,1690.12,10.849,12,0,0,0,2,0
1,1119.29,3214.02,0.348,21,0,1,1,0,1
0,1740.0,1538.97,1.131,23,1,0,0,1,0
0,12118.23,1549.42,7.821,1,1,0,0,0,0
1,2188.81,1833.57,1.194,17,0,0,1,2,1
0,7928.16,1176.71,6.738,16,0,0,0,0,0
1,552.99,1600.7,0.345,18,0,1,0,0,1
1,1384.54,4077.54,0.34,22,1,1,1,0,1
1,12453.59,1372.62,9.073,14,0,1,0,0,1
0,750.51,1440.59,0.521,7,0,0,0,0,0
0,1485.21,1436.22,1.034,22,1,0,0,1,0
0,2524.23,4759.97,0.53,8,0,0,0,1,0
0,499.75,546.07,0.915,7,0,0,0,2,0
0,1055.79,7319.24,0.144,7,0,0,0,0,0
0,2093.15,513.5,4.076,10,0,0,0,0,0
0,1921.16,821.56,2.338,17,0,0,0,0,0
0,9551.54,2893.62,3.301,16,0,0,0,0,1
1,13411.86,3741.66,3.584,21,0,1,0,0,0
1,594.12,418.57,1.419,22,1,0,1,0,1
0,2089.44,553.67,3.774,5,1,0,0,1,0
0,4343.88,1900.85,2.285,22,1,0,0,0,0
1,12981.13,12209.6,1.063,23,1,1,1,0,1
0,4601.04,4544.33,1.012,1,1,0,0,0,0
1,2639.08,1184.07,2.229,0,1,1,1,0,1
1,4300.58,167.8,25.629,9,0,0,0,1,1
0,4341.17,1593.17,2.725,7,0,0,1,0,1
1,541.3,2050.97,0.264,15,0,1,1,0,1
0,2323.06,1048.98,2.215,23,1,0,0,0,0
0,12051.08,688.39,17.506,13,0,0,0,1,1
0,1380.82,1708.29,0.808,23,1,0,0,1,0
0,2139.4,633.95,3.375,15,0,0,0,2,0
1,1319.13,7984.07,0.165,13,0,0,0,0,0
0,89.3,5796.85,0.015,6,0,0,1,1,0
0,1857.09,2676.11,0.694,17,0,0,0,2,0
0,2676.67,1604.78,1.668,19,0,0,0,1,0
1,928.67,817.17,1.136,8,0,0,0,0,0
1,403.01,1452.86,0.277,23,1,0,0,1,1
1,575.48,6472.82,0.089,3,1,1,0,0,1
0,4882.65,3235.01,1.509,23,1,1,0,1,0
0,23488.88,1778.14,13.21,15,0,0,0,0,0
0,10907.04,3400.16,3.208,21,0,0,0,1,0
0,314.93,2418.86,0.13,10,0,0,1,1,1
0,5491.82,2114.66,2.597,8,0,0,0,0,0
0,763.48,3577.81,0.213,16,0,0,0,2,0
0,848.15,2357.42,0.36,21,0,0,1,0,0
1,991.71,3205.73,0.309,10,0,0,0,0,1
0,4527.33,1711.71,2.645,19,0,0,0,1,0
0,6291.97,1177.66,5.343,2,1,1,0,0,1
0,1591.7,903.84,1.761,20,0,0,0,0,0
1,1627.19,811.94,2.004,10,0,1,0,0,1
1,3306.16,349.1,9.471,7,0,1,0,0,1
1,3783.46,651.48,5.807,9,0,1,0,1,1
0,8342.29,634.75,13.143,5,1,1,0,0,1
1,340.47,937.66,0.363,16,0,1,0,0,1
0,1855.73,6039.16,0.307,5,1,0,0,2,0
0,451.05,1284.59,0.351,6,0,0,0,0,0
1,1692.18,1840.13,0.92,12,0,0,0,0,0
0,1347.45,1893.13,0.712,5,1,0,0,0,0
0,1701.43,6178.45,0.275,2,1,1,0,0,1
0,639.27,881.81,0.725,12,0,0,0,0,0
0,261.52,1211.64,0.216,9,0,0,0,0,0
1,118.78,1345.36,0.088,3,1,0,0,0,0
0,1524.57,4117.01,0.37,4,1,0,1,0,1
0,1032.46,4962.65,0.208,20,0,0,0,0,0
0,750.91,2269.07,0.331,18,0,0,1,0,1
0,10090.13,4490.05,2.247,17,0,1,0,0,1
0,591.54,1736.97,0.341,23,1,1,0,0,1
0,11405.88,1267.32,9.0,6,0,0,0,0,0
0,14928.04,4276.34,3.491,20,0,0,0,3,1
0,143.14,2295.84,0.062,0,1,0,0,0,0
1,2038.76,763.58,2.67,16,0,0,0,0,1
0,1075.34,3632.51,0.296,23,1,0,0,0,0
0,50.0,1227.04,0.041,19,0,0,0,0,0
0,276.43,1099.11,0.252,19,0,0,0,0,0
0,4951.36,3306.69,1.497,17,0,0,0,0,0
1,24958.23,1366.56,18.264,4,1,1,1,1,1
1,5845.82,2100.78,2.783,21,0,1,0,0,1
0,2753.76,2685.83,1.025,5,1,0,0,0,0
1,1758.59,731.69,2.403,9,0,1,0,0,1
0,16114.29,2093.02,7.699,18,0,0,0,0,1
0,29516.68,4986.68,5.919,9,0,1,0,0,0
0,843.12,625.89,1.347,5,1,0,0,0,0
0,134.29,2219.24,0.061,9,0,0,0,1,0
0,118.2,701.68,0.168,9,0,0,0,1,0
1,10081.38,3711.75,2.716,20,0,0,0,1,0
0,1700.75,3680.17,0.462,11,0,0,0,0,0
1,2294.37,1076.11,2.132,23,1,1,0,0,1
1,176.29,10814.75,0.016,3,1,1,0,0,1
0,679.16,4007.66,0.169,12,0,0,0,2,0
0,1231.36,2796.81,0.44,9,0,0,1,0,1
0,2368.92,2658.59,0.891,15,0,0,0,1,1
1,1076.89,3588.66,0.3,18,0,1,1,0,0
0,469.41,604.21,0.777,5,1,0,0,0,1
0,652.01,1763.66,0.37,8,0,0,0,1,0
0,8697.76,2089.9,4.162,13,0,0,0,3,0
0,2485.48,1032.64,2.407,23,1,0,0,0,0
0,4007.02,2249.17,1.782,9,0,0,0,0,0
0,561.98,4485.14,0.125,7,0,0,0,1,0
0,50.0,1012.73,0.049,2,1,0,0,0,1
0,915.95,1409.54,0.65,16,0,0,0,1,1
0,586.08,707.31,0.829,18,0,0,0,1,0
0,2846.13,296.4,9.602,2,1,0,1,1,1
0,129500.6,2984.06,43.397,13,0,0,0,0,1
0,4463.62,1446.41,3.086,5,1,0,0,0,0
0,63370.15,1545.07,41.014,18,0,1,0,0,0
0,3787.27,609.05,6.218,17,0,0,0,0,0
0,797.23,1252.69,0.636,11,0,0,0,2,0
0,2842.08,3971.64,0.716,14,0,1,1,0,1
0,18303.18,1481.39,12.355,5,1,0,0,1,0
0,19505.1,1519.7,12.835,20,0,0,0,1,1
0,855.82,1784.29,0.48,11,0,0,0,1,0
1,2512.76,486.51,5.165,18,0,1,0,0,0
1,282.01,2597.82,0.109,6,0,0,0,1,1
1,5282.05,478.34,11.042,22,1,1,0,0,1
1,13620.91,635.46,21.435,19,0,0,0,2,1
0,1904.05,575.77,3.307,9,0,0,0,0,0
0,759.3,1264.33,0.601,17,0,0,0,1,0
0,2887.57,1077.92,2.679,1,1,0,0,0,0
0,3110.99,1478.67,2.104,12,0,0,0,0,0
0,2009.19,655.42,3.065,14,0,0,0,3,0
1,2280.91,3659.0,0.623,23,1,0,0,1,1
0,1442.37,3135.75,0.46,3,1,0,0,1,0
0,6599.45,1265.94,5.213,6,0,0,0,1,0
0,4708.36,962.44,4.892,2,1,0,0,1,1
0,503.69,878.82,0.573,15,0,0,0,0,0
0,486.01,1119.76,0.434,8,0,0,0,0,0
1,1298.95,419.8,3.094,22,1,0,0,0,0
0,4712.1,624.13,7.55,22,1,0,0,0,1
1,2191.79,3210.26,0.683,16,0,1,0,0,1
0,783.6,1942.31,0.403,7,0,0,0,0,0
1,2540.14,6443.63,0.394,17,0,0,0,0,0
0,1176.08,1130.85,1.04,23,1,1,0,0,1
0,5679.58,1069.17,5.312,12,0,0,0,0,0
0,2787.71,1025.45,2.719,1,1,0,0,1,1
1,1200.07,1110.71,1.08,0,1,0,0,0,0
1,2442.98,817.33,2.989,15,0,0,1,0,1
0,9992.22,1889.16,5.289,15,0,0,0,0,0
0,862.19,1519.59,0.567,10,0,0,0,0,0
1,3051.7,935.5,3.262,23,1,1,1,0,1
0,1649.79,4564.36,0.361,3,1,0,0,1,0
0,3149.75,8159.39,0.386,10,0,0,0,0,0
0,772.06,4229.84,0.183,5,1,0,1,1,1
0,2086.9,2446.25,0.853,10,0,0,0,0,0
1,7632.5,2938.32,2.598,0,1,0,0,0,1
1,534.8,7869.69,0.068,8,0,1,1,0,1
0,321.11,2934.49,0.109,6,0,0,0,1,0
0,337.35,874.22,0.386,20,0,0,0,1,0
1,394.71,2107.05,0.187,21,0,0,0,2,1
0,3920.29,2600.92,1.507,2,1,0,0,0,0
1,290.73,604.71,0.481,8,0,0,0,1,1
0,1227.5,1145.46,1.072,1,1,0,0,0,0
0,4039.1,3985.24,1.014,9,0,0,0,0,0
1,3107.76,286.82,10.835,16,0,0,1,0,1
0,1095.29,480.4,2.28,0,1,0,0,1,0
0,2317.4,1262.99,1.835,17,0,0,0,0,0
0,2078.27,2035.12,1.021,5,1,0,0,1,0
0,1350.85,436.21,3.097,5,1,0,1,0,1
0,1374.6,1320.66,1.041,8,0,0,0,1,0
1,33059.22,4181.36,7.906,9,0,1,0,1,1
1,5177.64,1574.65,3.288,14,0,0,0,1,1
0,45471.73,3446.73,13.193,3,1,0,0,0,1
0,947.61,868.79,1.091,7,0,0,0,2,0
0,1618.97,714.14,2.267,3,1,0,1,1,0
0,319.97,3177.93,0.101,2,1,0,0,0,1
0,631.16,2063.87,0.306,3,1,0,0,1,0
1,21428.71,509.26,42.078,0,1,0,1,1,1
0,917.23,719.99,1.274,8,0,0,0,0,0
1,21918.05,6051.87,3.622,10,0,0,0,1,0
0,359.11,644.13,0.558,20,0,0,0,0,0
0,459.66,3431.99,0.134,22,1,0,0,0,0
0,1160.26,962.59,1.205,18,0,0,0,1,0
0,1664.24,1476.07,1.127,20,0,0,0,0,1
0,6002.99,1929.73,3.111,19,0,1,0,0,0
1,3248.67,223.43,14.54,6,0,0,0,0,0
0,1052.36,396.85,2.652,4,1,0,0,0,1
1,1520.34,1599.91,0.95,1,1,1,0,0,1
0,1194.18,771.34,1.548,18,0,0,0,1,0
1,550.57,3629.76,0.152,23,1,0,0,0,0
0,570.01,348.8,1.634,2,1,0,0,0,0
1,6879.14,2462.0,2.794,14,0,0,0,0,1
0,167.9,428.98,0.391,6,0,0,0,1,0
1,14802.72,1078.26,13.728,4,1,0,0,2,1
1,1157.6,567.97,2.038,22,1,0,0,0,1
0,662.31,8202.44,0.081,9,0,0,0,1,0
0,4730.03,443.39,10.668,8,0,0,0,0,0
0,12466.27,1326.3,9.399,22,1,0,0,0,0
1,7730.45,312.89,24.707,13,0,0,1,1,1
0,3471.73,6245.48,0.556,21,0,0,1,1,0
0,7427.34,2124.21,3.497,12,0,0,0,0,1
0,194.13,1674.51,0.116,0,1,0,0,1,1
0,917.47,5579.65,0.164,15,0,0,0,0,0
1,553.07,1690.33,0.327,19,0,1,0,0,1
0,8884.21,1803.73,4.925,7,0,0,0,0,0
0,1098.26,1666.62,0.659,16,0,0,0,1,0
1,5426.39,2458.41,2.207,5,1,0,1,0,1
0,3628.64,950.32,3.818,1,1,0,0,0,1
0,589.34,1220.65,0.483,12,0,0,0,2,0
0,842.99,3069.6,0.275,7,0,0,0,0,0
0,9720.21,1900.05,5.116,8,0,0,0,0,0
0,659.76,1335.66,0.494,12,0,0,1,0,1
1,2126.7,419.7,5.067,17,0,1,0,0,1
0,653.73,5700.14,0.115,17,0,0,0,0,0
0,1202.14,816.23,1.473,8,0,0,0,1,0
0,1702.73,3599.37,0.473,1,1,0,0,0,0
0,653.45,1733.99,0.377,3,1,0,0,1,0
1,518.75,462.15,1.122,17,0,1,0,0,1
0,2623.21,4568.99,0.574,16,0,0,0,1,0
0,602.95,1861.4,0.324,11,0,1,0,0,1
0,630.27,4923.68,0.128,15,0,1,0,0,0
0,533.38,1256.18,0.425,12,0,0,0,0,0
0,1633.89,2789.58,0.586,10,0,0,0,0,0
0,6166.04,303.0,20.35,13,0,0,0,1,1
0,12816.48,943.7,13.581,9,0,1,0,1,1
1,703.67,470.74,1.495,22,1,0,0,1,1
0,29596.28,1056.48,28.014,20,0,0,0,0,0
1,489.74,2263.42,0.216,18,0,1,0,0,1
1,7395.4,859.09,8.608,23,1,1,1,1,1
0,707.54,3221.03,0.22,20,0,0,0,0,1
0,582.77,684.75,0.851,16,0,0,0,1,0
0,686.64,3283.66,0.209,8,0,0,0,0,0
0,1688.88,4811.58,0.351,13,0,1,0,0,0
1,3842.83,3685.54,1.043,4,1,1,1,1,1
0,4319.21,1085.97,3.977,2,1,0,0,0,1
0,529.97,218.57,2.425,21,0,1,0,0,1
0,499.42,2499.76,0.2,7,0,0,0,0,0
0,549.15,1322.51,0.415,17,0,0,0,0,0
0,1564.37,613.66,2.549,2,1,0,0,0,0
1,1375.81,897.26,1.533,22,1,1,0,0,1
0,525.72,5382.9,0.098,1,1,0,0,1,0
1,2566.98,531.87,4.826,10,0,0,0,0,0
0,34246.49,2256.29,15.178,4,1,0,0,1,0
0,938.11,1801.12,0.521,6,0,0,1,0,0
0,1029.09,1073.15,0.959,13,0,1,0,0,1
0,3742.69,2644.08,1.415,18,0,0,0,1,0
0,874.4,6431.87,0.136,1,1,0,1,2,1
1,4314.14,1134.14,3.804,8,0,0,0,0,0
1,710.45,1189.32,0.597,9,0,1,0,0,1
0,19570.05,2591.15,7.553,18,0,0,0,3,0
0,2830.5,3382.66,0.837,16,0,0,0,1,1
0,807.52,1319.57,0.612,6,0,0,0,1,0
1,841.09,1124.58,0.748,17,0,0,0,1,0
0,927.1,201.16,4.609,5,1,0,1,1,1
1,10770.59,734.94,14.655,8,0,0,0,0,1
0,347.45,530.92,0.654,7,0,0,0,0,0
0,758.75,2741.23,0.277,21,0,0,0,0,0
1,871.17,1188.55,0.733,21,0,1,0,0,0
0,1771.54,1147.43,1.544,23,1,0,0,1,0
0,1271.0,1468.28,0.866,8,0,0,0,3,1
0,260.19,676.44,0.385,23,1,1,0,1,1
0,1075.17,5990.45,0.179,0,1,0,0,1,0
0,1588.56,4761.77,0.334,1,1,0,0,0,0
0,799.09,6350.55,0.126,21,0,0,0,0,0
1,4415.2,2738.25,1.612,23,1,0,0,0,0
0,5974.35,1441.54,4.144,3,1,0,0,0,0
1,1632.87,6331.27,0.258,19,0,0,0,0,1
0,2439.88,802.02,3.042,17,0,0,0,0,0
0,108.92,675.81,0.161,9,0,0,1,0,1
0,1045.83,861.47,1.214,0,1,0,0,1,1
0,6675.96,2369.86,2.817,9,0,0,1,0,0
0,1042.66,745.54,1.399,8,0,0,0,0,0
1,693.37,1287.12,0.539,22,1,1,0,0,1
0,34926.31,350.14,99.75,12,0,0,0,0,1
0,19241.03,2282.41,8.43,14,0,0,0,0,0
0,3320.42,377.89,8.787,17,0,0,0,0,1
1,7947.27,639.74,12.423,12,0,1,0,0,1
1,100.11,4426.88,0.023,4,1,1,0,0,1
0,649.49,4282.48,0.152,1,1,0,1,0,0
0,981.47,2073.27,0.473,6,0,0,0,0,0
0,1330.39,1897.13,0.701,8,0,0,0,0,0
0,956.3,917.94,1.042,18,0,0,0,0,1
0,65.69,738.33,0.089,13,0,0,0,0,0
0,2986.42,1068.47,2.795,16,0,0,0,0,1
0,3665.61,379.07,9.67,19,0,0,0,0,0
0,14508.19,1857.9,7.809,19,0,0,0,0,0
0,648.85,1546.81,0.419,10,0,0,0,0,0
1,583.35,639.01,0.913,21,0,0,0,1,0
1,55.48,6074.25,0.009,4,1,1,0,0,1
0,1234.43,2556.06,0.483,11,0,0,0,0,0
0,5833.93,2759.09,2.114,20,0,1,0,0,1
0,816.23,954.7,0.855,8,0,0,0,0,0
0,29333.29,1478.53,19.839,16,0,0,0,1,1
1,1295.21,2603.56,0.497,7,0,0,0,0,0
0,2188.76,1698.51,1.289,23,1,0,0,0,1
1,307.34,6258.59,0.049,7,0,1,0,0,1
1,2626.44,1232.24,2.131,11,0,0,0,0,1
0,137.95,940.01,0.147,18,0,0,1,0,0
0,4455.11,2619.73,1.701,9,0,0,0,1,0
0,4636.69,474.29,9.776,23,1,0,0,0,1
0,10583.79,3401.14,3.112,1,1,0,0,0,1
0,480.12,459.14,1.046,23,1,0,0,0,0
0,2227.71,2629.97,0.847,7,0,0,0,0,0
1,3762.96,825.97,4.556,13,0,0,0,2,1
0,3213.02,2273.16,1.413,18,0,1,0,1,0
0,587.05,3349.64,0.175,3,1,0,0,0,0
0,80.67,1699.48,0.047,8,0,0,0,1,0
0,2838.55,502.87,5.645,12,0,0,0,0,0
0,1482.89,660.44,2.245,8,0,0,0,0,0
1,865.52,768.32,1.127,12,0,0,1,0,0
0,4881.12,268.94,18.149,15,0,0,0,0,0
0,1705.48,4083.58,0.418,21,0,1,0,0,0
0,325.4,1634.51,0.199,0,1,0,0,1,0
0,146.81,532.74,0.276,7,0,0,0,0,0
1,416.69,5486.84,0.076,8,0,0,0,0,1
0,40575.35,787.45,51.528,23,1,1,0,0,1
1,4626.75,1854.77,2.495,12,0,1,1,0,1
0,2310.45,704.34,3.28,16,0,1,1,0,1
0,1427.73,240.7,5.932,21,0,0,0,0,1
0,1310.8,433.55,3.023,8,0,0,0,1,0
0,8244.94,988.67,8.339,6,0,0,0,0,0
0,955.49,3322.48,0.288,22,1,0,0,1,0
1,3827.61,2022.08,1.893,19,0,0,0,0,0
0,1149.46,1679.39,0.684,22,1,0,0,0,0
0,22521.0,242.49,92.874,9,0,0,0,0,0
0,4745.61,4642.82,1.022,20,0,0,0,0,0
0,9129.11,1810.42,5.043,4,1,0,0,0,0
0,845.79,1329.45,0.636,16,0,0,0,0,0
0,7155.07,4101.8,1.744,1,1,0,0,0,0
0,1204.29,4549.38,0.265,8,0,0,0,0,1
0,2086.09,4184.45,0.499,1,1,0,0,1,0
0,15147.06,1185.15,12.781,9,0,0,0,0,1
0,466.1,599.96,0.777,11,0,0,0,0,0
0,2354.83,3604.83,0.653,1,1,0,0,0,0
0,3195.21,433.31,7.374,14,0,0,0,0,0
1,3554.63,8540.13,0.416,2,1,1,0,1,1
0,1006.24,1518.08,0.663,1,1,0,0,0,0
0,27231.87,569.75,47.796,6,0,0,0,0,0
0,335.82,488.49,0.687,8,0,0,0,1,0
0,12046.76,468.79,25.698,10,0,0,0,0,0
1,8774.33,1679.63,5.224,21,0,1,0,0,0
0,21400.2,1471.81,14.54,15,0,0,0,1,0
1,229.36,486.71,0.471,6,0,1,0,0,1
1,584.36,1074.05,0.544,12,0,0,1,1,1
0,12575.75,432.19,29.098,2,1,0,0,2,0
0,157.57,2515.86,0.063,10,0,0,0,2,0
0,223.99,1409.32,0.159,2,1,0,0,0,1
0,958.34,1053.04,0.91,14,0,0,0,0,0
0,2320.63,464.38,4.997,7,0,0,1,0,0
0,14326.88,1129.87,12.68,6,0,0,0,1,0
0,1421.05,1019.17,1.394,4,1,0,0,3,0
0,819.99,1970.33,0.416,5,1,0,0,0,0
0,2710.28,1720.41,1.575,18,0,0,0,1,0
1,3329.16,3019.52,1.103,2,1,1,0,1,1
0,3208.67,957.07,3.353,10,0,0,0,0,0
1,1434.57,277.45,5.171,5,1,0,0,0,0
0,142.36,3611.88,0.039,23,1,0,0,1,0
0,548.45,637.51,0.86,20,0,0,0,0,0
0,11456.96,546.63,20.959,13,0,0,0,0,0
0,2305.82,1423.96,1.619,16,0,0,0,0,0
0,1188.83,1943.11,0.612,2,1,0,0,0,0
0,7735.84,918.05,8.426,23,1,0,0,1,1
1,416.07,911.58,0.456,3,1,0,1,0,1
0,1348.9,1041.14,1.296,8,0,0,0,0,0
0,2162.64,5296.95,0.408,12,0,0,0,0,0
1,1018.63,1476.74,0.69,5,1,1,0,0,1
1,2061.09,619.45,3.327,9,0,0,1,2,1
0,1416.58,625.15,2.266,19,0,0,0,0,0
0,293.2,1181.1,0.248,19,0,0,0,0,0
1,2289.12,1833.67,1.248,20,0,1,0,0,1
0,321.55,2288.34,0.141,12,0,0,0,0,0
0,2242.39,1655.31,1.355,22,1,0,0,0,1
0,10790.02,693.89,15.55,13,0,0,0,0,0
1,1254.72,1010.75,1.241,11,0,0,0,0,0
0,394.28,2865.55,0.138,22,1,0,0,1,0
1,1532.9,527.69,2.905,12,0,1,0,0,1
0,613.04,973.43,0.63,9,0,0,0,1,0
1,3916.14,2534.41,1.545,6,0,1,0,1,1
0,1491.61,3254.37,0.458,4,1,0,0,0,1
0,16692.12,1244.36,13.414,11,0,1,0,0,1
1,8199.98,1022.41,8.02,1,1,0,0,0,1
0,1481.77,450.38,3.29,7,0,0,0,0,0
0,4583.84,2375.77,1.929,7,0,0,0,1,0
0,1084.41,4850.81,0.224,18,0,0,0,0,0
0,1889.64,14892.88,0.127,4,1,0,0,0,0
0,1130.18,2096.03,0.539,7,0,0,0,2,1
0,4897.07,1414.04,3.463,9,0,0,0,0,0
0,11647.94,646.89,18.006,12,0,0,0,1,0
0,5106.36,272.88,18.713,8,0,0,0,0,1
0,5994.02,1735.87,3.453,6,0,1,0,0,1
0,6002.57,12274.82,0.489,19,0,0,0,1,0
1,3702.02,4645.86,0.797,19,0,1,0,0,1
0,411.14,4043.67,0.102,18,0,1,0,0,0
0,16502.43,1846.49,8.937,10,0,0,0,1,1
1,18877.65,2045.85,9.227,7,0,1,1,1,1
0,1334.03,167.11,7.983,21,0,0,0,0,0
1,1116.65,2940.28,0.38,15,0,1,0,0,1
1,4008.35,878.83,4.561,9,0,1,0,0,1
1,3699.88,787.17,4.7,5,1,1,0,0,1
0,1390.57,1106.62,1.257,9,0,0,0,0,0
1,356.01,1073.52,0.332,9,0,1,1,1,1
1,2690.31,775.98,3.467,18,0,0,0,0,1
0,3702.88,1498.9,2.47,3,1,0,0,0,0
0,4645.1,895.65,5.186,18,0,0,0,2,0
0,2847.17,1620.18,1.757,2,1,0,0,1,1
0,1270.99,388.21,3.274,16,0,0,0,0,0
0,6582.72,1220.91,5.392,13,0,0,0,1,0
0,1969.63,551.88,3.569,9,0,1,0,1,1
0,987.92,831.05,1.189,5,1,0,0,0,0
0,1429.6,1684.22,0.849,15,0,0,0,0,0
0,186.84,349.46,0.535,8,0,0,1,0,0
0,1426.65,706.15,2.02,20,0,0,0,0,0
1,4424.74,2470.23,1.791,11,0,0,0,1,1
0,2812.19,414.94,6.777,11,0,0,0,0,1
0,13054.18,7332.56,1.78,13,0,1,0,0,0
0,1284.51,4376.34,0.294,1,1,1,0,0,1
0,3406.73,948.54,3.592,9,0,0,0,0,0
1,5067.29,728.88,6.952,3,1,0,1,1,1
1,38014.16,1775.34,21.412,5,1,0,0,3,1
0,2182.43,402.33,5.424,22,1,0,0,0,0
1,465.24,244.22,1.905,12,0,0,0,0,1
0,5444.21,979.07,5.561,22,1,0,0,2,1
0,20444.02,1312.06,15.582,13,0,0,0,0,0
0,1188.78,1611.6,0.738,3,1,1,0,0,1
1,5395.96,851.27,6.339,9,0,0,0,0,1
0,8931.56,4658.98,1.917,9,0,0,0,0,0
0,6783.07,385.44,17.598,4,1,0,0,1,0
1,2128.61,531.43,4.005,3,1,0,0,1,1
0,729.23,2293.82,0.318,11,0,1,0,0,1
0,1626.75,520.36,3.126,21,0,0,0,0,0
1,3281.91,502.56,6.53,13,0,1,0,1,1
0,5888.1,1654.11,3.56,6,0,0,0,0,0
0,2790.93,573.54,4.866,1,1,0,0,0,1
0,1103.36,1313.2,0.84,13,0,0,0,0,0
0,3721.91,788.5,4.72,9,0,0,0,0,0
0,5530.93,681.64,8.114,15,0,0,0,0,0
0,2961.62,223.17,13.271,2,1,0,0,0,1
0,609.69,1678.42,0.363,7,0,0,0,0,0
0,1428.2,481.8,2.964,22,1,0,1,0,1
1,6199.15,1272.3,4.872,16,0,0,1,0,0
1,299.49,933.65,0.321,3,1,0,0,0,0
0,118.97,1229.23,0.097,20,0,0,0,0,0
0,12842.4,1293.74,9.927,18,0,0,0,0,0
1,3515.16,1762.11,1.995,14,0,0,0,0,0
0,3978.85,768.94,5.174,19,0,0,0,0,1
0,445.92,4529.77,0.098,9,0,0,0,1,0
1,4716.33,280.72,16.801,9,0,1,0,0,1
1,2585.89,1207.21,2.142,22,1,1,0,2,1
1,230.53,3141.98,0.073,23,1,0,1,0,0
1,11516.87,2273.54,5.066,11,0,1,1,0,1
0,2222.28,615.63,3.61,8,0,0,1,0,0
0,1080.4,715.21,1.511,14,0,0,0,1,0
0,1106.12,598.18,1.849,17,0,0,0,1,0
0,131.66,2538.44,0.052,19,0,0,0,0,0
0,3910.18,760.57,5.141,0,1,0,0,0,0
1,2541.26,1862.38,1.365,2,1,1,0,0,1
1,1404.86,1877.83,0.748,7,0,0,0,1,0
0,9528.39,12475.9,0.764,6,0,0,0,2,0
1,299.16,1962.41,0.152,14,0,1,0,0,1
1,832.3,713.35,1.167,7,0,0,1,1,1
0,598.84,397.77,1.505,14,0,0,0,0,0
0,1258.36,1154.86,1.09,21,0,0,0,1,0
0,1973.79,1329.85,1.484,4,1,0,0,0,0
0,3162.18,202.43,15.621,11,0,0,0,0,0
0,1151.63,778.63,1.479,11,0,0,0,1,0
0,577.92,1934.53,0.299,8,0,0,0,0,0
0,16184.5,916.79,17.653,20,0,0,0,0,0
0,41569.93,3539.57,11.744,8,0,0,0,2,0
1,2178.24,364.12,5.982,14,0,0,0,1,1
0,675.99,2722.2,0.248,14,0,0,0,2,0
